symbol,bar_time,high,low,open,close,volume,volume_average,ema_9,ema_20,vwap,macd,histogram,signal_line
BCDA,2026-06-05 10:18:00,1.36,1.34,1.3547,1.345,152495.0,661841.8,1.3641851016837157,1.3825096031189799,1.4208334449772861,-0.017030165342198478,0.0004669255314859455,-0.017497090873684423
BCDA,2026-06-05 10:17:00,1.37,1.34,1.3611,1.35,200733.0,697825.05,1.3689813771046444,1.386457982394662,1.4209430389457232,-0.01590308890475267,0.0009066435732256115,-0.016809732477978283
BCDA,2026-06-05 10:16:00,1.39,1.35,1.3891,1.365,259739.0,744704.35,1.3737267213808053,1.3902956647519948,1.4210778374946753,-0.01474230277688826,0.0012383890783655045,-0.015980691855253765
BCDA,2026-06-05 10:15:00,1.44,1.36,1.41,1.385,806597.0,796204.65,1.3759084017260066,1.3929583663048366,1.421214262392693,-0.014573556806023236,0.0004219858637857961,-0.014995542669809032
BCDA,2026-06-05 10:14:00,1.42,1.37,1.3776,1.4,425167.0,825223.15,1.3736355021575082,1.3937960890737666,1.4214265261953787,-0.016182560213304553,-0.002480627972963372,-0.013701932240341181
BCDA,2026-06-05 10:13:00,1.38,1.36,1.36,1.37,226293.0,929118.65,1.367044377696885,1.3931430458183736,1.4215326583616394,-0.01952812368640444,-0.00755216514599915,-0.011975958540405292
BCDA,2026-06-05 10:12:00,1.37,1.32,1.3427,1.365,286145.0,1106497.25,1.3663054721211063,1.3955791559045183,1.4216504962420078,-0.0204596883566317,-0.011766851200287833,-0.008692837156343867
BCDA,2026-06-05 10:11:00,1.36,1.34,1.3566,1.3425,169150.0,1196027.9,1.3666318401513826,1.3987980144207832,1.4218534385922468,-0.02084201725053414,-0.017073819524444228,-0.0037681977260899096
BCDA,2026-06-05 10:10:00,1.38,1.31,1.315,1.36,408354.0,1379890.1,1.3726648001892283,1.4047241212019181,1.421981113921217,-0.018735942242380288,-0.02169848838631522,0.002962546143934934
BCDA,2026-06-05 10:09:00,1.38,1.31,1.3701,1.31,633106.0,1583102.2,1.3758310002365353,1.409431923433699,1.4222807495044645,-0.017557120072083876,-0.027272962468231653,0.009715842396147778
BCDA,2026-06-05 10:08:00,1.4,1.36,1.3691,1.3711,379042.0,1786918.25,1.392288750295669,1.4198984416898777,1.4228585257762498,-0.010706228937311657,-0.027835167306986326,0.01712893836967467
BCDA,2026-06-05 10:07:00,1.375,1.35,1.36,1.365,144545.0,1929477.1,1.3975859378695858,1.4250351197624962,1.4230374354524653,-0.008027364558932382,-0.03150560733226894,0.023478242773336558
BCDA,2026-06-05 10:06:00,1.39,1.35,1.3838,1.3601,547644.0,2016226.45,1.4057324223369823,1.4313546060532853,1.423126457281898,-0.003870306904216303,-0.034284079322533856,0.030413772418317556
BCDA,2026-06-05 10:05:00,1.39,1.33,1.34,1.38,516126.0,2032082.85,1.417140527921228,1.4388550909009996,1.4234470331037,0.0019908147845917323,-0.03629998484238668,0.038290799626978414
BCDA,2026-06-05 10:04:00,1.35,1.2802,1.309,1.3374,722713.0,2137424.0,1.4264256599015348,1.4450503636274206,1.4237526906902085,0.0074165982523490825,-0.03878939336072567,0.04620599161307475
BCDA,2026-06-05 10:03:00,1.35,1.28,1.3402,1.3091,1038692.0,2224083.4,1.4486820748769185,1.4563819808513596,1.424521461240125,0.018571447722070644,-0.03637049370353245,0.054941941425603096
BCDA,2026-06-05 10:02:00,1.52,1.26,1.5189,1.35,2204993.0,2262622.9,1.4835775935961482,1.471885347256766,1.425751870028409,0.03542041635110338,-0.02937189904074429,0.06479231539184767
BCDA,2026-06-05 10:01:00,1.57,1.51,1.5422,1.5189,1059816.0,2230290.7,1.5169719919951852,1.4847153838101097,1.4269294426523713,0.05224625752705303,-0.02221209746287954,0.07445835498993257
BCDA,2026-06-05 10:00:00,1.6,1.5,1.5576,1.5402,1451010.0,2226705.65,1.5164899899939814,1.4811170031585423,1.425692482864041,0.0557651128821437,-0.02486912829393531,0.08063424117607901
BCDA,2026-06-05 09:59:00,1.57,1.47,1.475,1.55,1604476.0,2226831.5,1.5105624874924766,1.4748977403331256,1.4237279408701609,0.05727659571162835,-0.028549464365338673,0.08582606007696703
BCDA,2026-06-05 09:58:00,1.48,1.43,1.44,1.4701,872160.0,2191807.6,1.5007031093655956,1.4669922393155599,1.4217858196011983,0.0573748651309105,-0.032317577873383616,0.08969244300429412
BCDA,2026-06-05 09:57:00,1.51,1.43,1.5077,1.43,1138319.0,2206690.7,1.5083538867069946,1.4666651066119347,1.421402060038008,0.06480102187870873,-0.027667120406099255,0.09246814228480799
BCDA,2026-06-05 09:56:00,1.54,1.4701,1.5,1.51,1289745.0,2172069.4,1.527942358383743,1.4705245915184542,1.4209341226359293,0.07741984708220828,-0.01670782688134323,0.09412767396355151
BCDA,2026-06-05 09:55:00,1.53,1.42,1.4299,1.51,1386967.0,2116574.85,1.5324279479796787,1.4663692853625019,1.4196249946908748,0.08425449529347895,-0.00918951980561307,0.09344401509909202
BCDA,2026-06-05 09:54:00,1.52,1.37,1.4778,1.4281,2503077.0,2054679.05,1.5380349349745983,1.4617765785585546,1.4185061685901292,0.09175247180614088,-0.0003630007085491799,0.09211547251469006
BCDA,2026-06-05 09:53:00,1.72,1.44,1.71,1.475,3773865.0,1948733.8,1.5655186687182479,1.4653214815647182,1.417858382528192,0.10832694405603127,0.01782271317150466,0.09050423088452661
BCDA,2026-06-05 09:52:00,1.74,1.65,1.65,1.7,2076758.0,1775182.1,1.58814833589781,1.464302690150478,1.4116133992260884,0.1231310603596214,0.03689963134237939,0.08623142901724201
BCDA,2026-06-05 09:51:00,1.8,1.5601,1.695,1.66,3846394.0,1689011.25,1.5601854198722622,1.439492447008423,1.4036944132742533,0.11732640792733706,0.039489464786205145,0.07783694314113192
BCDA,2026-06-05 09:50:00,1.8,1.635,1.7443,1.695,4472596.0,1533776.3,1.5352317748403277,1.4162811256408885,1.3890662811592407,0.11228372198027814,0.04303518725761599,0.06924853472266215
BCDA,2026-06-05 09:49:00,1.76,1.55,1.5712,1.7443,4709427.0,1335498.8,1.4952897185504097,1.386942296760982,1.3674605425322421,0.10065056686995533,0.04073616121556058,0.059914405654394744
BCDA,2026-06-05 09:48:00,1.59,1.48,1.49,1.5797,3230219.0,1101844.3,1.4330371481880122,1.3493256964200326,1.3432518269952474,0.07931878610194376,0.029579666237534885,0.049739119864408876
BCDA,2026-06-05 09:47:00,1.5,1.41,1.4116,1.4883,1879532.0,944120.9,1.3963714352350152,1.3250757697274043,1.3318406094483635,0.06769722176019899,0.026011926593036208,0.04168529516716278
BCDA,2026-06-05 09:46:00,1.46,1.39,1.4598,1.4102,864772.0,857827.45,1.3733892940437689,1.307894271803973,1.3273835742710403,0.0611853745929507,0.02673006845391654,0.034455306139034164
BCDA,2026-06-05 09:45:00,1.49,1.34,1.4692,1.455,2622949.0,817861.55,1.364186617554711,1.2971252477833386,1.3259459731455725,0.059935920578129354,0.03216868165560566,0.027767238922523692
BCDA,2026-06-05 09:44:00,1.5099,1.36,1.38,1.4689,2455901.0,694202.3,1.3414832719433885,1.2805068528131638,1.3208912113738553,0.05290791315443921,0.03242924996450844,0.020478663189930774
BCDA,2026-06-05 09:43:00,1.44,1.38,1.39,1.3801,1809482.0,575864.55,1.3096290899292353,1.2606759952145494,1.3148148741441568,0.041752777669591845,0.02845271755606458,0.013300060113527268
BCDA,2026-06-05 09:42:00,1.41,1.32,1.32,1.39,1558349.0,498976.45,1.2920113624115441,1.248105047342397,1.3116591564969793,0.035948909793738215,0.028068748380188975,0.007880161413549238
BCDA,2026-06-05 09:41:00,1.36,1.31,1.35,1.3251,988115.0,425525.85,1.26751420301443,1.2331687365363333,1.3096274814444646,0.027010170653375853,0.024508637847551286,0.0025015328058245693
BCDA,2026-06-05 09:40:00,1.35,1.27,1.3298,1.345,1453527.0,381389.1,1.2531177537680374,1.2234917614348948,1.309156598348181,0.021816213850173405,0.023259126681848603,-0.0014429128316751994
BCDA,2026-06-05 09:39:00,1.33,1.26,1.285,1.325,903998.0,318132.75,1.2301471922100466,1.2107014205333049,1.3087512915910327,0.012843327692628748,0.0175645915978076,-0.004721263905178851
BCDA,2026-06-05 09:38:00,1.31,1.24,1.2479,1.29,1169822.0,279945.5,1.2064339902625583,1.1986699911157581,1.308828433364953,0.003240213685106186,0.010221819222855404,-0.006981605537749219
BCDA,2026-06-05 09:37:00,1.25,1.17,1.1748,1.2499,445893.0,237445.35,1.1855424878281977,1.1890563059700485,1.3096165594803255,-0.005500345847187615,0.002737454202856881,-0.008237800050044496
BCDA,2026-06-05 09:36:00,1.19,1.16,1.175,1.1717,179854.0,241073.7,1.169453109785247,1.1826517065984747,1.310525486358266,-0.012493564074265384,-0.004220532645417168,-0.008273031428848216
BCDA,2026-06-05 09:35:00,1.18,1.14,1.145,1.17,149051.0,256307.1,1.1688913872315585,1.1838045178193668,1.3111082662360614,-0.013275547133928312,-0.006323684677119523,-0.006951862456808788
BCDA,2026-06-05 09:34:00,1.2,1.14,1.19,1.145,384172.0,268870.15,1.168614234039448,1.1852576249582476,1.3116325016255912,-0.013907452099040984,-0.00841559765480502,-0.005491854444235964
BCDA,2026-06-05 09:33:00,1.195,1.14,1.145,1.185,302831.0,259929.7,1.17451779254931,1.1894952696906946,1.3130163801899601,-0.011966247860343948,-0.008338584152152507,-0.003627663708191441
BCDA,2026-06-05 09:32:00,1.16,1.1063,1.1097,1.1444,353341.0,250960.2,1.1718972406866373,1.1899684559739256,1.3140398961729622,-0.013387238117711364,-0.01133373781503888,-0.002053500302672484
BCDA,2026-06-05 09:31:00,1.18,1.08,1.165,1.1085,741695.0,236995.65,1.1787715508582965,1.1947651355501283,1.3155674271140103,-0.010872396764493475,-0.011272031091691935,0.00039963432719846
BCDA,2026-06-05 09:30:00,1.22,1.16,1.2,1.165,507046.0,204407.35,1.1963394385728705,1.2038456761343523,1.319120439487142,-0.0038491280298118546,-0.0071855645630641025,0.0033364365332522483
BCDA,2026-06-05 09:29:00,1.2,1.18,1.18,1.2,36337.0,182817.65,1.2041742982160881,1.2079346946748104,1.3208748243411799,-0.0005816231643847036,-0.005879128971869996,0.005297505807485292
BCDA,2026-06-05 09:28:00,1.21,1.18,1.2,1.1801,75751.0,183533.4,1.2052178727701102,1.2087699256932114,1.320991590992384,3.372483715158303e-05,-0.006886531527195456,0.006920256364347039
BCDA,2026-06-05 09:27:00,1.22,1.19,1.21,1.21,153663.0,182234.75,1.2114973409626375,1.2117878126082864,1.3212420110988352,0.0028448239251177565,-0.005897339421051424,0.00874216334616918
BCDA,2026-06-05 09:26:00,1.21,1.2,1.21,1.21,65454.0,177144.9,1.2118716762032968,1.2119760034091587,1.3216881769331148,0.0033470656857568226,-0.006891261811973613,0.010238327497730435
BCDA,2026-06-05 09:25:00,1.21,1.18,1.1803,1.21,149764.0,176810.55,1.212339595254121,1.2121840037680176,1.3218792819368725,0.003939424213906806,-0.007607106421142262,0.011546530635049068
BCDA,2026-06-05 09:24:00,1.19,1.18,1.1898,1.1898,89146.0,178610.5,1.2129244940676511,1.2124138989014932,1.3223443840045632,0.004638188383088604,-0.007686095224860563,0.012324283607949167
BCDA,2026-06-05 09:23:00,1.22,1.17,1.21,1.19,271720.0,177462.55,1.2187056175845639,1.2147943093121767,1.3226534294209424,0.007519328273453585,-0.005394388640154209,0.012913716913607794
BCDA,2026-06-05 09:22:00,1.23,1.21,1.2201,1.2101,89337.0,166915.75,1.2258820219807047,1.2174042366081954,1.323557100608399,0.011066974776814398,-0.0019591647645451887,0.013026139541359586
BCDA,2026-06-05 09:21:00,1.23,1.21,1.21,1.23,105380.0,165299.55,1.229827527475881,1.2181731036195844,1.3238031693781818,0.013387542135259611,0.0009026704494236402,0.012484871685835971
BCDA,2026-06-05 09:20:00,1.25,1.21,1.24,1.21,188400.0,167747.4,1.2297844093448513,1.216928167158488,1.3240768203031132,0.014128520223525953,0.002559317441241188,0.011569202782284765
BCDA,2026-06-05 09:19:00,1.25,1.22,1.23,1.2413,140253.0,166243.45,1.234730511681064,1.217657447912013,1.3245697907339906,0.016905135598389576,0.00599415074195549,0.010910984856434085
BCDA,2026-06-05 09:18:00,1.2598,1.21,1.2502,1.2203,319819.0,166043.15,1.23308813960133,1.2151687582185406,1.3248895905253895,0.017016304522692982,0.007277241234983814,0.009739063287709168
BCDA,2026-06-05 09:17:00,1.29,1.24,1.29,1.26,518460.0,158899.1,1.2362851745016625,1.2146286275047027,1.3256870600308632,0.019048868429383026,0.010334995652364556,0.00871387277701847
BCDA,2026-06-05 09:16:00,1.29,1.25,1.25,1.29,484522.0,149544.25,1.230356468127078,1.209852693557829,1.3265486113413039,0.01732390282040397,0.010285357818433757,0.007038545001970212
BCDA,2026-06-05 09:15:00,1.26,1.23,1.24,1.26,400312.0,140949.25,1.2154455851588475,1.201416134984969,1.3272011478109016,0.011815689947555663,0.0067218997178878585,0.005093790229667805
BCDA,2026-06-05 09:14:00,1.24,1.21,1.21,1.2395,205363.0,125061.55,1.2043069814485592,1.195249412351808,1.3280446567615072,0.00766788820879194,0.0037954542514358515,0.0038724339573560883
BCDA,2026-06-05 09:13:00,1.2196,1.19,1.19,1.2196,123441.0,119168.55,1.1955087268106988,1.1905914557572617,1.3285982518632387,0.004349524706460217,0.0010458471477697824,0.0033036775586904347
BCDA,2026-06-05 09:12:00,1.2,1.18,1.1895,1.19,74050.0,116859.8,1.1894859085133733,1.1875379247843418,1.329002358120289,0.0020770022041172176,-0.0010353081402307003,0.003112310344347918
BCDA,2026-06-05 09:11:00,1.2,1.18,1.2,1.18,89929.0,117809.25,1.1893573856417168,1.1872787589721674,1.3292864221819012,0.0021600443599756325,-0.0011750004480067925,0.003335044807982425
BCDA,2026-06-05 09:10:00,1.2,1.19,1.195,1.19,75252.0,122251.0,1.1916967320521459,1.1880449441271324,1.3296412581944048,0.0032527993391262555,-0.0003406521587689601,0.0035934514978952156
BCDA,2026-06-05 09:09:00,1.2,1.19,1.2,1.1999,50652.0,131107.5,1.1921209150651824,1.1878391487720936,1.3299256339087897,0.0035820567948550153,-8.078560385248092e-05,0.003662842398707496
BCDA,2026-06-05 09:08:00,1.2,1.18,1.19,1.1972,49778.0,139357.25,1.190176143831478,1.1865695854849456,1.3301130752177277,0.002942206394060065,-0.0006439263195211911,0.0035861327135812563
BCDA,2026-06-05 09:07:00,1.19,1.18,1.19,1.1898,51866.0,154031.1,1.1884201797893472,1.1854505944833609,1.3303036550176486,0.0023576379713139417,-0.0010175587127713433,0.003375196684085285
BCDA,2026-06-05 09:06:00,1.19,1.17,1.18,1.18,58767.0,175768.25,1.188075224736684,1.1849927623237146,1.3305111661953026,0.00233067772306228,-0.0006940648204957732,0.003024742543558053
BCDA,2026-06-05 09:05:00,1.2,1.15,1.2,1.17,185763.0,185855.8,1.190094030920855,1.1855183162525267,1.3307578293728515,0.0032601840575035013,0.0007081911549529822,0.002551992902550519
BCDA,2026-06-05 09:04:00,1.2,1.19,1.19,1.2,66187.0,183775.75,1.1951175386510688,1.1871518232264768,1.331577594169437,0.0054173331017179915,0.00366424438520156,0.0017530887165164316
BCDA,2026-06-05 09:03:00,1.2,1.19,1.2,1.2,60784.0,189272.55,1.1938969233138361,1.185799383566106,1.3318283690812844,0.005037296673035652,0.004759298670651072,0.0002779980023845793
BCDA,2026-06-05 09:02:00,1.2,1.19,1.1902,1.2,57013.0,195304.9,1.192371154142295,1.1843045818362223,1.3320594952922125,0.0044789622251824035,0.005725739775940595,-0.0012467775507581914
BCDA,2026-06-05 09:01:00,1.21,1.19,1.1996,1.1905,154337.0,211095.25,1.1904639426778687,1.1826524325558245,1.332277002150023,0.0037011758975562525,0.006604471420254083,-0.0029032955226978305
BCDA,2026-06-05 09:00:00,1.22,1.19,1.22,1.19,158321.0,213745.25,1.1904549283473358,1.1818263728248588,1.332868597781315,0.00362187515360346,0.0081277652761155,-0.004505890122512041
BCDA,2026-06-05 08:59:00,1.22,1.21,1.22,1.21,136247.0,211389.65,1.1905686604341699,1.1809659910169492,1.333466606253355,0.003518885838178498,0.00980177163600475,-0.0062828857978262515
BCDA,2026-06-05 08:58:00,1.22,1.17,1.2,1.21,176938.0,225390.85,1.1857108255427122,1.1779097795450493,1.3339337194180105,0.0012998865906630463,0.00962372004489161,-0.008323833454228564
BCDA,2026-06-05 08:57:00,1.23,1.2,1.22,1.2,331363.0,225004.3,1.1796385319283904,1.174531861602423,1.3346134572497623,-0.0015512707993028396,0.009075469985116751,-0.010626740784419591
BCDA,2026-06-05 08:56:00,1.22,1.18,1.18,1.21,312622.0,226310.45,1.1745481649104879,1.1718510049289939,1.3358092251735632,-0.004149638656324006,0.008786727012069092,-0.012936365668393098
BCDA,2026-06-05 08:55:00,1.19,1.16,1.1601,1.18,82558.0,225849.7,1.1656852061381098,1.1678353212373092,1.337019499854527,-0.008423924340648092,0.007385328537607705,-0.015809252878255797
BCDA,2026-06-05 08:54:00,1.17,1.16,1.1687,1.16,87503.0,237942.25,1.1621065076726371,1.1665548287359733,1.3374073039651446,-0.010702391896412422,0.007753647887838985,-0.018456039784251407
BCDA,2026-06-05 08:53:00,1.17,1.16,1.1607,1.17,77266.0,255569.0,1.1626331345907963,1.167244810708181,1.3378546545836925,-0.011418510240003954,0.009560867889220049,-0.020979378129224003
BCDA,2026-06-05 08:52:00,1.17,1.16,1.1687,1.16,93039.0,317135.95,1.1607914182384955,1.1669547907827262,1.3382440040801744,-0.013184632049605849,0.010732010006533822,-0.02391664205613967
BCDA,2026-06-05 08:51:00,1.1901,1.13,1.15,1.1687,178764.0,353956.0,1.1609892727981195,1.1676868740230133,1.3387243457562168,-0.014228887420412617,0.012342226405870727,-0.026571113826283344
BCDA,2026-06-05 08:50:00,1.19,1.13,1.18,1.15,252382.0,383068.8,1.1590615909976492,1.1675802291833304,1.3396568338583836,-0.01624058954940022,0.01279699547855494,-0.02903758502795516
BCDA,2026-06-05 08:49:00,1.2,1.17,1.1701,1.19,215647.0,396647.85,1.1613269887470614,1.169430779623681,1.341037591257869,-0.016668026236953182,0.014263792918304968,-0.03093181915525815
BCDA,2026-06-05 08:48:00,1.21,1.15,1.2,1.17,343255.0,396238.05,1.1541587359338266,1.1672655985314369,1.3420393179475738,-0.02104387413652864,0.012127274359562158,-0.0331711484960908
BCDA,2026-06-05 08:47:00,1.21,1.16,1.1697,1.2,486609.0,393998.1,1.1501984199172832,1.1669777667979038,1.3437652751574312,-0.024286590922728335,0.010490973751880087,-0.03477756467460842
BCDA,2026-06-05 08:46:00,1.17,1.13,1.1404,1.1602,260518.0,382835.2,1.137748024896604,1.1635017422503147,1.3460744748047992,-0.031126762661874308,0.005446016711583075,-0.03657277937345738
BCDA,2026-06-05 08:45:00,1.15,1.13,1.1487,1.1402,144162.0,387348.05,1.1321350311207552,1.1638492940661374,1.3476361505803196,-0.03535219258839328,0.0021740183714153635,-0.03752621095980865
BCDA,2026-06-05 08:44:00,1.15,1.1,1.11,1.1499,176123.0,394035.0,1.130118788900944,1.1663386934415203,1.348571331265331,-0.03819480034786471,-0.00040658260553862874,-0.03778821774232608
BCDA,2026-06-05 08:43:00,1.11,1.09,1.0903,1.1,181431.0,395652.85,1.12517348612618,1.1680690822248383,1.3497627942618058,-0.04225507715580279,-0.004664668065093379,-0.03759040909070941
BCDA,2026-06-05 08:42:00,1.12,1.07,1.1004,1.09,372820.0,401641.15,1.131466857657725,1.175234248774821,1.3511949846219111,-0.04174212025021373,-0.006148112071715513,-0.03559400817849822
BCDA,2026-06-05 08:41:00,1.13,1.1,1.13,1.1002,207337.0,413850.55,1.141833572072156,1.1842062749616444,1.3542696312277245,-0.039462060777986085,-0.007046143418114582,-0.0324159173598715
BCDA,2026-06-05 08:40:00,1.14,1.12,1.1395,1.13,111209.0,431993.65,1.152241965090195,1.1930490407470806,1.3558997769574301,-0.037016427622117654,-0.008562304977800531,-0.028454122644317122
BCDA,2026-06-05 08:39:00,1.17,1.09,1.1699,1.13,416271.0,492066.5,1.1578024563627436,1.1996857818783524,1.356711508065536,-0.03639067144685115,-0.012438261094102405,-0.023952410352748747
BCDA,2026-06-05 08:38:00,1.17,1.16,1.17,1.1602,169207.0,494635.6,1.1647530704534295,1.2070211273392317,1.3598024241472453,-0.035062660162102244,-0.016025189567641776,-0.019037470594460468
BCDA,2026-06-05 08:37:00,1.17,1.14,1.15,1.1607,357486.0,542971.4,1.1658913380667868,1.211949667059151,1.3608969251303131,-0.03593254161084669,-0.02174599773874309,-0.014186543872103602
BCDA,2026-06-05 08:36:00,1.16,1.12,1.13,1.14,303407.0,551341.55,1.1671891725834835,1.217344368854851,1.363327322035591,-0.03657108060017733,-0.027693430908001422,-0.008877649692175908
BCDA,2026-06-05 08:35:00,1.14,1.07,1.0702,1.13,324409.0,571945.5,1.1739864657293544,1.225485881365888,1.36560858718535,-0.0347465091923751,-0.03174660984497086,-0.0029998993474042368
BCDA,2026-06-05 08:34:00,1.11,1.07,1.1,1.08,440038.0,597842.2,1.1849830821616931,1.2355370267728236,1.3683943574910586,-0.03089410700725459,-0.034191019666169706,0.0032969126589151194
BCDA,2026-06-05 08:33:00,1.14,1.04,1.1398,1.1001,1308605.0,666564.45,1.2112288527021164,1.2519093453804893,1.3726783801644924,-0.020436763025413196,-0.031021328319577553,0.010584565294164358
BCDA,2026-06-05 08:32:00,1.1705,1.13,1.1701,1.1398,829440.0,646780.25,1.2390110658776454,1.2678892764731724,1.3859073775534951,-0.008838672880947751,-0.026442975679824204,0.017604302798876453
BCDA,2026-06-05 08:31:00,1.27,1.16,1.26,1.17,761020.0,651659.35,1.263813832347057,1.2813723582071905,1.3933086267378385,0.0020510883271651625,-0.022091782502671187,0.02414287082983635
BCDA,2026-06-05 08:30:00,1.28,1.21,1.28,1.2603,523963.0,637811.45,1.2872672904338212,1.293095764334263,1.3989583178699299,0.012845640438943429,-0.017956249809045744,0.030801890247989173
BCDA,2026-06-05 08:29:00,1.28,1.26,1.28,1.28,207451.0,657347.35,1.2940091130422764,1.2965479500536592,1.4020152039958822,0.01724238672795586,-0.019416285052565485,0.036658671780521346
BCDA,2026-06-05 08:28:00,1.32,1.26,1.31,1.2799,298456.0,682338.6,1.2975113913028453,1.2982898395329916,1.4030700375285565,0.02059761727534304,-0.022602961849489553,0.04320057912483259
BCDA,2026-06-05 08:27:00,1.32,1.29,1.3,1.3001,263351.0,713700.6,1.3019142391285565,1.3002256121154119,1.4044595850546453,0.02459069165000316,-0.025626559980762846,0.050217251630766006
BCDA,2026-06-05 08:26:00,1.32,1.26,1.26,1.2905,350775.0,774684.0,1.3023677989106957,1.3002388344433498,1.4055354465536212,0.0272728965187512,-0.030218087389807163,0.05749098390855836
BCDA,2026-06-05 08:25:00,1.3,1.25,1.3,1.27,277901.0,822974.95,1.3053347486383695,1.3012639749110708,1.4071943375696558,0.03127712314731701,-0.033685006153095096,0.0649621293004121
BCDA,2026-06-05 08:24:00,1.3,1.28,1.28,1.29,208480.0,873911.15,1.3141684357979617,1.304554919638552,1.4087368223478536,0.038020305161997614,-0.03432389752752597,0.07234420268952359
BCDA,2026-06-05 08:23:00,1.3,1.24,1.2498,1.2897,301197.0,973375.45,1.3202105447474521,1.3060870164426102,1.409772196000748,0.04403767122201607,-0.03491161370564111,0.07894928492765718
BCDA,2026-06-05 08:22:00,1.3,1.23,1.29,1.2496,617008.0,1063760.8,1.327838180934315,1.307811965541832,1.411471715430347,0.05110801595720993,-0.03449688130695966,0.08560489726416959
BCDA,2026-06-05 08:21:00,1.34,1.27,1.28,1.2996,570199.0,1149515.8,1.3473977261678933,1.313939540862025,1.4155404514985064,0.0634718666416616,-0.028928740953632265,0.09240060759529387
BCDA,2026-06-05 08:20:00,1.36,1.21,1.36,1.2799,1312666.0,1177381.05,1.3593471577098664,1.315448966215922,1.4183975468965366,0.07323849981866482,-0.02447544396353457,0.09771394378219939
BCDA,2026-06-05 08:19:00,1.39,1.35,1.3503,1.358,467653.0,1111783.95,1.3792089471373328,1.3191909626597034,1.4267992225178368,0.08664480616722336,-0.01673844146882468,0.10338324763604805
BCDA,2026-06-05 08:18:00,1.43,1.3,1.42,1.3598,1135923.0,1088414.7,1.3845111839216657,1.315105800834409,1.4281768008646856,0.09454383999876881,-0.013777789035020624,0.10832162903378943
BCDA,2026-06-05 08:17:00,1.45,1.405,1.4492,1.42,524889.0,1031768.55,1.390688979902082,1.3104011482906626,1.4319572247224377,0.10306742368923216,-0.009943323805263832,0.113010747494496
BCDA,2026-06-05 08:16:00,1.48,1.41,1.45,1.4497,715486.0,1005575.65,1.3833612248776024,1.298864427058101,1.4321496359886314,0.10631799889139848,-0.010172820646560207,0.11649081953795869
BCDA,2026-06-05 08:15:00,1.47,1.35,1.3502,1.44,842343.0,969921.45,1.3667765310970028,1.2829869983273747,1.4315848382438563,0.1058964712564705,-0.01372981417317791,0.11962628542964841
BCDA,2026-06-05 08:14:00,1.54,1.33,1.39,1.3596,1814483.0,927834.3,1.3484706638712534,1.2664593139407827,1.4321449851618162,0.10480577276597747,-0.017640225987461094,0.12244599875343856
BCDA,2026-06-05 08:13:00,1.42,1.35,1.4102,1.39,912921.0,837125.15,1.3456883298390667,1.2566550311977074,1.4347351353871642,0.11007537908878828,-0.01582218266858121,0.1258975617573695
BCDA,2026-06-05 08:12:00,1.44,1.2995,1.3,1.4099,927022.0,791484.1,1.3346104122988334,1.242618718692203,1.437721623218611,0.11210494382679359,-0.015295250377506231,0.12740019420429982
BCDA,2026-06-05 08:11:00,1.33,1.26,1.27,1.2901,484062.0,745150.95,1.3157880153735415,1.2250101627650667,1.4413974810287207,0.11103860727309445,-0.014391166288174356,0.1254297735612688
BCDA,2026-06-05 08:10:00,1.41,1.25,1.36,1.27,914681.0,721237.75,1.3222100192169268,1.2181586009508631,1.446792186871479,0.1202602852387642,-1.2368864104286836e-05,0.12027265410286848
BCDA,2026-06-05 08:09:00,1.45,1.35,1.38,1.36,707276.0,675737.9,1.3352625240211584,1.2127016115772697,1.4569087243616343,0.13232780460238214,0.020973177132560125,0.11135462746982201
BCDA,2026-06-05 08:08:00,1.45,1.3,1.33,1.3797,925696.0,640399.1,1.3290781550264479,1.1971965180590876,1.4611692293460867,0.1366419430686383,0.03613111871910202,0.10051082434953629
BCDA,2026-06-05 08:07:00,1.41,1.21,1.4,1.34,1483019.0,594124.3,1.3164226937830596,1.1779856252232022,1.4684646310354823,0.13815501517547957,0.04898290748596992,0.08917210768950964
BCDA,2026-06-05 08:06:00,1.5,1.35,1.3503,1.4002,1316594.0,520003.45,1.3105283672288244,1.1609314805098552,1.492262289925083,0.1421188997165681,0.06410470790820855,0.07801419180835956
BCDA,2026-06-05 08:05:00,1.5,1.31,1.4301,1.36,1296625.0,454186.75,1.2881104590360304,1.1357453205635242,1.5047935969141495,0.13898161926222574,0.07313397580685772,0.06584764345536802
BCDA,2026-06-05 08:04:00,1.64,1.31,1.5899,1.44,2197766.0,389360.5,1.2701380737950378,1.1121395648333687,1.527214025432592,0.13704884865668698,0.08288708859990225,0.05416176005678473
BCDA,2026-06-05 08:03:00,1.65,1.51,1.6497,1.59,2108904.0,279645.5,1.2276725922437972,1.0776279400789865,1.5588272733031718,0.12444303819424785,0.08299695046803632,0.04144608772621152
BCDA,2026-06-05 08:02:00,1.65,1.31,1.39,1.65,2332108.0,174222.2,1.1370907403047463,1.0236940390346694,1.5366666666666664,0.09127063228481846,0.06373752558908144,0.027533106695737025
BCDA,2026-06-05 08:01:00,1.4,0.9913,1.06,1.38,1127504.0,57666.8,1.0088634253809328,0.9577670957751608,0.0,0.04149391590900364,0.026823863320868894,0.014670052588134749
