symbol,original_bar_time,collection_status,analysis_status,actual_confirmation_bar_time,expected_confirmation_bar_time,evidence,result,feature_has_positive_more_than_negative_bars,feature_price_minus_vwap_at_entry,feature_histogram_negative_momentum_pct,feature_bars_with_at_least_50_pct_wick_pct,feature_bars_with_lower_volume_average_pct,feature_most_of_bars_with_volume_close_to_entry_point_than_to_market_open,feature_entry_bar_strengh_pct,feature_strong_bars_above_volume_average_pct,feature_high_volume_bars_with_rejection_pct,feature_volume_per_minute_to_bar_volume,feature_bars_with_rejection_inside_entry_bar_range_pct,feature_positive_vs_negative_volume,feature_positive_vs_negative_movement,feature_entry_strength_vs_avg,feature_volume_per_minute_to_bar_volume_above_threshold,feature_volume_before_middle_point_vs_after_middle_point_pct_above_threshold,feature_bars_without_movement_pct_above_threshold,feature_crossed_highest_high_of_the_day,feature_crossed_highest_high_of_post_pre_market,feature_potential_bar_low_close_to_open,feature_volume_average_goes_up_pct,feature_overlapped_bars_since_market_open_pct,feature_previous_bar_is_the_highest_bar
EPSM,2025-11-20 00:00:00,done,done,2025-11-20 11:06:00,2025-11-20 11:06:00,current_day_breaks_highest_high_since_fall,done,True,0.716968556435206,0.42045454545454547,0.3977272727272727,0.3409090909090909,True,0.9230769230769231,1.0,0.3902439024390244,0.11389510652434658,0.041666666666666664,1.3349770578804798,2.363486299108613,3.5159443990188017,False,False,True,False,False,True,0.6590909090909091,0.19318181818181818,False
CYCU,2025-11-14 00:00:00,done,done,2025-11-14 12:42:00,2025-11-14 12:42:00,current_day_breaks_highest_high_since_fall,done,True,0.6046155682947933,0.4945652173913043,0.42934782608695654,0.5,False,0.46153846153846156,1.0,0.359375,0.1664017246209027,0.5,1.3366913137191896,1.407246005297787,3.684350132625991,False,True,True,False,False,True,0.5,0.16304347826086957,False
CATX,2026-01-29 00:00:00,done,done,2026-01-29 12:22:00,2026-01-29 12:22:00,current_day_breaks_highest_high_since_fall,done,True,0.5883059306223353,0.4759036144578313,0.3614457831325301,0.3192771084337349,True,0.8461538461538461,1.0,0.25,0.08777199863704636,0,1.7977982005670614,2.5804446569447776,2.1743929359823357,False,True,True,False,False,True,0.6807228915662651,0.1686746987951807,False
CATX,2026-02-02 00:00:00,done,done,2026-02-02 10:48:00,2026-02-02 10:48:00,current_day_continues_trend,done,True,0.5328922533127045,0.5189873417721519,0.45569620253164556,0.35443037974683544,True,0.6923076923076923,1.0,0.4146341463414634,0.3365269903219852,0.125,1.285201916746971,1.7026062120671255,1.052073015423807,True,True,False,False,False,True,0.6455696202531646,0.20253164556962025,False
BNAI,2026-01-14 00:00:00,done,done,2026-01-14 09:51:00,2026-01-14 09:51:00,current_day_continues_trend,done,True,0.5892238973503723,0.4090909090909091,0.45454545454545453,0.0,True,0.9230769230769231,1.0,0.45454545454545453,0.2885094231030071,0.3333333333333333,2.305452574554652,7.31556082148498,1.299999999999999,True,False,False,False,False,True,1.0,0.5909090909090909,False
BNAI,2026-01-23 00:00:00,done,done,2026-01-23 10:24:00,2026-01-23 10:24:00,current_day_continues_trend,done,True,1.5226445718934194,0.4727272727272727,0.43636363636363634,0.2,True,0.7692307692307693,1.0,0.3448275862068966,0.20684430107526883,0.08333333333333333,1.853871867519711,1.848482816429169,2.4563410612739345,True,True,False,True,False,True,0.8,0.18181818181818182,False
RXT,2026-02-19 00:00:00,done,done,2026-02-19 15:12:00,2026-02-19 15:12:00,current_day_continues_trend,done,False,0.033155871549482185,0.5131195335276968,0.5539358600583091,0.5072886297376094,False,0.3076923076923077,1.0,0.5304347826086957,0.7745982660200009,0,0.879150173192421,0.8977954287566874,1.5232292460015275,True,True,True,False,False,True,0.49271137026239065,0.1661807580174927,False
AEHL,2026-02-26 00:00:00,done,done,2026-02-26 11:36:00,2026-02-26 11:36:00,current_day_breaks_highest_high_since_fall,done,True,1.4069276313177541,0.5196850393700787,0.49606299212598426,0.5984251968503937,False,0.6153846153846154,0.9607843137254902,0.47058823529411764,0.592331870499159,0,1.3221484024121462,1.3731212180363066,2.6848913839394686,True,True,False,False,False,True,0.4015748031496063,0.15748031496062992,False
QCLS,2025-12-04 00:00:00,done,done,2025-12-04 09:43:00,2025-12-04 09:43:00,current_day_continues_trend,done,True,0.5199800216670223,0.5,0.2857142857142857,0.0,True,0.6923076923076923,1.0,0.3076923076923077,0.6061472547420887,0.15384615384615385,1.5691915687000186,3.6372165754495716,1.6794561681541373,True,True,False,True,True,True,1.0,0.5714285714285714,False
BATL,2026-03-05 00:00:00,done,done,2026-03-05 10:10:00,2026-03-05 10:10:00,current_day_breaks_highest_high_since_fall,done,True,2.157911452762601,0.4634146341463415,0.43902439024390244,0.4146341463414634,False,0.5384615384615384,1.0,0.29411764705882354,0.5212963855654001,0.14285714285714285,1.8226715068115926,2.0998092816274645,1.9560492634629276,True,True,False,False,False,True,0.5853658536585366,0.1951219512195122,False
FEED,2026-01-29 00:00:00,done,done,2026-01-29 09:47:00,2026-01-29 09:47:00,current_day_continues_trend,done,True,0.5132375401042713,0.3888888888888889,0.2777777777777778,0.0,True,0.6153846153846154,1.0,0.29411764705882354,0.6102260955772265,0,2.421913498240408,7.625390218522383,1.5024179538945486,True,True,False,False,False,False,1.0,0.4444444444444444,False
MLEC,2026-02-18 00:00:00,done,done,2026-02-18 10:09:00,2026-02-18 10:09:00,current_day_continues_trend,done,True,2.270462016427082,0.4782608695652174,0.43478260869565216,0.043478260869565216,True,0.8461538461538461,1.0,0.3684210526315789,0.23410807004267303,0.16666666666666666,2.3269131338973508,1.9921671018276759,1.73314993122421,True,False,True,False,False,True,0.9565217391304348,0.34782608695652173,False
LRMR,2026-02-25 00:00:00,done,done,2026-02-25 09:57:00,2026-02-25 09:57:00,current_day_continues_trend,done,True,0.37265569995713577,0.4642857142857143,0.17857142857142858,0.10714285714285714,True,0.6923076923076923,1.0,0.16666666666666666,0.5873090406239765,0.14285714285714285,2.2228537336393646,5.089866156787783,0.9777777777777727,True,True,False,False,False,True,0.8928571428571429,0.39285714285714285,False
EDSA,2026-03-06 00:00:00,done,done,2026-03-06 11:12:00,2026-03-06 11:12:00,current_day_breaks_highest_high_since_fall,done,True,0.48153263968902404,0.5,0.3979591836734694,0.4387755102040816,False,0.6153846153846154,1.0,0.4411764705882353,0.2523401584833555,0,1.3031638482479315,1.6189922705875526,1.80157593123209,True,True,False,False,False,True,0.5612244897959183,0.10204081632653061,False
AUST,2026-01-23 00:00:00,done,done,2026-01-23 12:45:00,2026-01-23 12:45:00,current_day_continues_trend,done,True,0.45411194360956486,0.48717948717948717,0.37948717948717947,0.47692307692307695,True,0.9230769230769231,0.9873417721518988,0.379746835443038,0.07977160380251457,0,1.515955031956356,1.59472789820533,1.4197631023851998,False,True,True,False,False,True,0.5230769230769231,0.15897435897435896,False
NAMM,2026-01-22 00:00:00,done,done,2026-01-22 10:30:00,2026-01-22 10:30:00,current_day_continues_trend,done,True,0.5253868475081642,0.45901639344262296,0.5409836065573771,0.2786885245901639,True,0.7692307692307693,1.0,0.5,0.1722047277566392,0.038461538461538464,1.8109791786972014,1.9771346909610528,3.721210902142212,False,True,False,False,False,True,0.7213114754098361,0.18032786885245902,False
MASK,2026-03-31 00:00:00,done,done,2026-03-31 09:54:00,2026-03-31 09:54:00,current_day_breaks_highest_high_since_fall,done,True,0.28115106399128,0.44,0.4,0.04,False,0.6923076923076923,1.0,0.3333333333333333,0.2181532761114793,0.09090909090909091,2.3682286303562696,2.902943237561323,4.094112769485905,True,True,False,True,False,True,0.96,0.36,False
ASPC,2025-12-26 00:00:00,done,done,2025-12-26 12:25:00,2025-12-26 12:25:00,current_day_continues_trend,done,True,9.330616038641327,0.4965034965034965,0.5034965034965035,0.4825174825174825,False,0.6153846153846154,0.9615384615384616,0.4423076923076923,0.36302039353142673,0.3333333333333333,1.13250294482186,1.1744567445674456,3.1130268199233724,True,True,True,False,False,True,0.5174825174825175,0.0979020979020979,False
ACXP,2026-03-19 00:00:00,done,done,2026-03-19 10:12:00,2026-03-19 10:12:00,current_day_continues_trend,done,True,0.34350788622595907,0.5,0.35714285714285715,0.35714285714285715,False,0.7692307692307693,1.0,0.375,0.12848611567918056,0.1,2.1922841736616823,2.0339934968962416,3.698051185724341,False,True,True,False,False,True,0.6428571428571429,0.14285714285714285,False
EDSA,2026-03-09 00:00:00,done,done,2026-03-09 11:08:00,2026-03-09 11:08:00,current_day_continues_trend,done,True,0.972564897053835,0.5353535353535354,0.5656565656565656,0.41414141414141414,True,0.5384615384615384,1.0,0.4473684210526316,0.17126322120548182,0.25,1.318086558201906,1.2195396446850113,2.58067879672593,False,True,False,False,False,True,0.5858585858585859,0.08080808080808081,False
DXST,2026-03-06 00:00:00,done,done,2026-03-06 10:40:00,2026-03-06 10:40:00,current_day_breaks_highest_high_since_fall,done,True,1.3992756741592975,0.4507042253521127,0.49295774647887325,0.323943661971831,True,0.38461538461538464,1.0,0.4878048780487805,0.4387237714911185,0.3333333333333333,1.5996339858944928,2.27341772151899,1.4339339339339345,True,True,False,False,False,False,0.676056338028169,0.30985915492957744,False
QVCGP,2026-02-11 00:00:00,done,done,2026-02-11 10:22:00,2026-02-11 10:22:00,current_day_breaks_highest_high_since_fall,done,True,0.7010580956918795,0.45652173913043476,0.2608695652173913,0.15217391304347827,True,0.6153846153846154,0.9642857142857143,0.21428571428571427,0.22259446573174146,0.14285714285714285,1.4372506002867558,2.216748768472906,1.9702602230483275,True,False,False,False,False,True,0.8478260869565217,0.21739130434782608,False
BIAF,2026-03-17 00:00:00,done,done,2026-03-17 09:35:00,2026-03-17 09:35:00,current_day_continues_trend,done,True,0.2661061870923662,0.5,0.3333333333333333,0.0,True,0.8461538461538461,1.0,0.3333333333333333,0.5467705331538655,0,3.389488807825296,6.652841781874025,1.6045915252167544,True,True,False,True,True,True,1.0,0.5,False
MLEC,2026-01-15 00:00:00,done,done,2026-01-15 11:59:00,2026-01-15 11:59:00,current_day_breaks_highest_high_since_fall,done,False,1.5687339695010234,0.5,0.39705882352941174,0.23529411764705882,True,0.8461538461538461,0.9705882352941176,0.3235294117647059,0.033496477200759975,0,1.6365867590876457,2.0778816199376937,1.6222222222222233,False,False,True,False,False,True,0.75,0.10294117647058823,False
FEED,2026-01-30 00:00:00,done,done,2026-01-30 09:57:00,2026-01-30 09:57:00,current_day_continues_trend,done,True,0.4373452992330433,0.35714285714285715,0.42857142857142855,0.17857142857142858,False,0.5384615384615384,1.0,0.375,0.44186794131684537,0.1111111111111111,2.445940595979857,1.487607807535183,1.3569202934968319,True,True,False,False,False,False,0.8214285714285714,0.21428571428571427,False
BNAI,2026-01-28 00:00:00,done,done,2026-01-28 10:42:00,2026-01-28 10:42:00,current_day_continues_trend,done,True,13.815990124174448,0.4794520547945205,0.4520547945205479,0.410958904109589,False,0.9230769230769231,1.0,0.3333333333333333,0.30630145002227915,0.058823529411764705,1.6139263139274593,1.6957180673712282,2.8949577524458103,True,True,False,False,False,True,0.589041095890411,0.2191780821917808,False
SST,2026-03-27 00:00:00,done,done,2026-03-27 12:42:00,2026-03-27 12:42:00,current_day_breaks_highest_high_since_fall,done,True,0.5139014229266858,0.48863636363636365,0.4943181818181818,0.4090909090909091,True,0.6153846153846154,0.9875,0.45,0.23968759457378747,0.16666666666666666,1.337686603068311,1.2994829866538413,1.2307573891625647,True,True,False,False,False,True,0.5909090909090909,0.17045454545454544,False
ACXP,2026-03-11 00:00:00,done,done,2026-03-11 10:03:00,2026-03-11 10:03:00,current_day_breaks_last_post_and_pre_market_high,done,True,0.4679238379489843,0.4411764705882353,0.3235294117647059,0.2647058823529412,True,0.6153846153846154,1.0,0.2222222222222222,0.20206939161167975,0,1.9446901620719466,2.3429672447013488,1.6281120683807089,True,True,False,True,True,False,0.7352941176470589,0.2647058823529412,False
AGPU,2026-04-01 00:00:00,done,done,2026-04-01 11:17:00,2026-04-01 11:17:00,current_day_breaks_highest_high_since_fall,done,True,0.43836512283108764,0.5353535353535354,0.4444444444444444,0.2222222222222222,True,0.7692307692307693,0.9666666666666667,0.38333333333333336,0.23225044457950658,0.04081632653061224,0.8248504133752,1.6271209917584297,1.971969857032184,True,False,True,False,False,True,0.7777777777777778,0.25252525252525254,False
BATL,2026-03-04 00:00:00,done,done,2026-03-04 11:27:00,2026-03-04 11:27:00,current_day_breaks_highest_high_since_fall,done,True,1.007335400389195,0.4830508474576271,0.4915254237288136,0.4661016949152542,True,0.5384615384615384,1.0,0.4423076923076923,0.45141173094019726,0.13636363636363635,1.2001021783467054,0.9671486268174473,2.5309967000929032,True,True,False,False,False,True,0.5338983050847458,0.13559322033898305,False
UGRO,2026-03-25 00:00:00,done,done,2026-03-25 10:41:00,2026-03-25 10:41:00,current_day_continues_trend,done,False,0.9928611870597699,0.5147058823529411,0.5147058823529411,0.39705882352941174,True,0.7692307692307693,1.0,0.4482758620689655,0.22070911614193708,0.08333333333333333,1.6840880702975407,1.4904942965779475,2.34265734265734,True,True,False,False,False,True,0.6029411764705882,0.23529411764705882,False
AHMA,2026-01-15 00:00:00,done,done,2026-01-15 10:31:00,2026-01-15 10:31:00,current_day_continues_trend,done,True,3.1819714404630375,0.423728813559322,0.4576271186440678,0.3389830508474576,True,0.6923076923076923,1.0,0.39285714285714285,0.26540825912148197,0.05,1.485402954596584,1.5407503234152644,2.0987654320987694,True,True,True,False,False,True,0.6610169491525424,0.13559322033898305,False
ANTX,2026-03-09 00:00:00,done,done,2026-03-09 11:57:00,2026-03-09 11:57:00,current_day_breaks_last_post_and_pre_market_high,done,True,1.020870655422791,0.5,0.41216216216216217,0.3783783783783784,True,0.7692307692307693,1.0,0.3918918918918919,0.16508185090012095,0.5,1.7592582336106835,1.8975724020442943,1.8787414729221765,False,True,False,False,False,True,0.6216216216216216,0.1891891891891892,False
TURB,2026-03-05 00:00:00,done,done,2026-03-05 12:07:00,2026-03-05 12:07:00,current_day_continues_trend,done,False,0.41077909017907777,0.4936708860759494,0.4810126582278481,0.4873417721518987,False,0.5384615384615384,1.0,0.38235294117647056,0.39027333289251825,0.25,1.1850922232091552,1.2558222510541683,0.9568919638105395,True,True,False,True,False,True,0.5126582278481012,0.14556962025316456,False
AFJK,2025-12-09 00:00:00,done,done,2025-12-09 14:14:00,2025-12-09 14:14:00,current_day_breaks_highest_high_since_fall,done,True,15.03795765151754,0.46153846153846156,0.4556213017751479,0.46745562130177515,False,0.5384615384615384,0.9436619718309859,0.4225352112676056,0.2450741331443086,0,1.794448304948745,1.3783002758439495,1.0,True,False,True,False,False,True,0.5325443786982249,0.14201183431952663,False
INBS,2026-01-05 00:00:00,done,done,2026-01-05 12:29:00,2026-01-05 12:29:00,current_day_continues_trend,done,False,1.8885722523072381,0.5056818181818182,0.5113636363636364,0.44886363636363635,False,0.6923076923076923,1.0,0.3888888888888889,0.17224219611049882,0,1.2963656603110325,1.5237774649611342,1.9885916601101505,False,True,False,False,False,True,0.5511363636363636,0.16477272727272727,False
XHLD,2026-01-27 00:00:00,done,done,2026-01-27 15:36:00,2026-01-27 15:36:00,current_day_breaks_highest_high_since_fall,done,True,0.7127218883927715,0.5069637883008357,0.48746518105849584,0.4958217270194986,False,0.6153846153846154,0.9931972789115646,0.42857142857142855,0.2993763741929113,0,1.15446309135015,1.277204243052499,3.278957291581279,True,True,False,False,False,True,0.5041782729805014,0.181058495821727,False
