symbol,original_bar_time,collection_status,analysis_status,actual_confirmation_bar_time,expected_confirmation_bar_time,bar_to_place_order_time,highest_high_one_minute_bar_time,result,feature_total_volume,feature_entry_bar_price_action_pct_to_volume_pct,feature_trap_signal,feature_clean_move,feature_fake_momentum,feature_structure_adjusted_strength,feature_structure_compression_edge,feature_momentum_structure_alignment,feature_clean_vs_trap_strength,score
AKAN,2026-04-30 00:00:00,done,done,2026-04-30 10:57:00,2026-04-30 10:57:00,2026-04-30 11:04:00,2026-04-30 10:24:00,done,1377685.0,0.8436761338366761,0.9984963170458008,0.7190421595198944,1.540623170215967,0.37554734367329057,0.2935409379935932,0.1478170190982581,0.3597915859974115,55.4
ATOM,2026-04-30 00:00:00,done,done,2026-04-30 14:15:00,2026-04-30 00:00:00,2026-04-30 14:17:00,2026-04-30 13:57:00,failed,1422652.0,0.5280861002094749,1.135055153340557,0.4953216341380841,1.4742362475085933,0.09305016578211527,0.06904268499719518,0.03760763179983769,0.2319947722957378,85.1
AXTI,2026-04-16 00:00:00,done,done,2026-04-16 09:59:00,2026-04-16 00:00:00,2026-04-16 10:06:00,2026-04-16 09:49:00,failed,2155916.0,0.33000093666873764,3.166057182847626,0.2750007805572814,0.44000066222410056,0.05140632984215806,0.04980001028360241,0.03569882375106709,0.06600984299723656,63.06
ASPI,2026-04-13 00:00:00,done,done,2026-04-13 15:01:00,2026-04-13 00:00:00,2026-04-13 15:08:00,2026-04-13 14:53:00,failed,4168845.0,0.3016952735875637,1.8390081254856532,0.27687224474808064,0.7198326194854809,0.09176464195665028,0.07244961095231926,0.05335672839145436,0.09752428753641473,73.16
BATL,2026-04-21 00:00:00,done,done,2026-04-21 12:49:00,2026-04-21 12:49:00,2026-04-21 12:55:00,2026-04-21 11:36:00,done,4824204.0,0.5245675862618017,1.196385696872034,0.46039176453828334,1.3114156871152864,0.29894982106682405,0.289113679429396,0.12933624303637137,0.20961335033002024,60.89
ASTI,2026-04-15 00:00:00,done,done,2026-04-15 11:18:00,2026-04-15 00:00:00,2026-04-15 11:22:00,2026-04-15 11:14:00,failed,609753.0,0.5670967674243855,2.8959302895766608,0.5333410074586483,1.0341157489745725,0.07282737804554734,0.05523075896275608,0.03580296651371029,0.13689695857381529,63.3
ACHV,2026-04-16 00:00:00,done,done,2026-04-16 11:53:00,2026-04-16 00:00:00,2026-04-16 11:59:00,2026-04-16 11:51:00,failed,4656769.0,0.5282201634915797,1.1050830633190398,0.4791711483102188,1.1651889668439992,0.36780189791072804,0.19365751897007127,0.16987057644526968,0.22762576767622641,66.44
BKSY,2026-04-02 00:00:00,done,done,2026-04-02 10:37:00,2026-04-02 00:00:00,2026-04-02 10:39:00,2026-04-02 10:35:00,failed,734613.0,0.3575708775462906,1.8869660891167117,0.3312789012561222,0.6663808480810518,0.07638843882611956,0.03819421941305978,0.045840924608612686,0.11474984153952408,64.83
BIRD,2026-04-15 00:00:00,done,done,2026-04-15 11:08:00,2026-04-15 11:08:00,2026-04-15 11:13:00,2026-04-15 10:35:00,done,74720412.0,7.646045659279479,0.24290508894409113,6.760714056626066,14.680379479487998,10.893849518501,10.0000115594219,0.6947439972834579,5.439445148920924,80.52
ALDX,2026-03-23 00:00:00,done,done,2026-03-23 15:07:00,2026-03-23 00:00:00,2026-03-23 15:11:00,2026-03-23 14:50:00,failed,5355239.0,1.0543409509529322,1.496022599230927,0.96673992238711,3.0751521377523177,0.2349203783236371,0.19856626014072246,0.05764702037681698,0.387312167239584,73.17
