time,open,high,low,close,Strong Reclaim Entry,EMA,VWAP,EMA.1,EMA.2,Volume,Volume MA,Histogram,MACD,Signal line
2026-09-25T04:00:00-04:00,5.14,5.29,5.1,5.1,0,2.785979759694344,5.163333333333333,5.397025795191893,5.439775841049133,4287,5799.95,0.0009037437514589,0.0521730730866076,0.0512693293351487
2026-09-25T04:01:00-04:00,5.19,5.19,5.06,5.06,0,2.785979759694344,5.143732265326423,5.364928100411713,5.363820672839306,2080,5765.3,-0.0258654090518851,0.0189375680202923,0.0448029770721774
2026-09-25T04:02:00-04:00,5.09,5.11,5.03,5.04,0,2.785979759694344,5.107162361405991,5.333982567039168,5.2990565382714445,4937,5812.35,-0.0429727014074748,-0.0089128996871661,0.0340598017203087
2026-09-25T04:03:00-04:00,5.05,5.08,5.0,5.0,0,2.785979759694344,5.089524039789997,5.3021747035116285,5.239245230617156,3172,5709.5,-0.0543057440793758,-0.0338223783789111,0.0204833657004647
2026-09-25T04:04:00-04:00,4.95,4.99,4.93,4.95,0,2.785979759694344,5.062298749565185,5.2686342555581405,5.181396184493725,3731,5628.9,-0.0619399049540175,-0.0569415154920571,0.0049983894619603
2026-09-25T04:05:00-04:00,4.95,4.99,4.95,4.95,0,2.785979759694344,5.055656094686683,5.238288135981175,5.135116947594979,1310,5479.75,-0.0635234262860552,-0.0744058933956086,-0.0108824671095534
2026-09-25T04:06:00-04:00,5.0,5.0,5.0,5.0,0,2.785979759694344,5.054393590385578,5.215594027792491,5.108093558075984,453,5380.95,-0.0578958472394304,-0.0832522761588414,-0.025356428919411
2026-09-25T04:07:00-04:00,5.0,5.0,4.95,4.99,0,2.785979759694344,5.049519887693027,5.194108882288445,5.084474846460787,1400,5369.5,-0.051740600652521,-0.0900321797350622,-0.0382915790825412
2026-09-25T04:08:00-04:00,4.99,4.99,4.97,4.99,0,2.785979759694344,5.044504800622783,5.1746699411181165,5.06557987716863,1752,5381.2,-0.0448211865380179,-0.0943180622550636,-0.0494968757170457
2026-09-25T04:09:00-04:00,5.0,5.08,5.0,5.08,0,2.785979759694344,5.045807403037899,5.165653756249725,5.068463901734904,4002,5451.95,-0.0319397878491722,-0.089421610528511,-0.0574818226793388
2026-09-25T04:10:00-04:00,5.01,5.18,5.01,5.02,0,2.785979759694344,5.046167647272463,5.151781969940227,5.058771121387923,410,5353.95,-0.0254966492721224,-0.0893526342694919,-0.0638559849973694
2026-09-25T04:11:00-04:00,5.16,5.17,5.0,5.17,0,2.785979759694344,5.047999481853082,5.15351702042211,5.081016897110338,772,4839.5,-0.0099668259514677,-0.0763145174367041,-0.0663476914852363
2026-09-25T04:13:00-04:00,5.0,5.0,4.95,4.95,0,2.785979759694344,5.043859755007153,5.1341344470485755,5.05481351768827,1518,4565.2,-0.0131455628722542,-0.0827796450755542,-0.0696340822032999
2026-09-25T04:14:00-04:00,5.04,5.04,5.04,5.04,0,2.785979759694344,5.043832767308162,5.125169261615378,5.051850814150616,210,4380.6,-0.0080703910849983,-0.0797220710595478,-0.0716516799745495
2026-09-25T04:15:00-04:00,4.95,4.95,4.91,4.92,0,2.785979759694344,5.037678580817481,5.105629331937723,5.025480651320493,1665,4225.75,-0.0114711934636909,-0.0859906718041632,-0.0745194783404722
2026-09-25T04:16:00-04:00,4.9,4.92,4.9,4.91,0,2.785979759694344,5.033611365626209,5.086997966991273,5.002384521056394,1043,4147.4,-0.0129602083722121,-0.0907197388057374,-0.0777595304335253
2026-09-25T04:18:00-04:00,4.91,4.91,4.91,4.91,0,2.785979759694344,5.032860886811163,5.070141017754009,4.983907616845115,200,4107.4,-0.012505179735285,-0.0933910051026316,-0.0808858253673465
2026-09-25T04:20:00-04:00,5.0,5.0,4.91,5.0,0,2.785979759694344,5.019231214239297,5.063460920825056,4.987126093476092,9120,3675.55,-0.0050834240417563,-0.0872401054195419,-0.0821566813777856
2026-09-25T04:21:00-04:00,5.08,5.08,5.0,5.0,0,2.785979759694344,5.0193356148863515,5.057417023603622,4.9897008747808735,599,2785.65,0.0005838769136666,-0.0814268352357023,-0.082010712149369
2026-09-25T04:22:00-04:00,5.0,5.0,5.0,5.0,0,2.785979759694344,5.019289043743958,5.051948735641372,4.991760699824699,103,2138.2,0.0048530995742359,-0.075944337681574,-0.08079743725581
2026-09-25T04:24:00-04:00,5.04,5.04,4.97,4.97,0,2.785979759694344,5.0191082265155735,5.044144094151718,4.987408559859759,300,1938.85,0.0060966430283032,-0.0731766334704309,-0.0792732764987342
2026-09-25T04:26:00-04:00,4.97,5.04,4.97,5.04,0,2.785979759694344,5.019078653575579,5.043749418518221,4.997926847887807,528,1861.25,0.0117464316692436,-0.0645902369121795,-0.0763366685814232
2026-09-25T04:27:00-04:00,5.08,5.1,5.08,5.1,0,2.785979759694344,5.020849512207865,5.049106616754581,5.018341478310245,1065,1667.65,0.0191968490417605,-0.0523406072792225,-0.0715374563209831
2026-09-25T04:28:00-04:00,5.01,5.01,5.01,5.01,0,2.785979759694344,5.020793198188162,5.045382177063669,5.016673182648196,233,1520.7,0.0177688993546163,-0.0493263321277126,-0.067095231482329
2026-09-25T04:29:00-04:00,5.03,5.03,5.03,5.03,0,2.785979759694344,5.020813662295324,5.04391720781951,5.019338546118557,100,1339.15,0.0178304607832398,-0.0448071555032791,-0.062637616286519
2026-09-25T04:31:00-04:00,5.07,5.07,5.07,5.07,0,2.785979759694344,5.021567228423432,5.04640128326527,5.029470836894846,700,1308.65,0.0200581058202834,-0.0375649840111647,-0.0576230898314481
2026-09-25T04:32:00-04:00,5.07,5.07,5.04,5.04,0,2.785979759694344,5.0217274949763135,5.045791637240006,5.031576669515877,259,1298.95,0.0190136803174828,-0.0338559894345946,-0.0528696697520774
2026-09-25T04:33:00-04:00,5.03,5.1,5.03,5.06,0,2.785979759694344,5.022818208790742,5.04714481464572,5.037261335612701,1237,1290.8,0.0191206820689041,-0.0289688171659472,-0.0480894992348514
2026-09-25T04:34:00-04:00,5.1,5.1,5.1,5.1,0,2.785979759694344,5.023313891053041,5.0521786418223185,5.049809068490161,305,1218.45,0.0211765402819989,-0.0216188238823527,-0.0427953641643516
2026-09-25T04:35:00-04:00,5.15,5.15,5.15,5.15,0,2.785979759694344,5.023580088672227,5.061494961648765,5.069847254792129,100,1023.35,0.0249360435042729,-0.0116253097840104,-0.0365613532882834
2026-09-25T04:36:00-04:00,5.13,5.2,5.13,5.2,0,2.785979759694344,5.032882507729754,5.074685917682216,5.095877803833703,3079,1156.8,0.0295094447548262,0.0003254526552494,-0.0291839920995768
2026-09-25T04:37:00-04:00,5.17,5.2,5.07,5.18,0,2.785979759694344,5.039073547920794,5.08471583028391,5.112702243066963,2828,1259.6,0.0298187418099583,0.008089435162871,-0.0217293066470872
2026-09-25T04:38:00-04:00,5.2,5.2,5.2,5.2,0,2.785979759694344,5.03940375814555,5.095695275018776,5.13016179445357,110,1189.2,0.0299239107105189,0.0156755817410614,-0.0142483289694575
2026-09-25T04:39:00-04:00,5.14,5.15,5.14,5.15,0,2.785979759694344,5.040811656633713,5.100867153588417,5.134129435562856,713,1214.35,0.0253601837981316,0.017451900778207,-0.0079082830199246
2026-09-25T04:40:00-04:00,5.2,5.24,5.2,5.24,0,2.785979759694344,5.0437347418265706,5.11411790086571,5.155303548450284,868,1174.5,0.0269859934934382,0.0258242088468731,-0.001161784646565
2026-09-25T04:41:00-04:00,5.24,5.24,5.24,5.24,0,2.785979759694344,5.044443421377288,5.126106672211833,5.172242838760227,200,1132.35,0.0266009609109806,0.0320894164921607,0.0054884555811801
2026-09-25T04:42:00-04:00,5.18,5.18,5.14,5.14,0,2.785979759694344,5.046904829127697,5.127429846286897,5.165794271008182,1281,1186.4,0.0185333600370131,0.0286551556274465,0.0101217955904334
2026-09-25T04:43:00-04:00,5.05,5.05,5.05,5.05,0,2.785979759694344,5.046910281251833,5.120055575211954,5.142635416806546,100,735.4,0.0066693265246392,0.0184584537462324,0.0117891272215932
2026-09-25T04:44:00-04:00,5.25,5.25,5.25,5.25,0,2.785979759694344,5.047267393470486,5.132431234715578,5.1641083334452365,100,710.45,0.0115396165876456,0.0262136479561503,0.0146740313685046
2026-09-25T04:45:00-04:00,5.15,5.15,5.15,5.15,0,2.785979759694344,5.0474621198825265,5.1341044504569515,5.161286666756189,108,710.7,0.0074717475513764,0.0240137158077251,0.0165419682563487
2026-09-25T04:47:00-04:00,5.14,5.14,5.14,5.14,0,2.785979759694344,5.047785803397575,5.134665931365813,5.157029333404951,200,705.7,0.0037414180888549,0.0212187408674173,0.0174773227785624
2026-09-25T04:48:00-04:00,5.14,5.14,5.14,5.14,0,2.785979759694344,5.0480864057642565,5.135173937902402,5.153623466723961,187,688.65,0.0010478511159746,0.0187871366735308,0.0177392855575561
2026-09-25T04:49:00-04:00,5.13,5.3,5.13,5.3,0,2.785979759694344,5.058539734917228,5.150871658102173,5.182898773379169,3245,797.65,0.0093537459639761,0.0294314680125262,0.0200777220485501
2026-09-25T04:50:00-04:00,5.35,5.35,5.3,5.33,0,2.785979759694344,5.068809765591942,5.167931500187681,5.212319018703336,2414,906.7,0.0158008662781286,0.0398288048962109,0.0240279386180823
2026-09-25T04:51:00-04:00,5.32,5.32,5.25,5.25,0,2.785979759694344,5.069707960780595,5.175747547788854,5.219855214962669,278,915.6,0.0136890176343057,0.0411392106609644,0.0274501930266587
2026-09-25T04:52:00-04:00,5.16,5.25,5.16,5.25,0,2.785979759694344,5.071585937215625,5.182819209904201,5.225884171970135,801,920.65,0.0113974927232013,0.0416970589306604,0.0302995662074591
2026-09-25T04:53:00-04:00,5.18,5.23,5.18,5.22,0,2.785979759694344,5.072230693187168,5.186360237532372,5.224707337576108,300,922.7,0.0071729686251571,0.0392657769889055,0.0320928083637483
2026-09-25T04:54:00-04:00,5.22,5.22,5.22,5.22,0,2.785979759694344,5.072688162056455,5.189564024434051,5.223765870060887,200,870.85,0.0038565158871609,0.0369134532226995,0.0330569373355386
2026-09-25T04:55:00-04:00,5.19,5.24,5.19,5.24,0,2.785979759694344,5.074074403529488,5.194367450678427,5.2270126960487096,600,885.6,0.002550642114635,0.0362452399788324,0.0336945978641973
2026-09-25T04:56:00-04:00,5.22,5.22,5.22,5.22,0,2.785979759694344,5.077499076431528,5.19680864585191,5.225610156838967,1567,958.95,1.48963652602e-05,0.0337132183207726,0.0336983219555124
2026-09-25T04:57:00-04:00,5.23,5.25,5.22,5.25,0,2.785979759694344,5.079158797689458,5.201874489104108,5.230488125471174,689,839.45,3.20679087336e-05,0.0337384068414294,0.0337063389326958
2026-09-25T05:01:00-04:00,5.29,5.29,5.29,5.29,0,2.785979759694344,5.0795051551477455,5.210267394903717,5.242390500376939,111,703.6,0.0022865619413798,0.0365645413594206,0.0342779794180408
2026-09-25T05:02:00-04:00,5.29,5.29,5.29,5.29,0,2.785979759694344,5.080132552283143,5.217860976341458,5.251912400301552,202,708.2,0.0032672639736393,0.0383620593850899,0.0350947954114506
2026-09-25T05:03:00-04:00,5.29,5.29,5.22,5.22,0,2.785979759694344,5.080663009427439,5.218064692880367,5.245529920241242,221,683.6,-0.0010765153862878,0.0337491511785907,0.0348256665648786
2026-09-25T05:04:00-04:00,5.28,5.29,5.22,5.28,0,2.785979759694344,5.0919904443953925,5.223963293558428,5.252423936192994,4495,864.95,-0.0002311185460713,0.0345367683822894,0.0347678869283608
2026-09-25T05:05:00-04:00,5.3,5.3,5.3,5.3,0,2.785979759694344,5.09238855154878,5.231204884648101,5.2619391489543945,139,861.9,0.001270256519241,0.0363557075774121,0.0350854510581711
2026-09-25T05:06:00-04:00,5.31,5.34,5.29,5.3,0,2.785979759694344,5.0986199086953405,5.237756800395902,5.269551319163516,2141,904.9,0.0018248330178982,0.0373664923305439,0.0355416593126456
2026-09-25T05:07:00-04:00,5.3386,5.38,5.29,5.38,0,2.785979759694344,5.1034701836767695,5.251303771786768,5.291641055330813,1471,973.45,0.0068581566428974,0.0441143551162674,0.03725619847337
2026-09-25T05:08:00-04:00,5.37,5.4,5.34,5.38,0,2.785979759694344,5.113638081052878,5.263560555426123,5.30931284426465,2985,1117.7,0.0093137728256773,0.0488984145054667,0.0395846416797893
2026-09-25T05:09:00-04:00,5.49,5.49,5.43,5.45,0,2.785979759694344,5.117296344397545,5.281316693004587,5.337450275411721,854,1155.0,0.0144710129591356,0.0576734078787088,0.0432023949195732
2026-09-25T05:10:00-04:00,5.44,5.45,5.41,5.41,0,2.785979759694344,5.119813108419408,5.293572246051769,5.351960220329376,664,1178.2,0.0139983022103324,0.0607002726824887,0.0467019704721563
2026-09-25T05:11:00-04:00,5.41,5.41,5.41,5.41,0,2.785979759694344,5.121247180902849,5.304660603570649,5.363568176263501,401,1188.9,0.0125424291877743,0.0623800069568742,0.0498375777690999
2026-09-25T05:12:00-04:00,5.4,5.4,5.2,5.2,0,2.785979759694344,5.121930345329505,5.294692927040111,5.3308545410108,383,1045.8,-0.0028836477662968,0.0462330180612289,0.0491166658275257
2026-09-25T05:13:00-04:00,5.23,5.23,5.23,5.23,0,2.785979759694344,5.12206274144676,5.288531695893433,5.31068363280864,100,930.1,-0.0109345057196979,0.0354485336779033,0.0463830393976012
2026-09-25T05:14:00-04:00,5.38,5.39,5.38,5.39,0,2.785979759694344,5.125265170769491,5.298195343903583,5.326546906246912,1000,966.2,-0.0056194617612313,0.0393587121960621,0.0449781739572934
2026-09-25T05:16:00-04:00,5.34,5.34,5.34,5.34,0,2.785979759694344,5.125573992386246,5.302176739722289,5.329237524997529,119,932.1,-0.0055944543236066,0.0379851060527851,0.0435795603763917
2026-09-25T05:19:00-04:00,5.4,5.4,5.4,5.4,0,2.785979759694344,5.128029272265605,5.311493240701119,5.343390019998023,747,954.45,-0.0018537563104239,0.0412623649883618,0.0431161212987858
2026-09-25T05:21:00-04:00,5.45,5.49,5.45,5.49,0,2.785979759694344,5.135526894574206,5.32849388444387,5.3727120159984185,1835,1036.2,0.005938525999707,0.0505392787984195,0.0446007527987125
2026-09-25T05:22:00-04:00,5.49,5.72,5.49,5.68,0,2.785979759694344,5.1676026711673195,5.361970657353978,5.434169612798735,5919,1302.15,0.0222300098198734,0.0723882650735543,0.0501582552536809
2026-09-25T05:23:00-04:00,5.6,5.71,5.48,5.48,0,2.785979759694344,5.199863043070407,5.37321154712979,5.443335690238988,8250,1636.3,0.0180550464094431,0.0727270632654848,0.0546720168560416
2026-09-25T05:24:00-04:00,5.57,5.6683,5.51,5.64,0,2.785979759694344,5.232993942946463,5.398619971212667,5.48266855219119,8835,2043.6,0.0242041767280542,0.0849272377661094,0.0607230610380552
2026-09-25T05:25:00-04:00,5.56,5.6947,5.4815,5.6947,0,2.785979759694344,5.252836019790644,5.426818069192413,5.525074841752952,5797,2327.9,0.0297267351980718,0.0978814800356451,0.0681547448375732
2026-09-25T05:26:00-04:00,5.6812,5.8,5.63,5.8,0,2.785979759694344,5.28938188015613,5.462359205459802,5.580059873402361,9188,2777.2,0.0377284894780697,0.1153153566851603,0.0775868672070906
2026-09-25T05:27:00-04:00,5.81,6.15,5.796,6.15,0,2.785979759694344,5.477477028873617,5.527848804939821,5.694047898721889,41829,4857.6,0.0623948819571016,0.1555804696534677,0.093185587696366
2026-09-25T05:28:00-04:00,6.1283,6.22,5.89,5.89,0,2.785979759694344,5.630864549182665,5.562339394945552,5.733238318977511,68623,8064.0,0.0571423082726236,0.1646134730371455,0.1074711647645219
2026-09-25T05:29:00-04:00,5.8968,6.0897,5.637,5.9,0,2.785979759694344,5.693958951354143,5.59449754780788,5.766590655182009,81216,12117.85,0.0505129851670733,0.1706123962233636,0.1200994110562903
2026-09-25T05:30:00-04:00,5.9498,6.1,5.86,5.86,0,2.785979759694344,5.708060832697363,5.619783495635701,5.785272524145607,19151,12968.35,0.0400622497662892,0.1701772232641518,0.1301149734978626
2026-09-25T05:31:00-04:00,5.85,6.25,5.78,6.24,0,2.785979759694344,5.7519527926629745,5.678851734146587,5.876218019316486,43384,15064.0,0.0544762808230835,0.198210324526717,0.1437340437036335
2026-09-25T05:32:00-04:00,6.221,6.25,6.04,6.14,0,2.785979759694344,5.797564504113633,5.722770616608817,5.9289744154531885,49800,17404.75,0.0529628173629642,0.2099375654073387,0.1569747480443745
2026-09-25T05:33:00-04:00,6.15,6.24,5.97,6.01,0,2.785979759694344,5.825431743293609,5.750125795979406,5.945179532362551,48036,19763.85,0.0395104042733722,0.2063627533860899,0.1668523491127176
2026-09-25T05:34:00-04:00,6.01,6.14,5.95,6.1,0,2.785979759694344,5.8389489488238215,5.783447148743272,5.976143625890041,28636,21162.45,0.0332299204115459,0.20838974962715,0.1751598292156041
2026-09-25T05:35:00-04:00,6.1,6.1,5.88,5.95,0,2.785979759694344,5.84814218364902,5.799309325053437,5.970914900712033,36050,22944.9,0.0163819191617906,0.1956372281678424,0.1792553090060517
2026-09-25T05:36:00-04:00,5.92,6.062,5.92,5.97,0,2.785979759694344,5.851050600248254,5.815565579810253,5.970731920569626,11814,23516.45,0.0046052679471398,0.1850118939399765,0.1804066259928367
2026-09-25T05:37:00-04:00,5.99,6.22,5.99,6.2,0,2.785979759694344,5.867661179103569,5.8521783817330855,6.0165855364557,34076,25215.25,0.0100158052672889,0.1929263825769478,0.1829105773096589
2026-09-25T05:38:00-04:00,6.2,6.2,6.02,6.149,0,2.785979759694344,5.878194086689215,5.880447107282316,6.043068429164561,25210,26425.75,0.007959718504109,0.1928602254397953,0.1849005069356862
2026-09-25T05:39:00-04:00,6.1,6.35,6.1,6.29,0,2.785979759694344,5.907554124444886,5.919452144684,6.092454743331649,52912,29065.4,0.0135663295281275,0.2018584188458456,0.1882920893177181
2026-09-25T05:40:00-04:00,6.252,6.44,6.23,6.4369,0,2.785979759694344,5.935000920659291,5.968732892809333,6.161343794665319,41999,31128.0,0.0240274670670161,0.2183264231514883,0.1942989560844721
2026-09-25T05:41:00-04:00,6.41,6.88,6.382,6.8219,0,2.785979759694344,6.024653889371902,6.0499869030179685,6.293455035732255,94480,35760.25,0.052123159958902,0.2594529060330997,0.2073297460741976
2026-09-25T05:42:00-04:00,6.82,7.25,6.78,6.99,0,2.785979759694344,6.1815427850054325,6.1395119598734,6.4327640285858045,152213,43074.95,0.0758381773535852,0.3021274677661791,0.2262892904125939
2026-09-25T05:43:00-04:00,7.0323,7.1,6.79,6.88,0,2.785979759694344,6.226959532274032,6.210034630361648,6.522211222868644,62137,45769.3,0.0776437489610039,0.3233439766138488,0.2457002276528449
2026-09-25T05:44:00-04:00,6.8956,7.03,6.83,6.91,0,2.785979759694344,6.265169263858016,6.276697998898634,6.599768978294915,58919,48273.5,0.0743797604831139,0.3386749282567374,0.2642951677736234
2026-09-25T05:45:00-04:00,6.91,6.92,6.7395,6.8237,0,2.785979759694344,6.290607916102422,6.328793427574954,6.644555182635933,50856,50526.45,0.0605178528053341,0.3399424837802911,0.2794246309749569
2026-09-25T05:46:00-04:00,6.84,6.99,6.8,6.99,0,2.785979759694344,6.315598187475745,6.391765482091626,6.713644146108746,45994,52366.75,0.0567224482473579,0.3503276912841544,0.2936052430367964
2026-09-25T05:47:00-04:00,6.9814,7.18,6.92,7.05,0,2.785979759694344,6.366788385995669,6.454454483797185,6.780915316886997,87712,54660.9,0.0525223946056946,0.3592582362939147,0.3067358416882201
2026-09-25T05:48:00-04:00,7.0499,7.2,6.95,7.12,0,2.785979759694344,6.395170976294731,6.517839771054596,6.848732253509597,51402,53799.85,0.0488073559865697,0.3677450366714323,0.3189376806848625
2026-09-25T05:49:00-04:00,7.17,7.283,7.07,7.2136,0,2.785979759694344,6.445075804401312,6.584102650001777,6.921705802807677,87879,54133.0,0.0469859188795834,0.3776700792843419,0.3306841604047584
2026-09-25T05:50:00-04:00,7.22,7.2386,7.01,7.14,0,2.785979759694344,6.466504491405113,6.637045254763513,6.965364642246142,45171,55434.0,0.0356694334544657,0.3752709522228405,0.3396015187683748
2026-09-25T05:51:00-04:00,7.12,7.13,6.91,6.9549,0,2.785979759694344,6.479998580746328,6.667317135262226,6.963271713796914,37564,55143.0,0.0117978971890893,0.3543488902547365,0.3425509930656472
2026-09-25T05:52:00-04:00,6.95,6.99,6.88,6.96,0,2.785979759694344,6.489610145865127,6.695191693808681,6.962617371037531,31360,54221.0,-0.0065802864703751,0.3343256349776782,0.3409059214480534
2026-09-25T05:53:00-04:00,6.9544,7.09,6.8651,7.07,0,2.785979759694344,6.502709659325134,6.730887722969759,6.984093896830025,39163,53777.35,-0.0138424576460474,0.3236028493904941,0.3374453070365415
2026-09-25T05:54:00-04:00,7.05,7.05,6.95,6.9966,0,2.785979759694344,6.508353291652484,6.756193654115496,6.98659511746402,17844,53237.75,-0.025429242319773,0.3056587541368252,0.3310879964565982
2026-09-25T05:55:00-04:00,6.98,6.99,6.82,6.82,0,2.785979759694344,6.51704095404725,6.7622704489616385,6.953276093971216,37897,53330.1,-0.0456472370724704,0.2740289501160102,0.3196761871884807
2026-09-25T05:56:00-04:00,6.85,6.89,6.8,6.82,0,2.785979759694344,6.520572278783433,6.767768501441482,6.926620875176973,17949,53636.85,-0.0588410076777788,0.2461249275912571,0.304965935269036
2026-09-25T05:57:00-04:00,6.8218,7.08,6.79,7.0219,0,2.785979759694344,6.536225990105576,6.791971501304198,6.945676700141578,59454,54905.75,-0.0539215945289401,0.2375639421078608,0.2914855366368009
2026-09-25T05:58:00-04:00,7.0446,7.05,6.96,7.0018,0,2.785979759694344,6.542240986190197,6.811955167846656,6.956901360113263,21940,54742.25,-0.0519516956262637,0.2265459171039712,0.278497612730235
2026-09-25T05:59:00-04:00,7.0,7.1,6.95,6.95,0,2.785979759694344,6.548213305733903,6.825102294718403,6.95552108809061,22552,53224.25,-0.053838371987018,0.2111996477464623,0.2650380197334804
2026-09-25T06:00:00-04:00,6.95,7.0,6.87,6.8992,0,2.785979759694344,6.552753373301406,6.8321592190309355,6.944256870472488,21192,52183.9,-0.0578568461122374,0.1927169620931836,0.2505738082054211
2026-09-25T06:01:00-04:00,6.8953,6.9526,6.87,6.91,0,2.785979759694344,6.555046429370486,6.839572626742275,6.93740549637799,11276,48023.7,-0.0589377991758852,0.1769015592355645,0.2358393584114497
2026-09-25T06:02:00-04:00,6.92,6.9298,6.8,6.8093,0,2.785979759694344,6.559032061671688,6.836689519433487,6.911784397102393,24427,41634.4,-0.0651022439510501,0.154461553472637,0.2195637974236872
2026-09-25T06:03:00-04:00,6.8,6.8,6.62,6.62,0,2.785979759694344,6.562433742312811,6.816052422344583,6.853427517681914,51660,41110.55,-0.0796356362974685,0.1200192520518514,0.19965488834932
2026-09-25T06:04:00-04:00,6.62,6.7,6.57,6.68,0,2.785979759694344,6.564092601742243,6.803095048787957,6.818742014145531,35474,39938.3,-0.0825614090925007,0.0964531269836941,0.1790145360761948
2026-09-25T06:05:00-04:00,6.66,6.66,6.56,6.56,0,2.785979759694344,6.564434147799105,6.77994313937958,6.766993611316425,22131,38502.05,-0.0893573823205609,0.0673178081754937,0.1566751904960546
2026-09-25T06:06:00-04:00,6.55,6.59,6.51,6.58,0,2.785979759694344,6.5643916153523945,6.760900935629144,6.72959488905314,18350,37119.85,-0.0890847295714502,0.0453192785317417,0.134404008103192
2026-09-25T06:07:00-04:00,6.57,6.57,6.4299,6.48,0,2.785979759694344,6.562907980132626,6.734148465569226,6.679675911242512,40775,34773.0,-0.0918509694489743,0.019590296291974,0.1114412657409484
2026-09-25T06:08:00-04:00,6.5,6.5,6.35,6.3847,0,2.785979759694344,6.558249514453781,6.700867659324538,6.620680728994009,62051,35305.45,-0.0958676275275088,-0.0083932686684375,0.0874743588590712
2026-09-25T06:09:00-04:00,6.3783,6.52,6.35,6.52,0,2.785979759694344,6.55715679377567,6.683642167960296,6.600544583195207,23478,32085.4,-0.0855226086646038,-0.0194289019716835,0.0660937066929202
2026-09-25T06:10:00-04:00,6.51,6.73,6.5018,6.5939,0,2.785979759694344,6.55844970613725,6.6750952948212205,6.599215666556166,52611,32457.4,-0.0704417531436616,-0.0219584847366567,0.0484832684070048
2026-09-25T06:11:00-04:00,6.619,6.6514,6.52,6.56,0,2.785979759694344,6.558679962758479,6.664133838171581,6.591372533244932,26103,31884.35,-0.0599021234754337,-0.0263943859372872,0.0335077375381464
2026-09-25T06:12:00-04:00,6.56,6.65,6.5227,6.5413,0,2.785979759694344,6.558791004506077,6.652435377393335,6.581358026595946,18752,31253.95,-0.0516547934502591,-0.0310607542746774,0.0205940391755816
2026-09-25T06:13:00-04:00,6.52,6.52,6.37,6.39,0,2.785979759694344,6.556669233020812,6.627441531927303,6.543086421276756,34875,31039.55,-0.0536210615993729,-0.0464322878236345,0.0071887737757384
2026-09-25T06:14:00-04:00,6.38,6.4194,6.3418,6.37,0,2.785979759694344,6.555486092424815,6.602923290791369,6.508469137021405,14401,30867.4,-0.053384467683301,-0.0595418108283878,-0.0061573431450868
2026-09-25T06:15:00-04:00,6.37,6.4191,6.3512,6.36,0,2.785979759694344,6.554106293698781,6.579787739287429,6.478775309617124,17009,29823.0,-0.0510197145067406,-0.0699319862785126,-0.0189122717717719
2026-09-25T06:16:00-04:00,6.3566,6.38,6.3,6.3,0,2.785979759694344,6.551334332293854,6.553141287926722,6.443020247693699,27182,30284.65,-0.0505196355453815,-0.0820618162034989,-0.0315421806581173
2026-09-25T06:17:00-04:00,6.31,6.37,6.3,6.32,0,2.785979759694344,6.549868695437992,6.530937355743224,6.41841619815496,14867,28055.3,-0.045993955648971,-0.0890346252193312,-0.0430406695703601
2026-09-25T06:18:00-04:00,6.3209,6.41,6.31,6.35,0,2.785979759694344,6.548539521063856,6.513705226624822,6.404732958523968,15553,27735.95,-0.0384393445271011,-0.0910898502292365,-0.0526505057021354
2026-09-25T06:19:00-04:00,6.3696,6.3696,6.33,6.35,0,2.785979759694344,6.547966262917097,6.498114252660553,6.393786366819175,6542,26935.45,-0.0312092020645456,-0.0916620082828174,-0.0604528062182718
2026-09-25T06:20:00-04:00,6.36,6.37,6.29,6.32,0,2.785979759694344,6.5463650714979735,6.481150990502405,6.3790290934553395,16524,26702.05,-0.0264048441168295,-0.0934588613643088,-0.0670540172474792
2026-09-25T06:21:00-04:00,6.32,6.34,6.29,6.3389,0,2.785979759694344,6.545185171416661,6.467603277121223,6.371003274764272,12126,26744.55,-0.0201919075486269,-0.0922939016832629,-0.0721019941346359
2026-09-25T06:22:00-04:00,6.34,6.3842,6.33,6.35,0,2.785979759694344,6.544369353038647,6.45640296501444,6.366802619811417,9877,26017.05,-0.0138735499271731,-0.0894439315436024,-0.0755703816164292
2026-09-25T06:23:00-04:00,6.36,6.36,6.31,6.33,0,2.785979759694344,6.543502071361285,6.444364587394017,6.359442095849134,9515,23909.8,-0.00977344389711,-0.0877871864878168,-0.0780137425907067
2026-09-25T06:24:00-04:00,6.33,6.33,6.28,6.29,0,2.785979759694344,6.542155478437086,6.429663198118397,6.345553676679307,12875,22779.85,-0.0085327069438021,-0.0886796262704594,-0.0801469193266573
2026-09-25T06:25:00-04:00,6.28,6.51,6.27,6.4795,0,2.785979759694344,6.5393780063799465,6.434409560202359,6.372342941343446,54092,24377.9,0.0055163929973344,-0.0732514280799891,-0.0787678210773236
2026-09-25T06:26:00-04:00,6.47,6.51,6.42,6.4581,0,2.785979759694344,6.538495632580342,6.436665792564039,6.389494353074756,27733,24847.05,0.013385331411427,-0.0620361568130398,-0.0754214882244669
2026-09-25T06:27:00-04:00,6.44,6.44,6.34,6.35,0,2.785979759694344,6.537810334245364,6.42841190755794,6.3815954824598045,10249,23320.75,0.0114046622246706,-0.0611656604436285,-0.0725703226682992
2026-09-25T06:28:00-04:00,6.36,6.38,6.2837,6.36,0,2.785979759694344,6.536674785715263,6.421896487790517,6.377276385967844,14062,20921.3,0.0108651523287117,-0.0589888822574096,-0.0698540345861213
2026-09-25T06:29:00-04:00,6.3635,6.64,6.3635,6.6273,0,2.785979759694344,6.536803320383475,6.441458727048563,6.427281108774275,46036,22049.2,0.0276527361769058,-0.035288114364989,-0.0629408505418948
2026-09-25T06:30:00-04:00,6.627,6.63,6.55,6.57,0,2.785979759694344,6.537405285164823,6.453700753043938,6.4558248870194195,32509,21044.1,0.0336423339623237,-0.0208879330889901,-0.0545302670513139
2026-09-25T06:31:00-04:00,6.5671,6.7549,6.5373,6.73,0,2.785979759694344,6.5424178871849445,6.480014967039754,6.510659909615535,95678,24522.85,0.0463408793254272,0.0033958321054701,-0.0429450472199571
2026-09-25T06:32:00-04:00,6.75,6.76,6.64,6.6637,0,2.785979759694344,6.5445146966747005,6.497508779702635,6.541267927692428,38146,25492.55,0.0480312267653096,0.0170939862366799,-0.0309372405286297
2026-09-25T06:33:00-04:00,6.68,6.82,6.61,6.66,0,2.785979759694344,6.547860911603111,6.512984134016669,6.565014342153942,59516,26724.6,0.0466187510786547,0.0273361983196886,-0.019282552758966
2026-09-25T06:34:00-04:00,6.68,6.73,6.58,6.6,0,2.785979759694344,6.548884576723722,6.521271359348415,6.572011473723154,31558,27582.45,0.0396363422408127,0.0302628750420499,-0.0093734671987628
2026-09-25T06:35:00-04:00,6.59,6.6,6.5,6.55,0,2.785979759694344,6.54889444246935,6.524007420362851,6.567609178978523,24431,27953.55,0.030076674017108,0.0282223753226222,-0.0018542986944858
2026-09-25T06:36:00-04:00,6.5474,6.59,6.52,6.53,0,2.785979759694344,6.548876438205864,6.5245781422330555,6.560087343182818,22505,27719.7,0.0212487422356055,0.024706629100021,0.0034578868644155
2026-09-25T06:37:00-04:00,6.52,6.52,6.34,6.36,0,2.785979759694344,6.547451791404567,6.508904033448955,6.520069874546254,28179,28385.3,0.0037211436970538,0.0081093164857328,0.004388172788679
2026-09-25T06:38:00-04:00,6.3795,6.39,6.33,6.39,0,2.785979759694344,6.546453489735711,6.49757983978715,6.4940558996370035,15914,28403.35,-0.0055853602215528,-0.002593527488262,0.0029918327332908
2026-09-25T06:39:00-04:00,6.399,6.48,6.3701,6.4,0,2.785979759694344,6.545339253947103,6.488286521712183,6.475244719709603,24502,29301.35,-0.0105148020983725,-0.0101516698896748,0.0003631322086976
2026-09-25T06:40:00-04:00,6.4,6.407,6.35,6.36,0,2.785979759694344,6.544738522160629,6.476068757739594,6.452195775767683,9942,28972.25,-0.015609294626458,-0.0191484860743749,-0.0035391914479168
2026-09-25T06:41:00-04:00,6.36,6.41,6.35,6.4,0,2.785979759694344,6.544397358178403,6.468824114145347,6.4417566206141466,6193,28675.6,-0.0153991861433199,-0.0227881741270667,-0.0073889879837468
2026-09-25T06:42:00-04:00,6.4,6.4,6.312,6.34,0,2.785979759694344,6.542947583110691,6.45655515089341,6.421405296491317,21635,29263.5,-0.0182219392690315,-0.0301664120700362,-0.0119444728010047
2026-09-25T06:43:00-04:00,6.34,6.36,6.31,6.35,0,2.785979759694344,6.542465622816684,6.446407041284513,6.407124237193053,6882,29131.85,-0.0182888899588978,-0.0348055852496269,-0.0165166952907291
2026-09-25T06:44:00-04:00,6.36,6.45,6.32,6.34,0,2.785979759694344,6.541588061876525,6.436273037352655,6.393699389754443,14821,29229.15,-0.0178597166016224,-0.0388413410427572,-0.0209816244411347
2026-09-25T06:45:00-04:00,6.35,6.37,6.32,6.37,0,2.785979759694344,6.541075962751292,6.4299613195095455,6.388959511803554,7945,26921.8,-0.0145486678201922,-0.0391674592163751,-0.0246187913961828
2026-09-25T06:46:00-04:00,6.37,6.44,6.36,6.44,0,2.785979759694344,6.540735721934702,6.43091738431816,6.399167609442843,7800,25925.15,-0.0070190200929159,-0.0333925665123278,-0.0263735464194118
2026-09-25T06:47:00-04:00,6.43,6.43,6.33,6.33,0,2.785979759694344,6.5404776114005045,6.421306204859288,6.385334087554274,4267,25626.05,-0.0087111345708291,-0.0372624646329482,-0.0285513300621191
2026-09-25T06:48:00-04:00,6.34,6.35,6.3,6.33,0,2.785979759694344,6.539321797782683,6.4126103758250705,6.374267270043419,15940,25719.95,-0.0090547700490021,-0.0398697926233717,-0.0308150225743696
2026-09-25T06:49:00-04:00,6.32,6.3639,6.26,6.34,0,2.785979759694344,6.538390400357945,6.405695101936969,6.367413816034736,12651,24050.7,-0.0078763767842111,-0.0406604935546335,-0.0327841167704224
2026-09-25T06:50:00-04:00,6.35,6.57,6.32,6.37,0,2.785979759694344,6.5366550804517995,6.402295568419162,6.367931052827789,44052,24627.85,-0.0045114735797992,-0.0384234587451715,-0.0339119851653722
2026-09-25T06:51:00-04:00,6.4065,6.4389,6.3721,6.41,0,2.785979759694344,6.5362516799224615,6.4030293238078135,6.376344842262231,9380,20312.95,0.0006959571078596,-0.0330420387805476,-0.0337379958884073
2026-09-25T06:52:00-04:00,6.4,6.43,6.37,6.4101,0,2.785979759694344,6.535891748302717,6.4037027215404025,6.3830958738097845,8188,18815.05,0.0042373551914583,-0.0284413018990843,-0.0326786570905427
2026-09-25T06:53:00-04:00,6.41,6.4331,6.3774,6.43,0,2.785979759694344,6.5356512417179,6.40620722425084,6.392476699047828,5952,16136.85,0.0078028023298025,-0.0229251541782895,-0.030727956508092
2026-09-25T06:54:00-04:00,6.45,6.49,6.38,6.38,0,2.785979759694344,6.535463060873559,6.403711298131713,6.389981359238262,4798,14798.85,0.0067177774534294,-0.0223307346913053,-0.0290485121447347
2026-09-25T06:55:00-04:00,6.39,6.41,6.29,6.31,0,2.785979759694344,6.534488077770692,6.394786412595359,6.37398508739061,14952,14324.9,0.0014831411597481,-0.0271945856950495,-0.0286777268547976
2026-09-25T06:56:00-04:00,6.31,6.35,6.3039,6.308,0,2.785979759694344,6.533956287387596,6.38652103996723,6.360788069912488,7600,13579.65,-0.0017417621337387,-0.0308549295219711,-0.0291131673882323
2026-09-25T06:57:00-04:00,6.3,6.3452,6.29,6.31,0,2.785979759694344,6.5334462563722555,6.3792333218751125,6.35063045592999,7138,12527.6,-0.0032787084746619,-0.0332115529815597,-0.0299328445068978
2026-09-25T06:58:00-04:00,6.31,6.31,6.25,6.26,0,2.785979759694344,6.532643290314196,6.367877767410816,6.3325043647439925,9486,12206.2,-0.0069881525106935,-0.0386680351452648,-0.0316798826345712
2026-09-25T06:59:00-04:00,6.26,6.28,6.12,6.13,0,2.785979759694344,6.53067354917194,6.345222741943119,6.292003491795194,17098,11836.0,-0.016954306520094,-0.0528727657846888,-0.0359184592645947
2026-09-25T07:00:00-04:00,6.155,6.19,6.05,6.0908,0,2.785979759694344,6.5227629497523,6.320992004615203,6.251762793436155,59258,14301.8,-0.0244863166980189,-0.0665263551371184,-0.0420400384390995
2026-09-25T07:01:00-04:00,6.08,6.17,6.02,6.14,0,2.785979759694344,6.51483592227184,6.303754670842326,6.229410234748924,61665,17075.4,-0.0244005215096845,-0.0725406903262051,-0.0481401688165206
2026-09-25T07:02:00-04:00,6.17,6.17,6.0,6.03,0,2.785979759694344,6.509039190699925,6.277682797428771,6.189528187799139,42075,18097.4,-0.0296486893802702,-0.0852010305418584,-0.0555523411615881
2026-09-25T07:03:00-04:00,6.03,6.08,6.02,6.0366,0,2.785979759694344,6.506408244451222,6.254722531006983,6.158942550239312,18570,18681.8,-0.0304562493666368,-0.0936226528698842,-0.0631664035032474
2026-09-25T07:04:00-04:00,6.04,6.1,6.016,6.1,0,2.785979759694344,6.503998132731313,6.239987051863461,6.147154040191449,18252,18853.35,-0.0247439294733156,-0.0940963153448919,-0.0693523858715763
2026-09-25T07:05:00-04:00,6.1,6.1623,6.07,6.08,0,2.785979759694344,6.500269354179452,6.2247501897812265,6.133723232153159,30964,20004.3,-0.0205105211723786,-0.0949905373370496,-0.0744800161646709
2026-09-25T07:06:00-04:00,6.08,6.12,6.08,6.12,0,2.785979759694344,6.499354794404627,6.214773981230634,6.130978585722527,7734,20001.0,-0.0135501808091169,-0.0914177421760671,-0.0778675613669502
2026-09-25T07:07:00-04:00,6.11,6.15,6.1,6.135,0,2.785979759694344,6.498091943053843,6.207176459208669,6.131782868578021,11368,20356.05,-0.0068100827943606,-0.0863801648599009,-0.0795700820655403
2026-09-25T07:08:00-04:00,6.12,6.12,5.93,5.95,0,2.785979759694344,6.493551256128842,6.182683463093557,6.095426294862417,30727,21095.4,-0.0133093666995678,-0.0962067904400001,-0.0828974237404323
2026-09-25T07:09:00-04:00,5.96,5.99,5.92,5.9301,0,2.785979759694344,6.490498787225081,6.158627895179885,6.062361035889934,18920,21408.85,-0.0171995044656758,-0.1043968043225271,-0.0871972998568512
2026-09-25T07:10:00-04:00,5.92,5.95,5.87,5.9,0,2.785979759694344,6.483847173312404,6.133996667067515,6.029888828711947,39062,21159.35,-0.0198620915506714,-0.1120249142951905,-0.0921628227445191
2026-09-25T07:11:00-04:00,5.9,6.0,5.9,5.97,0,2.785979759694344,6.482458848080555,6.118377936870608,6.017911062969557,9053,21143.0,-0.0151822785631627,-0.1111406709484725,-0.0959583923853098
2026-09-25T07:12:00-04:00,5.9669,5.97,5.94,5.94,0,2.785979759694344,6.4814113732518335,6.10138956193055,6.002328850375646,6776,21072.4,-0.0124928778838258,-0.1115744897400921,-0.0990816118562662
2026-09-25T07:13:00-04:00,5.94,5.95,5.9109,5.95,0,2.785979759694344,6.480943900195066,6.086971508413355,5.991863080300517,2960,20922.8,-0.0086108315577389,-0.1098451513034399,-0.101234319745701
2026-09-25T07:14:00-04:00,5.95,5.95,5.88,5.88,0,2.785979759694344,6.47895374429159,6.067259936183512,5.969490464240414,11919,21278.85,-0.0092705486073461,-0.1128225055048837,-0.1035519568975375
2026-09-25T07:15:00-04:00,5.88,5.9861,5.87,5.9805,0,2.785979759694344,6.475087823242267,6.058997085118416,5.971692371392331,25254,21793.95,-0.0018403303579625,-0.1058523698449906,-0.1040120394870281
2026-09-25T07:16:00-04:00,5.9802,6.1,5.95,6.09,0,2.785979759694344,6.471414771920699,6.061949743678567,5.995353897113865,30133,22920.6,0.0108495517497561,-0.0904500997998329,-0.1012996515495891
2026-09-25T07:17:00-04:00,6.09,6.15,6.03,6.0713,0,2.785979759694344,6.467785765627985,6.062840244280609,6.010543117691092,33214,24224.4,0.0179647118536349,-0.0788437617325454,-0.0968084735861804
2026-09-25T07:18:00-04:00,6.07,6.1,6.05,6.0674,0,2.785979759694344,6.4661523889547885,6.063274506730075,6.021914494152873,14720,24486.1,0.0221163119682281,-0.0691630836258951,-0.0912793955941233
2026-09-25T07:19:00-04:00,6.08,6.12,6.02,6.02,0,2.785979759694344,6.464264877079571,6.059153125136734,6.0215315953222985,16364,24449.4,0.0213663004323198,-0.0645715200537235,-0.0859378204860434
2026-09-25T07:20:00-04:00,6.0511,6.1,6.0377,6.06,0,2.785979759694344,6.4634916856714355,6.059233779885616,6.029225276257839,6960,21834.5,0.0231123362149435,-0.0570474002173639,-0.0801597364323075
2026-09-25T07:21:00-04:00,6.0797,6.1,6.0503,6.0527,0,2.785979759694344,6.462793866087646,6.058611515134605,6.033920221006271,6333,19067.9,0.0232600628314844,-0.051084657892952,-0.0743447207244364
2026-09-25T07:22:00-04:00,6.0597,6.0597,5.97,6.0082,0,2.785979759694344,6.4613303414842935,6.053810418455119,6.028776176805017,11717,17550.0,0.0199712246715349,-0.0493806898850177,-0.0693519145565527
2026-09-25T07:23:00-04:00,6.01,6.01,5.9514,5.98,0,2.785979759694344,6.460430208083211,6.046780854792726,6.019020941444014,6759,16959.45,0.0156955300773349,-0.0497325019598839,-0.0654280320372189
2026-09-25T07:24:00-04:00,5.98,5.98,5.93,5.96,0,2.785979759694344,6.459918280459993,6.038516011479134,6.007216753155211,3673,16230.5,0.0115129635199906,-0.0510368276372306,-0.0625497911572212
2026-09-25T07:25:00-04:00,5.95,5.9799,5.95,5.96,0,2.785979759694344,6.459600405346731,6.031038296100169,5.997773402524168,2315,14798.05,0.0088581377659153,-0.051477118949827,-0.0603352567157424
2026-09-25T07:26:00-04:00,5.95,5.99,5.95,5.99,0,2.785979759694344,6.459269751007837,6.027129886947772,5.996218722019335,2478,14535.25,0.0091943811297356,-0.0488422803035728,-0.0580366614333085
2026-09-25T07:27:00-04:00,5.99,6.15,5.99,6.13,0,2.785979759694344,6.456820642813182,6.036927040571793,6.022974977615468,24164,15175.05,0.0183867294027841,-0.0350532496798283,-0.0534399790826125
2026-09-25T07:28:00-04:00,6.12,6.25,6.12,6.21,0,2.785979759694344,6.452558706151282,6.053410179564956,6.060379982092375,59901,16633.75,0.0287770676709429,-0.0174686444939338,-0.0462457121648767
2026-09-25T07:29:00-04:00,6.21,6.32,6.2,6.29,0,2.785979759694344,6.448876582891323,6.075942543415913,6.106303985673899,76231,19499.3,0.0393080153996532,0.0028893070846898,-0.0364187083149634
2026-09-25T07:30:00-04:00,6.27,6.32,6.15,6.18,0,2.785979759694344,6.4456942048383405,6.085852777376302,6.12104318853912,52517,20172.05,0.0371600976890278,0.0100314137963213,-0.0271286838927064
2026-09-25T07:31:00-04:00,6.16,6.37,6.16,6.346,0,2.785979759694344,6.44140496685771,6.110628703340463,6.166034550831296,110013,25220.05,0.0447068899814519,0.0287549285841084,-0.0159519613973435
2026-09-25T07:32:00-04:00,6.34,6.35,6.23,6.276,0,2.785979759694344,6.439608011290988,6.126378350641372,6.1880276406650365,45916,27177.05,0.0427716586570818,0.0375126119240087,-0.005259046733073
2026-09-25T07:33:00-04:00,6.28,6.29,6.21,6.2101,0,2.785979759694344,6.438494184995353,6.134351841056479,6.192442112532029,22012,28129.65,0.0351588938106267,0.0386895705302103,0.0035306767195836
2026-09-25T07:34:00-04:00,6.21,6.26,6.21,6.21,0,2.785979759694344,6.43679070079918,6.141556427622529,6.195953690025623,32509,29159.15,0.0285057027056739,0.0391628051016761,0.0106571023960021
2026-09-25T07:35:00-04:00,6.21,6.28,6.21,6.2444,0,2.785979759694344,6.436109460648077,6.15135105356324,6.205642952020498,14395,28616.2,0.0249394642425932,0.0418314326992437,0.0168919684566504
2026-09-25T07:36:00-04:00,6.25,6.36,6.2331,6.2902,0,2.785979759694344,6.435036105454097,6.1645747627476934,6.222554361616399,30970,28658.05,0.0241656952881695,0.0470990875668624,0.0229333922786928
2026-09-25T07:37:00-04:00,6.2863,6.32,6.23,6.23,0,2.785979759694344,6.4344310780483,6.170805737724104,6.224043489293119,14179,27706.3,0.018363003497379,0.0458871466504167,0.0275241431530376
2026-09-25T07:38:00-04:00,6.25,6.4,6.25,6.32,0,2.785979759694344,6.432980124297875,6.185014715083713,6.243234791434495,54282,29684.4,0.0192560270973351,0.0515941770247065,0.0323381499273714
2026-09-25T07:39:00-04:00,6.319,6.3623,6.2977,6.3399,0,2.785979759694344,6.4325277354796295,6.19976569459955,6.262567833147596,18949,29813.65,0.0197814749994206,0.0570649936766471,0.0372835186772265
2026-09-25T07:40:00-04:00,6.34,6.34,6.28,6.2955,0,2.785979759694344,6.432212286019457,6.208883247494831,6.269154266518076,10367,29984.0,0.0159004269615354,0.0571590523791458,0.0412586254176104
2026-09-25T07:41:00-04:00,6.2831,6.2969,6.2274,6.246,0,2.785979759694344,6.4315180187793,6.212418176304847,6.264523413214461,16629,30498.8,0.009099213212922,0.052632641933763,0.0435334287208409
2026-09-25T07:42:00-04:00,6.23,6.28,6.22,6.2297,0,2.785979759694344,6.430965221152534,6.214064064275814,6.257558730571569,12374,30531.65,0.0029222345242623,0.0471862218761689,0.0442639873519065
2026-09-25T07:43:00-04:00,6.21,6.23,6.15,6.22,0,2.785979759694344,6.4304018208108005,6.214629391487641,6.2500469844572555,10306,30709.0,-0.002125142074819,0.0416075597583827,0.0437327018332017
2026-09-25T07:44:00-04:00,6.1947,6.26,6.18,6.2,0,2.785979759694344,6.430016810295468,6.213236116107866,6.240037587565804,7507,30900.7,-0.0068523924551251,0.0351672112642953,0.0420196037194205
2026-09-25T07:45:00-04:00,6.2,6.2,6.17,6.19,0,2.785979759694344,6.429617120091572,6.211023152669021,6.230030070052643,6963,31133.1,-0.0104773890203535,0.0289228674439785,0.0394002564643321
2026-09-25T07:46:00-04:00,6.2,6.22,6.2,6.2013,0,2.785979759694344,6.42954067154178,6.210097138129115,6.224284056042114,1457,31082.05,-0.011838289610273,0.0246023944514908,0.0364406840617638
2026-09-25T07:47:00-04:00,6.2095,6.21,6.13,6.13,0,2.785979759694344,6.428442317651546,6.202468839259675,6.205427244833691,17139,30730.8,-0.0169531152226692,0.0152492900334273,0.0322024052560965
2026-09-25T07:48:00-04:00,6.14,6.15,6.1,6.13,0,2.785979759694344,6.427585003673582,6.195567045044467,6.190341795866953,12131,28342.3,-0.0195638616940353,0.0077475781385523,0.0273114398325877
2026-09-25T07:49:00-04:00,6.13,6.17,6.12,6.14,0,2.785979759694344,6.427309415474728,6.190274945516423,6.180273436693562,4144,24737.95,-0.0197854735914556,0.0025795978432681,0.0223650714347237
2026-09-25T07:50:00-04:00,6.17,6.17,6.1,6.17,0,2.785979759694344,6.426828765513555,6.188343998324383,6.1782187493548495,7333,22478.75,-0.0171765565884379,0.0008943756991763,0.0180709322876143
2026-09-25T07:51:00-04:00,6.17,6.23,6.16,6.2,0,2.785979759694344,6.426064268466285,6.189454093722061,6.1825749994838795,14269,17691.55,-0.0128911338004871,0.0019570150370054,0.0148481488374925
2026-09-25T07:52:00-04:00,6.22,6.22,6.1608,6.1868,0,2.785979759694344,6.4255438126829025,6.189201322891388,6.1834199995871035,9460,15868.75,-0.0105071001851074,0.0017142736061082,0.0122213737912156
2026-09-25T07:53:00-04:00,6.1864,6.22,6.18,6.18,0,2.785979759694344,6.425370970180702,6.188325006425542,6.182735999669683,3207,14928.5,-0.0090074145934903,0.0009621055493527,0.009969520142843
2026-09-25T07:54:00-04:00,6.18,6.19,6.12,6.14,0,2.785979759694344,6.424591020562109,6.183722624861204,6.174188799735746,12238,13914.95,-0.0102388539261999,-0.0028290472649068,0.007409806661293
2026-09-25T07:55:00-04:00,6.19,6.19,6.14,6.1628,0,2.785979759694344,6.424455229028192,6.181729993922041,6.171911039788597,2255,13307.95,-0.0090864696591635,-0.0039482804126613,0.0051381892465021
2026-09-25T07:56:00-04:00,6.1569,6.18,6.15,6.15,0,2.785979759694344,6.424274401470614,6.17870808973899,6.167528831830878,2958,11907.35,-0.0087515597591978,-0.005801260452495,0.0029502993067027
2026-09-25T07:57:00-04:00,6.1564,6.22,6.15,6.2,0,2.785979759694344,6.423740784213602,6.180735890716229,6.174023065464702,9876,11692.2,-0.0049188876230718,-0.0031983102221371,0.0017205774009347
2026-09-25T07:58:00-04:00,6.22,6.27,6.18,6.18,0,2.785979759694344,6.422994005282991,6.180665805886112,6.1752184523717615,15202,9738.2,-0.0035508262141568,-0.0027179553667613,0.0008328708473955
2026-09-25T07:59:00-04:00,6.2,6.23,6.12,6.1316,0,2.785979759694344,6.422472122765453,6.175992871992197,6.166494761897409,8669,9224.2,-0.0056035797025043,-0.0061716037807348,-0.0005680240782305
2026-09-25T08:00:00-04:00,6.14,6.1613,6.13,6.15,0,2.785979759694344,6.422262078220053,6.173517360373892,6.163195809517927,3328,8872.25,-0.005417033331735,-0.0073393157428993,-0.0019222824111643
2026-09-25T08:01:00-04:00,6.15,6.15,6.11,6.1199,0,2.785979759694344,6.421966546474019,6.168410945100188,6.154536647614342,4366,8259.1,-0.0069195264411681,-0.0105716904626245,-0.0036521640214563
2026-09-25T08:02:00-04:00,6.1103,6.1107,6.08,6.1,0,2.785979759694344,6.420952563584311,6.161895616995408,6.143629318091474,13666,8323.7,-0.0087352024317356,-0.0145711670611259,-0.0058359646293902
2026-09-25T08:03:00-04:00,6.1097,6.11,6.07,6.07,0,2.785979759694344,6.4204267374562605,6.153143653472036,6.128903454473179,6834,8150.1,-0.0112766437604162,-0.0199317693299105,-0.0086551255694943
2026-09-25T08:04:00-04:00,6.1,6.1394,6.08,6.08,0,2.785979759694344,6.419581141003657,6.1461775912366035,6.1191227635785435,11603,8354.9,-0.0115613458837658,-0.0231068079242016,-0.0115454620404357
2026-09-25T08:05:00-04:00,6.09,6.1113,6.08,6.08,0,2.785979759694344,6.419194954810433,6.139874963499784,6.111298210862834,5168,8265.15,-0.0110284690300512,-0.0253310483279998,-0.0143025792979485
2026-09-25T08:06:00-04:00,6.08,6.14,6.08,6.1362,0,2.785979759694344,6.418920781085636,6.139524966975995,6.116278568690268,4023,8393.45,-0.0063993949795569,-0.0223018230223948,-0.0159024280428378
2026-09-25T08:07:00-04:00,6.13,6.17,6.12,6.17,0,2.785979759694344,6.4187228553015645,6.142427351073519,6.127022854952214,3288,7700.9,-0.0008604977474493,-0.0169780502271494,-0.0161175524797001
2026-09-25T08:08:00-04:00,6.1838,6.3,6.1716,6.26,0,2.785979759694344,6.417719422532608,6.153624746209375,6.153618283961771,25465,8367.6,0.0085468148381682,-0.0054340339319898,-0.013980848770158
2026-09-25T08:09:00-04:00,6.28,6.3,6.2274,6.277,0,2.785979759694344,6.416883101475302,6.165374770379911,6.178294627169417,24949,9407.85,0.0152074589745728,0.005028474948058,-0.0101789840265148
2026-09-25T08:10:00-04:00,6.28,6.2985,6.25,6.282,0,2.785979759694344,6.41633639707313,6.176481935105634,6.199035701735534,17488,9915.6,0.0189969097260307,0.0135671531310235,-0.0054297565950071
2026-09-25T08:11:00-04:00,6.28,6.35,6.2605,6.3201,0,2.785979759694344,6.415717928080172,6.190159846047954,6.223248561388427,26258,10515.05,0.0228571696903207,0.0231417055178937,0.0002845358275729
2026-09-25T08:12:00-04:00,6.3227,6.34,6.2,6.2124,0,2.785979759694344,6.4151520552197665,6.192277955948149,6.221078849110742,15515,10817.8,0.0172027387934372,0.0217879593193695,0.0045852205259322
2026-09-25T08:13:00-04:00,6.25,6.3,6.24,6.2755,0,2.785979759694344,6.4147711671095315,6.200203864905468,6.231963079288594,12049,11259.9,0.016741947064672,0.0255126543567723,0.0087707072921002
2026-09-25T08:14:00-04:00,6.2819,6.34,6.26,6.31,0,2.785979759694344,6.414452251670112,6.210660639676376,6.247570463430875,13012,11298.6,0.0176972397437228,0.0308922569717537,0.0131950172280309
2026-09-25T08:15:00-04:00,6.2938,6.36,6.2938,6.32,0,2.785979759694344,6.414051889750923,6.2210739120881495,6.2620563707447,20350,12203.35,0.0178861603220042,0.0355527176305363,0.017666557308532
2026-09-25T08:16:00-04:00,6.3,6.36,6.27,6.27,0,2.785979759694344,6.41363232776988,6.225733539508326,6.26364509659576,16863,12898.6,0.0137150041792977,0.0348103125326542,0.0210953083533564
2026-09-25T08:17:00-04:00,6.27,6.3,6.25,6.27,0,2.785979759694344,6.413285984980042,6.229949392888486,6.264916077276608,11344,12972.0,0.0101893192362052,0.033831957398613,0.0236426381624077
2026-09-25T08:18:00-04:00,6.2753,6.3,6.2162,6.28,0,2.785979759694344,6.413038502247043,6.234716117375297,6.267932861821286,7703,12597.05,0.0078679784853613,0.0334776112691095,0.0256096327837481
2026-09-25T08:19:00-04:00,6.24,6.28,6.24,6.2403,0,2.785979759694344,6.4127436939895635,6.235247915720507,6.262406289457029,8518,12589.5,0.0032335152539532,0.0296515268511896,0.0264180115972364
2026-09-25T08:20:00-04:00,6.25,6.29,6.2,6.26,0,2.785979759694344,6.412359336247519,6.2376052570804585,6.261925031565624,10917,12968.95,0.001175577280467,0.0278874831978201,0.0267119059173531
2026-09-25T08:21:00-04:00,6.2699,6.33,6.2467,6.33,0,2.785979759694344,6.412145026747151,6.246404756406129,6.275540025252499,9013,13201.3,0.0040477850438201,0.0317716372221283,0.0277238521783082
2026-09-25T08:22:00-04:00,6.33,6.4492,6.3,6.44,0,2.785979759694344,6.411961811382176,6.2648423986531645,6.308432020201999,54528,15244.4,0.0124030275969844,0.0432276366745387,0.0308246090775543
2026-09-25T08:23:00-04:00,6.45,6.5,6.31,6.33,0,2.785979759694344,6.411591356863281,6.2710478844957205,6.3127456161616,54950,17650.2,0.0096887794626924,0.0429355834059199,0.0332468039432274
2026-09-25T08:24:00-04:00,6.33,6.4,6.3215,6.38,0,2.785979759694344,6.411508050818791,6.281424276448509,6.32619649292928,8907,17515.4,0.0103674179120483,0.0462060763332878,0.0358386584212395
2026-09-25T08:25:00-04:00,6.37,6.38,6.36,6.36,0,2.785979759694344,6.411459107575957,6.288907678691508,6.332957194343424,5190,17516.5,0.0086462106822152,0.0466464217740085,0.0380002110917933
2026-09-25T08:26:00-04:00,6.35,6.3601,6.3,6.3,0,2.785979759694344,6.411162188698788,6.289964090244698,6.32636575547474,15493,18090.0,0.0029386421847517,0.0416735138227331,0.0387348716379813
2026-09-25T08:27:00-04:00,6.3,6.34,6.28,6.3004,0,2.785979759694344,6.410893452151088,6.29095798641187,6.321172604379791,12316,18541.4,-0.0011204110200425,0.0373343578629281,0.0384547688829706
2026-09-25T08:28:00-04:00,6.31,6.3195,6.1056,6.16,0,2.785979759694344,6.40941696695359,6.278485797229787,6.288938083503833,32940,18915.15,-0.0129163979223543,0.0223092714800277,0.035225669402382
2026-09-25T08:29:00-04:00,6.14,6.2,6.14,6.18,0,2.785979759694344,6.408747745913477,6.269106197493617,6.267150466803066,13690,18352.2,-0.018677587491657,0.0118786850378107,0.0305562725294678
2026-09-25T08:30:00-04:00,6.2,6.2,6.15,6.19,0,2.785979759694344,6.408247531527004,6.261572273922797,6.251720373442454,10584,18007.0,-0.020949878567139,0.004368924320544,0.025318802887683
2026-09-25T08:31:00-04:00,6.1937,6.1937,6.14,6.14,0,2.785979759694344,6.407942060186093,6.249993962120626,6.229376298753963,5913,16989.75,-0.0246975892230119,-0.0055531836410818,0.01914440558193
2026-09-25T08:32:00-04:00,6.1285,6.18,6.1285,6.1753,0,2.785979759694344,6.407370877521016,6.242880251442471,6.218561039003171,11247,16776.35,-0.0236736655775718,-0.0104476763900347,0.0132259891875371
2026-09-25T08:33:00-04:00,6.1663,6.17,6.15,6.1532,0,2.785979759694344,6.407154024212304,6.234339275114617,6.205488831202537,4223,16385.05,-0.0233218265940284,-0.0159262940549984,0.00739553253903
2026-09-25T08:34:00-04:00,6.1531,6.21,6.15,6.1969,0,2.785979759694344,6.4069178297407365,6.230773629865606,6.203771064962029,5189,15993.9,-0.0191573237974903,-0.0165511222078329,0.0026062015896574
2026-09-25T08:35:00-04:00,6.19,6.21,6.17,6.1779,0,2.785979759694344,6.406720691846431,6.225738046068882,6.198596851969623,4346,15193.7,-0.0167791314099534,-0.0183677126727843,-0.0015885812628309
2026-09-25T08:36:00-04:00,6.2082,6.3,6.18,6.3,0,2.785979759694344,6.406469338226624,6.23281061310994,6.218877481575698,8359,14768.5,-0.0066023171557018,-0.0098414777074582,-0.0032391605517564
2026-09-25T08:37:00-04:00,6.3,6.3,6.15,6.1754,0,2.785979759694344,6.405661496938794,6.227342935670898,6.210181985260559,19989,15200.75,-0.0077997328669107,-0.0129888266353948,-0.005189093768484
2026-09-25T08:38:00-04:00,6.22,6.2699,6.16,6.2699,0,2.785979759694344,6.405083096946671,6.231395989416527,6.222125588208447,16493,15640.25,-0.0020632977434226,-0.0077682159477623,-0.0057049182043397
2026-09-25T08:39:00-04:00,6.26,6.26,6.23,6.23,0,2.785979759694344,6.4049575956244835,6.231263038043525,6.223700470566758,3740,15401.35,-0.0008539640001168,-0.0067723732044857,-0.0059184092043689
2026-09-25T08:40:00-04:00,6.26,6.29,6.24,6.29,0,2.785979759694344,6.404802410698799,6.236857034420332,6.236960376453406,5807,15145.85,0.0038318060015452,-0.0011286517024373,-0.0049604577039826
2026-09-25T08:41:00-04:00,6.28,6.3,6.2531,6.29,0,2.785979759694344,6.40463740828318,6.241918269237443,6.247568301162725,6575,15023.95,0.0066131098037962,0.0033059295507626,-0.0033071802530335
2026-09-25T08:42:00-04:00,6.3,6.31,6.27,6.28,0,2.785979759694344,6.4045312045947815,6.245545100738639,6.25405464093018,4444,12519.75,0.0074016812935825,0.0059449213639446,-0.0014567599296379
2026-09-25T08:43:00-04:00,6.27,6.28,6.25,6.27,0,2.785979759694344,6.404455532652115,6.24787413876353,6.257243712744144,2711,9907.8,0.0068830386261349,0.0071470383530307,0.0002639997268958
2026-09-25T08:44:00-04:00,6.27,6.32,6.27,6.2714,0,2.785979759694344,6.404262660637158,6.250114696976527,6.260074970195315,8133,9869.1,0.0062840810857206,0.0081191010840466,0.0018350199983259
2026-09-25T08:45:00-04:00,6.3,6.38,6.3,6.32,0,2.785979759694344,6.403919547692066,6.2567704401216195,6.272059976156251,24048,10812.0,0.0086640531231484,0.0126650864022614,0.004001033279113
2026-09-25T08:46:00-04:00,6.34,6.4323,6.3336,6.41,0,2.785979759694344,6.403877000125408,6.271363731538608,6.299647980925001,17759,10925.3,0.0154087025940166,0.0232619115216339,0.0078532089276172
2026-09-25T08:47:00-04:00,6.42,6.43,6.38,6.399,0,2.785979759694344,6.403874035537008,6.2835195666301695,6.319518384740001,16922,11155.6,0.0180547780563899,0.0304216814981046,0.0123669034417147
2026-09-25T08:48:00-04:00,6.39,6.42,6.34,6.35,0,2.785979759694344,6.403768176814994,6.289851036474915,6.325614707792001,15693,10293.25,0.0155270133682731,0.0317756701520561,0.016248656783783
2026-09-25T08:49:00-04:00,6.36,6.36,6.31,6.31,0,2.785979759694344,6.403657221080484,6.291769985382066,6.3224917662336,7237,9970.6,0.0104278652797538,0.0292834883834753,0.0188556231037215
2026-09-25T08:50:00-04:00,6.34,6.49,6.32,6.49,0,2.785979759694344,6.403789399281464,6.310649034393298,6.35599341298688,22499,10566.35,0.0180004484861536,0.0413561837114135,0.0233557352252599
2026-09-25T08:51:00-04:00,6.49,6.62,6.48,6.62,0,2.785979759694344,6.406510475826314,6.340111031117746,6.408794730389504,82394,14390.4,0.0298865501970999,0.0607139229716349,0.0308273727745349
2026-09-25T08:52:00-04:00,6.63,6.68,6.57,6.65,0,2.785979759694344,6.410299990946825,6.36962426624939,6.4570357843116035,87227,18189.4,0.0374033087723214,0.0775815087399367,0.0401781999676152
2026-09-25T08:53:00-04:00,6.63,6.9631,6.61,6.96,0,2.785979759694344,6.4233813258240975,6.425850526606591,6.557628627449283,162233,26089.9,0.0595711029752895,0.1146420786867272,0.0550709757114376
2026-09-25T08:54:00-04:00,6.97,7.2,6.82,6.82,0,2.785979759694344,6.454775273747418,6.463388571691677,6.610102901959427,343574,43009.15,0.0609060867577141,0.1312035841585803,0.0702974974008662
2026-09-25T08:55:00-04:00,6.84,7.1,6.83,6.9215,0,2.785979759694344,6.469716161858048,6.507018231530565,6.672382321567541,177967,51690.2,0.0643866350315279,0.1507807911902761,0.0863941561587482
2026-09-25T08:56:00-04:00,6.91,6.94,6.71,6.77,0,2.785979759694344,6.479074497253982,6.53206411424194,6.691905857254033,168682,59706.35,0.0527369063590237,0.1523152891075279,0.0995783827485041
2026-09-25T08:57:00-04:00,6.77,6.89,6.744,6.791,0,2.785979759694344,6.484678213831922,6.556724674790327,6.711724685803227,105155,63964.65,0.0431028601773938,0.1534569579702465,0.1103540977928526
2026-09-25T08:58:00-04:00,6.8,7.0,6.72,6.9785,0,2.785979759694344,6.496475327174647,6.596893753381724,6.765079748642582,180857,72182.85,0.0457646382396166,0.1675598955923734,0.1217952573527567
2026-09-25T08:59:00-04:00,6.97,7.25,6.8,6.87,0,2.785979759694344,6.519977027205075,6.6229038721072735,6.786063798914065,329671,88479.4,0.0369993305659731,0.1680444205602231,0.13104508999425
2026-09-25T09:00:00-04:00,6.8954,6.92,6.64,6.6662,0,2.785979759694344,6.524771134586293,6.627027312858962,6.762091039131252,147580,95568.05,0.0153650865243858,0.1502514481497323,0.1348863616253465
2026-09-25T09:01:00-04:00,6.6662,6.7095,6.55,6.56,0,2.785979759694344,6.525995135820221,6.620643759253347,6.721672831305002,103946,100436.6,-0.0070074708499697,0.1261270230628843,0.1331344939128541
2026-09-25T09:02:00-04:00,6.55,6.6274,6.54,6.61,0,2.785979759694344,6.526447352999594,6.619630067895885,6.699338265044001,47542,102591.5,-0.0186856917594854,0.1097773792134972,0.1284630709729827
2026-09-25T09:03:00-04:00,6.603,6.69,6.56,6.69,0,2.785979759694344,6.527098099046266,6.626331966191516,6.697470612035201,38033,104357.6,-0.0210915997333676,0.1020985713062732,0.1231901710396408
2026-09-25T09:04:00-04:00,6.7,6.71,6.63,6.64,0,2.785979759694344,6.527766713925815,6.627633683697086,6.685976489628161,35527,105727.3,-0.0258079041962933,0.0909302907942741,0.1167381949905675
2026-09-25T09:05:00-04:00,6.6654,6.73,6.64,6.68,0,2.785979759694344,6.5282361276335115,6.632620951916411,6.684781191702529,21373,105593.55,-0.0259226727678076,0.0843348540308079,0.1102575267986156
2026-09-25T09:06:00-04:00,6.7051,6.748,6.69,6.7292,0,2.785979759694344,6.529245565910813,6.641818956495801,6.693664953362023,37017,106556.45,-0.022501065909007,0.0821311944123568,0.1046322603213638
2026-09-25T09:07:00-04:00,6.728,6.75,6.7163,6.7399,0,2.785979759694344,6.529856265177231,6.651160008258105,6.702911962689618,21155,106768.1,-0.0194479893032143,0.0803222736923459,0.0997702629955602
2026-09-25T09:08:00-04:00,6.7307,6.7393,6.61,6.61,0,2.785979759694344,6.530360196181547,6.647240007471619,6.684329570151695,29320,107449.45,-0.0257143852722516,0.0676272814052456,0.0933416666774973
2026-09-25T09:09:00-04:00,6.63,6.69,6.62,6.65,0,2.785979759694344,6.530621257050156,6.6475028639028935,6.677463656121356,15255,107850.35,-0.0265923219034387,0.0601012642981988,0.0866935862016376
2026-09-25T09:10:00-04:00,6.67,6.75,6.66,6.75,0,2.785979759694344,6.531259951835885,6.657264495912142,6.691970924897085,24317,107941.25,-0.0201571846147869,0.0614971054331539,0.0816542900479408
2026-09-25T09:11:00-04:00,6.72,6.89,6.72,6.8739,0,2.785979759694344,6.535134043569511,6.677896448682414,6.728356739917667,95389,108591.0,-0.0079045103348379,0.0717736521293934,0.0796781624642314
2026-09-25T09:12:00-04:00,6.9,6.9,6.81,6.82,0,2.785979759694344,6.536911647193512,6.69143012023647,6.746685391934134,42381,106348.7,-0.0039765866543132,0.0747074291463398,0.0786840158006531
2026-09-25T09:13:00-04:00,6.8211,6.98,6.79,6.98,0,2.785979759694344,6.540396610196688,6.718912965928235,6.793348313547307,68056,101639.85,0.0081872981137572,0.0889181384428496,0.0807308403290924
2026-09-25T09:14:00-04:00,6.97,7.2,6.95,7.17,0,2.785979759694344,6.554399088965353,6.761873635839831,6.868678650837846,188030,93862.65,0.0267715422010198,0.1141952680803672,0.0874237258793474
2026-09-25T09:15:00-04:00,7.17,7.21,6.96,6.96,0,2.785979759694344,6.564241309077504,6.780742813378895,6.886942920670276,156214,92775.0,0.0228176430553934,0.1159457796985892,0.0931281366431957
2026-09-25T09:16:00-04:00,6.98,7.1,6.86,6.9917,0,2.785979759694344,6.570796797619038,6.8008339740094765,6.907894336536221,123147,90498.25,0.020317265615179,0.1185247186621696,0.0982074530469905
2026-09-25T09:17:00-04:00,6.98,7.04,6.96,7.012,0,2.785979759694344,6.573324767780202,6.820945024103812,6.928715469228977,46274,87554.2,0.0180851728119975,0.1208139190619874,0.1027287462499899
2026-09-25T09:18:00-04:00,7.01,7.09,6.95,7.0843,0,2.785979759694344,6.577424641544678,6.8460264503796395,6.959832375383182,70065,82014.6,0.019415544366297,0.1269981767078611,0.1075826323415641
2026-09-25T09:19:00-04:00,7.086,7.26,7.0159,7.08,0,2.785979759694344,6.590767051696211,6.868309645581578,6.9838659003065455,202203,75641.2,0.0179763742868471,0.130053100200123,0.1120767259132759
2026-09-25T09:20:00-04:00,7.0937,7.44,7.04,7.36,0,2.785979759694344,6.608760784877154,6.915137298383333,7.0590927202452365,219868,79255.6,0.0329791428700966,0.1533006545008968,0.1203215116308001
2026-09-25T09:21:00-04:00,7.3838,7.62,7.3,7.49,0,2.785979759694344,6.6411849901142395,6.96988612710873,7.145274176196189,329472,90531.9,0.0478531144435631,0.180137904685254,0.1322847902416909
2026-09-25T09:22:00-04:00,7.481,7.56,7.42,7.5093,0,2.785979759694344,6.65261551804774,7.021258876907898,7.218079340956951,118547,94082.15,0.0546929580664334,0.2006509878247326,0.1459580297582992
2026-09-25T09:23:00-04:00,7.51,7.76,7.47,7.589,0,2.785979759694344,6.6742892082264875,7.0753294600595265,7.292263472765561,206259,102493.45,0.0598685406116828,0.2207937055229027,0.1609251649112199
2026-09-25T09:24:00-04:00,7.58,7.8,7.5,7.76,0,2.785979759694344,6.694153761142761,7.1405361781490955,7.385810778212448,181653,109799.75,0.0694197841586462,0.2476998951095277,0.1782801109508815
2026-09-25T09:25:00-04:00,7.76,7.93,7.6642,7.83,0,2.785979759694344,6.725625211470668,7.206199399277753,7.474648622569958,269165,122189.35,0.0746091095055688,0.2715414978328425,0.1969323883272737
2026-09-25T09:26:00-04:00,7.8438,8.17,7.82,7.925,0,2.785979759694344,6.762622826216962,7.274656599346538,7.5647188980559665,291531,134915.05,0.0782178283624731,0.2947046737803651,0.216486845417892
2026-09-25T09:27:00-04:00,7.9211,7.98,7.72,7.764,0,2.785979759694344,6.780243537550617,7.321260732742106,7.604575118444774,166180,142166.3,0.0641310824972655,0.2966506985394739,0.2325196160422084
2026-09-25T09:28:00-04:00,7.75,7.94,7.72,7.865,0,2.785979759694344,6.786706863388718,7.373045424861905,7.656660094755819,61172,143758.9,0.0562656728686888,0.3028517071280694,0.2465860342593805
2026-09-25T09:29:00-04:00,7.8872,8.46,7.86,8.38,0,2.785979759694344,6.826374968515173,7.468945860589343,7.801328075804655,283234,157157.85,0.0790042660062932,0.3453413667672471,0.2663371007609539
2026-09-25T09:30:00-04:00,8.32,8.8,7.9,8.3401,0,3.162172163532978,7.004981427032359,7.551912921485596,7.909082460643724,1374979,224690.95,0.0841403721980941,0.3715125660085716,0.2873721938104774
2026-09-25T09:31:00-04:00,8.3042,8.44,7.97,8.055,0,3.162172163532978,7.057605600643988,7.599825976582206,7.938265968514979,561252,247984.1,0.0621344733193417,0.3650402854596546,0.3029058121403128
2026-09-25T09:32:00-04:00,8.0274,8.0868,7.48,7.87,0,3.162172163532978,7.0909076877380155,7.625556835955329,7.924612774811983,566236,274176.85,0.0305166081875735,0.3410515723747798,0.3105349641872063
2026-09-25T09:33:00-04:00,7.86,8.4,7.8469,8.3628,0,3.162172163532978,7.135016340737849,7.69577047062625,8.012250219849587,529837,297265.9,0.0377176685720768,0.3576820499023023,0.3199643813302255
2026-09-25T09:34:00-04:00,8.3441,9.14,8.34,8.7506,0,3.162172163532978,7.272940864298202,7.796230425804703,8.15992017587967,1253140,350521.4,0.0620853670410456,0.3975710901315326,0.3354857230904869
2026-09-25T09:35:00-04:00,8.78,9.03,8.5,8.8105,0,3.162172163532978,7.3543185883642845,7.892827528109016,8.290036140703736,834096,384415.5,0.074868069592978,0.4290708100817095,0.3542027404887314
2026-09-25T09:36:00-04:00,8.785,9.08,8.62,8.96,0,3.162172163532978,7.406413039968686,7.994463001622444,8.424028912562989,543681,405442.2,0.0852668539557996,0.4607863079334811,0.3755194539776814
2026-09-25T09:37:00-04:00,8.9698,9.02,8.72,8.8279,0,3.162172163532978,7.435824459329213,8.073837953848878,8.50480313005039,331203,419688.65,0.0754609285834501,0.469845614706994,0.3943846861235439
2026-09-25T09:38:00-04:00,8.8,8.85,8.5,8.68,0,3.162172163532978,7.462762126533135,8.131567672529938,8.539842504040312,362233,434297.05,0.0523248155821742,0.4597907056012618,0.4074658900190875
2026-09-25T09:39:00-04:00,8.6653,8.95,7.92,7.92,0,3.162172163532978,7.486539214413896,8.11141837038423,8.415874003232249,510737,449723.75,-0.0171356183638469,0.3860463670642788,0.4031819854281258
2026-09-25T09:44:00-04:00,7.68,7.92,7.52,7.6139,0,3.162172163532978,7.488915504083294,8.064035668442875,8.2554792025858,208789,449169.8,-0.0829841153541607,0.2994518412354248,0.3824359565895855
2026-09-25T09:45:00-04:00,7.62,7.9,7.2,7.82,0,3.162172163532978,7.49348698590233,8.04079417621022,8.16838336206864,543076,459850.0,-0.1102402882215089,0.2446355963126993,0.3548758845342083
2026-09-25T09:46:00-04:00,7.7682,8.1909,7.73,7.995,0,3.162172163532978,7.503456261005503,8.036432826094961,8.133706689654913,381916,473018.45,-0.1136121957943024,0.2128606397913302,0.3264728355856326
2026-09-25T09:47:00-04:00,7.98,8.12,7.81,8.0935,0,3.162172163532978,7.510278782440523,8.041867795038298,8.12566535172393,251346,475272.8,-0.1064602537352521,0.1933975184165675,0.2998577721518196
2026-09-25T09:48:00-04:00,8.0875,8.25,7.72,7.92,0,3.162172163532978,7.51731623201562,8.030261338367984,8.084532281379143,293188,480849.55,-0.1102028433340155,0.1621042179843002,0.2723070613183157
2026-09-25T09:49:00-04:00,7.8874,8.0,7.8,7.96,0,3.162172163532978,7.51987267035178,8.023569782332938,8.059625825103314,120592,473420.9,-0.1067014757858696,0.1389302165859787,0.2456316923718483
2026-09-25T09:50:00-04:00,7.97,8.16,7.732,7.745,0,3.162172163532978,7.523690267008079,7.997039326872659,7.996700660082651,204094,469049.05,-0.1148735937361203,0.1020397002016979,0.2169132939378182
2026-09-25T09:51:00-04:00,7.7524,7.88,7.6,7.6801,0,3.162172163532978,7.525412176870927,7.966854629075263,7.933380528066121,169867,469233.4,-0.1200931788213376,0.0667968204111462,0.1868899992324838
2026-09-25T09:52:00-04:00,7.6698,7.72,7.36,7.7,0,3.162172163532978,7.526319651210686,7.941439902496667,7.886704422452897,262292,479289.4,-0.1175030996930726,0.0400111246161429,0.1575142243092156
2026-09-25T09:53:00-04:00,7.68,7.71,7.51,7.54,0,3.162172163532978,7.526682117136525,7.903207530830318,7.817363537962318,118627,471059.05,-0.1213668349501063,0.0058056806215827,0.127172515571689
2026-09-25T09:54:00-04:00,7.53,7.5799,7.2,7.3031,0,3.162172163532978,7.524559078766352,7.846054432656001,7.714510830369854,256363,415128.25,-0.1337041114267299,-0.0399576237117234,0.0937464877150065
2026-09-25T09:55:00-04:00,7.2707,7.3499,7.01,7.28,0,3.162172163532978,7.521226594797079,7.7921444866887635,7.627608664295884,216518,397891.55,-0.1367567437210134,-0.0771994419362602,0.0595573017847532
2026-09-25T09:56:00-04:00,7.275,7.3,7.14,7.1851,0,3.162172163532978,7.520310112667099,7.734330726051739,7.539106931436707,59415,372550.5,-0.1381003288662751,-0.1130681092980907,0.0250322195681844
2026-09-25T09:57:00-04:00,7.2,7.281633,7.1,7.21,0,3.162172163532978,7.5187287845762,7.684394466427763,7.473285545149365,99756,351046.45,-0.1303421687051247,-0.1378954913132215,-0.0075533226080967
2026-09-25T09:58:00-04:00,7.22,7.26,7.1302,7.19,0,3.162172163532978,7.517585974049809,7.637309279148929,7.416628436119493,71851,291982.0,-0.1198542434288473,-0.157371126894156,-0.0375168834653086
2026-09-25T09:59:00-04:00,7.1307,7.22,7.08,7.14,0,3.162172163532978,7.515820601677048,7.589946490658555,7.361302748895594,97816,255168.0,-0.1098465064859393,-0.1748250165727327,-0.0649785100867934
2026-09-25T10:00:00-04:00,7.12,7.2,7.1,7.1223,0,3.162172163532978,7.51493820497845,7.545408729643454,7.313502199116475,48467,230407.3,-0.0983526914458854,-0.1879193743941503,-0.0895666829482648
2026-09-25T10:01:00-04:00,7.155,7.3599,7.1201,7.2852,0,3.162172163532978,7.513837158769272,7.520626945867887,7.30784175929318,87653,218229.8,-0.0747803204577073,-0.1830420835203989,-0.1082617630626916
2026-09-25T10:02:00-04:00,7.29,7.49,7.26,7.425,0,3.162172163532978,7.512785394131928,7.511519617689993,7.331273407434544,179650,209100.65,-0.0461767957978169,-0.1659827578099628,-0.1198059620121459
2026-09-25T10:03:00-04:00,7.4199,7.4199,7.27,7.27,0,3.162172163532978,7.511943904653303,7.488517749338565,7.319018725947635,91469,188137.25,-0.0346274865491139,-0.1630903201985383,-0.1284628336494243
2026-09-25T10:04:00-04:00,7.295,7.295,7.06,7.15,0,3.162172163532978,7.510116889880193,7.456277963687273,7.285214980758108,112038,183299.7,-0.0320603217203495,-0.1685382357998612,-0.1364779140795117
2026-09-25T10:05:00-04:00,7.1277,7.171697,7.05,7.0839,0,3.162172163532978,7.509340393051613,7.420813395717056,7.2449519846064865,40154,158153.6,-0.0317447219852013,-0.1761588165610135,-0.1444140945758121
2026-09-25T10:06:00-04:00,7.1061,7.2492,7.0999,7.2068,0,3.162172163532978,7.508492966372092,7.400431167553527,7.237321587685189,55355,141825.55,-0.0207230127860478,-0.1703178605583719,-0.149594847772324
2026-09-25T10:07:00-04:00,7.2,7.41,7.195,7.39,0,3.162172163532978,7.507727950677685,7.3994377230246196,7.267857270148151,91973,133856.9,0.0003267392707863,-0.1491864236838411,-0.1495131629546275
2026-09-25T10:08:00-04:00,7.415,7.45,7.3015,7.4079,0,3.162172163532978,7.507015140409845,7.4002436541651315,7.295865816118521,125704,125482.7,0.0160086069955036,-0.1295024042102479,-0.1455110112057515
2026-09-25T10:09:00-04:00,7.4016,7.48,7.36,7.435,0,3.162172163532978,7.506650826815913,7.40355378233988,7.323692652894817,95414,124223.8,0.0280545550484346,-0.1104428173952083,-0.1384973724436429
2026-09-25T10:10:00-04:00,7.435,7.69,7.4116,7.6049,0,3.162172163532978,7.507267175544189,7.422729612593225,7.379934122315853,215038,124771.0,0.0462393309759937,-0.0806982087236507,-0.1269375396996445
2026-09-25T10:11:00-04:00,7.6,7.64,7.24,7.4,0,3.162172163532978,7.5066796343710305,7.420564887584347,7.383947297852682,159307,124243.0,0.0432942800960607,-0.0728196895795685,-0.1161139696756293
2026-09-25T10:12:00-04:00,7.355,7.3777,7.23,7.305,0,3.162172163532978,7.506161798261465,7.409558707814409,7.368157838282146,56044,113930.6,0.0341747323912438,-0.0733955541865745,-0.1075702865778183
2026-09-25T10:13:00-04:00,7.3,7.3001,7.17,7.215,0,3.162172163532978,7.505659979491233,7.39102930707018,7.337526270625717,39651,109981.8,0.0219043886476271,-0.0801898007682844,-0.1020941894159115
2026-09-25T10:14:00-04:00,7.2053,7.27,7.1,7.15,0,3.162172163532978,7.505104701170161,7.368074134968258,7.300021016500573,36737,99000.5,0.0098479357456867,-0.0897842697338031,-0.0996322054794898
2026-09-25T10:15:00-04:00,7.1224,7.27,7.1224,7.2654,0,3.162172163532978,7.504764505012219,7.358295645923662,7.293096813200458,26199,89484.55,0.0100478257781274,-0.0870724232568305,-0.097120249034958
2026-09-25T10:16:00-04:00,7.26,7.28,7.15,7.195,0,3.162172163532978,7.504513974274046,7.342743679645218,7.2734774505603665,18620,87444.8,0.0060390525864794,-0.0895714333018586,-0.0956104858883381
2026-09-25T10:17:00-04:00,7.2,7.2354,7.18,7.18,0,3.162172163532978,7.504370876439238,7.327244281583768,7.254781960448293,10306,82972.3,0.0031242516892965,-0.0917051712767174,-0.0948294229660139
2026-09-25T10:18:00-04:00,7.1808,7.2093,7.1,7.12,0,3.162172163532978,7.503877399801354,7.307506730956742,7.227825568358634,30149,80887.2,-0.001830985561336,-0.097118154917684,-0.095287169356348
2026-09-25T10:19:00-04:00,7.14,7.1999,7.1153,7.1726,0,3.162172163532978,7.503636732089268,7.294658470865624,7.216780454686908,15576,76775.2,-0.0006153249313374,-0.0960563255205197,-0.0954410005891823
2026-09-25T10:20:00-04:00,7.18,7.205,7.15,7.175,0,3.162172163532978,7.503251246873269,7.283262426021278,7.208424363749526,26071,75655.4,0.0012021637274139,-0.0939382959299148,-0.0951404596573288
2026-09-25T10:21:00-04:00,7.1899,7.1899,7.1,7.112,0,3.162172163532978,7.502747210377182,7.266951718781157,7.189139490999621,30224,72783.95,-0.0008748244114905,-0.0962339901716919,-0.0953591657602014
2026-09-25T10:22:00-04:00,7.11,7.1159,6.6101,6.775,0,3.162172163532978,7.493978448044476,7.220099174135332,7.106311592799697,294063,78504.6,-0.0227679619925594,-0.1238191182509007,-0.1010511562583413
2026-09-25T10:23:00-04:00,6.7803,6.8499,6.7236,6.74,0,3.162172163532978,7.49220168171833,7.1743754432653,7.033049274239758,55291,76695.7,-0.0366089764288702,-0.1468123767944291,-0.1102034003655589
2026-09-25T10:24:00-04:00,6.7332,6.82,6.73,6.81,0,3.162172163532978,7.491045300983055,7.1396730200971765,6.988439419391806,36927,72940.15,-0.0378932132622813,-0.1575699169434106,-0.1196767036811292
2026-09-25T10:25:00-04:00,6.81,6.85,6.76,6.77,0,3.162172163532978,7.490226290420851,7.104466065802208,6.944751535513445,26478,72256.35,-0.0381733600644041,-0.1673934037616344,-0.1292200436972302
2026-09-25T10:26:00-04:00,6.775,6.82,6.6701,6.8044,0,3.162172163532978,7.48858850867499,7.075888345249616,6.916681228410757,51043,72040.75,-0.0329744379317856,-0.1704380911119623,-0.1374636531801766
2026-09-25T10:27:00-04:00,6.78,6.85,6.76,6.78,0,3.162172163532978,7.487792878419298,7.047708502844891,6.8893449827286055,26026,68743.4,-0.0282912008454675,-0.172827654237011,-0.1445364533915435
2026-09-25T10:28:00-04:00,6.8163,6.83,6.7743,6.8152,0,3.162172163532978,7.487406540803139,7.025564835907282,6.874515986182884,12842,63100.3,-0.0203086740494575,-0.1699222959533655,-0.1496136219039079
2026-09-25T10:29:00-04:00,6.795,6.8097,6.75,6.775,0,3.162172163532978,7.486893752498655,7.001701518201827,6.854612788946308,16387,59148.95,-0.0154422379020932,-0.1689164192815244,-0.1534741813794312
2026-09-25T10:30:00-04:00,6.7699,6.7999,6.74,6.74,0,3.162172163532978,7.48594212480143,6.976777564087367,6.831690231157046,29707,49882.4,-0.0124169657931683,-0.1689953886208917,-0.1565784228277233
2026-09-25T10:31:00-04:00,6.74,6.7587,6.6,6.62,0,3.162172163532978,7.483679859472696,6.942798748459999,6.7893521849256375,62293,45031.7,-0.0161004900450011,-0.1767040353839748,-0.1606035453389736
2026-09-25T10:32:00-04:00,6.65,6.7,6.55,6.6031,0,3.162172163532978,7.481746512727009,6.910446486701904,6.75210174794051,50915,44775.25,-0.01717956404355,-0.1820780003934112,-0.1648984363498611
2026-09-25T10:33:00-04:00,6.63,6.74,6.6,6.6746,0,3.162172163532978,7.481005038048223,6.887984916539818,6.736601398352408,20890,43837.2,-0.0108890150548311,-0.1785097051684001,-0.1676206901135689
2026-09-25T10:34:00-04:00,6.69,6.7892,6.66,6.7701,0,3.162172163532978,7.479937969515745,6.876757781631263,6.743301118681926,32908,43645.75,0.0012473520759106,-0.1660615000186807,-0.1673088520945913
2026-09-25T10:35:00-04:00,6.78,6.8,6.7401,6.77,0,3.162172163532978,7.479197798398752,6.866590373856857,6.748640894945541,23859,43528.75,0.0103077447177033,-0.1544241711974621,-0.1647319159151654
2026-09-25T10:36:00-04:00,6.7709,6.8,6.7506,6.7693,0,3.162172163532978,7.47884994700854,6.857324623965728,6.752772715956433,11282,43161.85,0.016903431353934,-0.1436026267227479,-0.1605060580766819
2026-09-25T10:37:00-04:00,6.77,6.93,6.75,6.88,0,3.162172163532978,7.476742224476929,6.85948418358804,6.778218172765146,77406,46516.85,0.0286792926328623,-0.124656942285604,-0.1533362349184664
2026-09-25T10:38:00-04:00,6.88,6.9899,6.88,6.9493,0,3.162172163532978,7.475303658490653,6.86803807086537,6.812434538212117,61704,48094.6,0.0403772597230578,-0.1028646602646441,-0.1432419199877019
2026-09-25T10:39:00-04:00,6.9329,6.95,6.8344,6.895,0,3.162172163532978,7.473858713333023,6.870605873640097,6.828947630569694,57312,50181.4,0.043433286289723,-0.0889503121255481,-0.1323835984152712
2026-09-25T10:40:00-04:00,6.895,6.91,6.75,6.77,0,3.162172163532978,7.472915430846104,6.86102436186485,6.817158104455755,32857,50520.7,0.0363016079189657,-0.087006588516564,-0.1233081964355297
2026-09-25T10:41:00-04:00,6.7899,6.7997,6.7129,6.7997,0,3.162172163532978,7.4720234519009905,6.8551839464491495,6.813666483564604,29413,50480.15,0.0329481817118953,-0.0821229692956606,-0.1150711510075559
2026-09-25T10:42:00-04:00,6.76,6.8,6.72,6.73,0,3.162172163532978,7.471631209379809,6.8432616658349446,6.796933186851684,12585,36406.25,0.0257201115528344,-0.0829210115665128,-0.1086411231193473
2026-09-25T10:43:00-04:00,6.76,6.8496,6.73,6.825,0,3.162172163532978,7.470734807397964,6.84152245956495,6.802546549481347,31031,35193.25,0.0268945449044481,-0.0750229419887871,-0.1019174868932352
2026-09-25T10:44:00-04:00,6.84,6.85,6.75,6.77,0,3.162172163532978,7.4702490988213315,6.83471079674924,6.796037239585077,16563,34175.05,0.0236399912553636,-0.0723674978240307,-0.0960074890793943
2026-09-25T10:45:00-04:00,6.8004,6.8586,6.75,6.845,0,3.162172163532978,7.469840813301221,6.83569072086836,6.805829791668062,14537,33578.0,0.0260224594125065,-0.0634794148137611,-0.0895018742262677
2026-09-25T10:46:00-04:00,6.8681,6.9199,6.82,6.91,0,3.162172163532978,7.46901330778294,6.8427677950713734,6.826663833334449,32817,32666.7,0.0311157236259113,-0.0506072196938784,-0.0817229433197898
2026-09-25T10:47:00-04:00,6.91,6.91,6.8522,6.8969,0,3.162172163532978,7.468447964665096,6.847923243159814,6.840711066667559,22592,32495.0,0.0325859863918825,-0.0409904603299366,-0.0735764467218192
2026-09-25T10:48:00-04:00,6.88,6.91,6.85,6.89,0,3.162172163532978,7.468078208929165,6.85193055333507,6.850568853334047,14723,32589.05,0.032029747897332,-0.0335392618501542,-0.0655690097474862
2026-09-25T10:49:00-04:00,6.871,6.88,6.7754,6.8039,0,3.162172163532978,7.467213453284063,6.847356214922206,6.841235082667238,31118,33325.6,0.0251051353647965,-0.0341875905414905,-0.0592927259062871
2026-09-25T10:50:00-04:00,6.86,6.8699,6.81,6.8479,0,3.162172163532978,7.466803815898562,6.847408003977234,6.84256806613379,15310,32605.75,0.0227974073734286,-0.0307959666895012,-0.0535933740629299
2026-09-25T10:51:00-04:00,6.85,6.85,6.71,6.73,0,3.162172163532978,7.466200024344233,6.8362262893127355,6.820054452907032,20054,30493.8,0.0131203884082706,-0.0371928885525916,-0.0503132769608622
2026-09-25T10:52:00-04:00,6.71,6.7576,6.67,6.7052,0,3.162172163532978,7.465021126809432,6.823747595092475,6.797083562325625,36527,29774.4,0.0052432464345599,-0.0437592189176623,-0.0490024653522222
2026-09-25T10:53:00-04:00,6.7001,6.7489,6.7,6.72,0,3.162172163532978,7.4647319483762065,6.813866871750334,6.7816668498605,9123,29186.05,0.0014223943562548,-0.0472244724069037,-0.0486468667631585
2026-09-25T10:54:00-04:00,6.73,6.7799,6.7101,6.7212,0,3.162172163532978,7.464337034655514,6.80504145539316,6.7695734798883995,12712,28176.25,-0.0005269205717796,-0.0493055174778831,-0.0487785969061034
2026-09-25T10:55:00-04:00,6.754,6.76,6.73,6.7592,0,3.162172163532978,7.464165587090038,6.800675602498573,6.767498783910719,5621,27264.35,0.0011486850249517,-0.0473427406249138,-0.0484914256498655
2026-09-25T10:56:00-04:00,6.76,6.76,6.6781,6.7,0,3.162172163532978,7.463653928484136,6.791087449879661,6.753999027128575,15963,27498.4,-0.0011972124425656,-0.0499879412030725,-0.0487907287605069
2026-09-25T10:57:00-04:00,6.7,6.74,6.6816,6.71,0,3.162172163532978,7.462954161167296,6.783364835605408,6.74519922170286,21804,24718.3,-0.0015218232741236,-0.0506930078531615,-0.0491711845790378
2026-09-25T10:58:00-04:00,6.7,6.705,6.61,6.64,0,3.162172163532978,7.4622629596879,6.769711041738226,6.724159377362288,20010,22633.6,-0.0056644587272464,-0.0562517579880958,-0.0505872992608494
2026-09-25T10:59:00-04:00,6.63,6.64,6.42,6.45,0,3.162172163532978,7.46016177357656,6.7392623710964905,6.669327501889831,51576,22346.8,-0.0196282034607816,-0.0751225535868265,-0.0554943501260448
2026-09-25T11:00:00-04:00,6.4216,6.5685,6.41,6.53,0,3.162172163532978,7.4589931617116445,6.719332621468253,6.641462001511865,28768,22142.35,-0.021740120775015,-0.0826695010948137,-0.0609293803197986
2026-09-25T11:01:00-04:00,6.5202,6.61,6.5202,6.5538,0,3.162172163532978,7.458300648061969,6.7035676098998485,6.623929601209492,18195,21581.45,-0.0198498346492256,-0.0857416736313307,-0.065891838982105
2026-09-25T11:02:00-04:00,6.5549,6.65,6.5549,6.6286,0,3.162172163532978,7.458031202360686,6.696427837528434,6.624863680967594,7504,21327.4,-0.0122501942219825,-0.0812045817595832,-0.0689543875376007
2026-09-25T11:03:00-04:00,6.6101,6.661,6.6,6.659,0,3.162172163532978,7.457478223921638,6.692863281573345,6.631690944774075,15959,20573.8,-0.0042760104390816,-0.0742994005864527,-0.0700233901473711
2026-09-25T11:04:00-04:00,6.63,6.7,6.59,6.59,0,3.162172163532978,7.457022008357694,6.68306677856636,6.62335275581926,12971,20394.2,-0.0028188199183156,-0.0735469150452656,-0.07072809512695
2026-09-25T11:05:00-04:00,6.6248,6.6248,6.55,6.5506,0,3.162172163532978,7.456318147231149,6.670450894893373,6.608802204655408,18868,20610.75,-0.0036273153443223,-0.0752622393073529,-0.0716349239630306
2026-09-25T11:06:00-04:00,6.5511,6.59,6.55,6.58,0,3.162172163532978,7.4561476361472865,6.6618365239511474,6.603041763724327,4566,19198.2,-0.001414593505873,-0.0734031658453719,-0.0719885723394989
2026-09-25T11:07:00-04:00,6.56,6.56,6.4501,6.4961,0,3.162172163532978,7.454861908373644,6.646052093098657,6.581653410979461,31907,19663.95,-0.0046515429176861,-0.0778030009866066,-0.0731514580689204
2026-09-25T11:08:00-04:00,6.5,6.56,6.41,6.41,0,3.162172163532978,7.453931229513373,6.623570941374975,6.547322728783569,22170,20036.3,-0.0112643515076949,-0.0872318974535391,-0.0759675459458441
2026-09-25T11:09:00-04:00,6.4101,6.5105,6.41,6.51,0,3.162172163532978,7.452664773435588,6.6127546612440256,6.539858183026855,30757,20018.25,-0.0077442879038026,-0.0856479058255974,-0.0779036179217948
2026-09-25T11:10:00-04:00,6.52,6.85,6.52,6.8,0,3.162172163532978,7.451191309044568,6.630587550649357,6.591886546421484,48038,21654.65,0.0140853430581239,-0.0602969390991399,-0.0743822821572638
2026-09-25T11:11:00-04:00,6.7853,6.89,6.7853,6.84,0,3.162172163532978,7.449987501747123,6.650531593444656,6.641509237137187,46805,22992.2,0.0302601914976045,-0.0365570427852581,-0.0668172342828627
2026-09-25T11:12:00-04:00,6.84,6.87,6.8,6.84,0,3.162172163532978,7.449213581818269,6.668576203592784,6.6812073897097495,30101,22670.9,0.0394211438703535,-0.0175408044449207,-0.0569619483152743
2026-09-25T11:13:00-04:00,6.83,6.94,6.81,6.8984,0,3.162172163532978,7.448303357239415,6.6904641842029955,6.7246459117678,38396,24134.55,0.0473427926150803,0.002216542453576,-0.0451262501615042
2026-09-25T11:14:00-04:00,6.9,6.9,6.8537,6.8735,0,3.162172163532978,7.447871039630137,6.707896166659853,6.75441672941424,18054,24401.65,0.0486484887411177,0.0156843607648928,-0.0329641279762248
2026-09-25T11:15:00-04:00,6.875,6.889,6.76,6.835,0,3.162172163532978,7.4471203867054845,6.7200012936446285,6.770533383531392,28991,25570.15,0.044760187215236,0.0229861060428202,-0.0217740811724158
2026-09-25T11:16:00-04:00,6.84,6.9,6.835,6.86,0,3.162172163532978,7.446825367558847,6.733334503773712,6.788426706825113,12139,25378.95,0.041770623908391,0.0304391987130729,-0.011331425195318
2026-09-25T11:17:00-04:00,6.85,6.8794,6.8,6.8786,0,3.162172163532978,7.446496448388976,6.74716931293812,6.80646136546009,13267,24952.1,0.0389974534047011,0.0374153915605584,-0.0015820618441427
2026-09-25T11:18:00-04:00,6.8777,6.98,6.862,6.9496,0,3.162172163532978,7.445701301839811,6.766448425991633,6.835089092368072,36990,25801.1,0.0397604503974162,0.0481185011526275,0.0083580507552112
2026-09-25T11:19:00-04:00,6.94,7.09,6.8762,6.9551,0,3.162172163532978,7.443514945839272,6.784415242563858,6.859091273894458,111715,28808.05,0.038429172017553,0.0563945157771526,0.0179653437595995
2026-09-25T11:20:00-04:00,6.94,6.95,6.8297,6.8357,0,3.162172163532978,7.442679442456856,6.789299505176824,6.854413019115566,35292,29134.25,0.0277966161522436,0.0527111139499041,0.0249144977976604
2026-09-25T11:21:00-04:00,6.8653,6.9,6.8101,6.8701,0,3.162172163532978,7.442408376335804,6.796994790398078,6.857550415292453,11241,28786.55,0.0216433784869389,0.0519687209063342,0.0303253424193952
2026-09-25T11:22:00-04:00,6.87,6.96,6.85,6.9008,0,3.162172163532978,7.441823699038642,6.8068810008363565,6.866200332233962,26246,29723.65,0.0183347985830396,0.0532438406481947,0.0349090420651551
2026-09-25T11:23:00-04:00,6.91,6.93,6.87,6.9,0,3.162172163532978,7.441533240394851,6.81574947694718,6.87296026578717,12973,29574.35,0.0149305911545657,0.0535722810083623,0.0386416898537965
2026-09-25T11:24:00-04:00,6.9017,6.9099,6.85,6.9099,0,3.162172163532978,7.441269668968531,6.824716193428401,6.880348212629736,11569,29504.25,0.0122937195903488,0.0540088393417326,0.0417151197513837
2026-09-25T11:25:00-04:00,6.91,7.08,6.91,7.0462,0,3.162172163532978,7.439610773396866,6.8458098892923624,6.913518570103789,93942,33257.95,0.0183145612775434,0.064608321348313,0.0462937600707696
2026-09-25T11:26:00-04:00,7.0499,7.09,7.0,7.0501,0,3.162172163532978,7.438901724916957,6.865266090312137,6.940834856083031,43941,35226.7,0.0209550661534682,0.0724875927626049,0.0515325266091366
2026-09-25T11:27:00-04:00,7.05,7.17,7.031,7.1122,0,3.162172163532978,7.43785196137261,6.888783605520505,6.975107884866425,76656,37464.15,0.0250048489749225,0.0827885878277898,0.0577837388528673
2026-09-25T11:28:00-04:00,7.1102,7.2,7.1,7.19,0,3.162172163532978,7.437019575977983,6.917470881185219,7.01808630789314,74289,40070.1,0.0306705898160964,0.0961219761229879,0.0654513863068914
2026-09-25T11:29:00-04:00,7.1991,7.23,7.1206,7.1475,0,3.162172163532978,7.436440316765709,6.939378416310436,7.043969046314512,52484,41156.45,0.0293050049051567,0.1020826424383374,0.0727776375331806
2026-09-25T11:30:00-04:00,7.14,7.3099,7.14,7.2901,0,3.162172163532978,7.435805568411848,6.9727804718999185,7.093195237051609,82399,42874.5,0.0353497649884386,0.1169648437687289,0.0816150787802903
2026-09-25T11:31:00-04:00,7.29,7.34,7.15,7.19,0,3.162172163532978,7.435028710664697,6.993468046004688,7.112556189641287,91850,45126.75,0.0301531931663246,0.1193065702381961,0.0891533770718714
2026-09-25T11:32:00-04:00,7.185,7.3,7.12,7.12,0,3.162172163532978,7.434532781090886,7.005518708289956,7.11404495171303,48178,46030.6,0.0200353716228616,0.1141975916004485,0.0941622199775868
2026-09-25T11:33:00-04:00,7.14,7.15,7.07,7.1249,0,3.162172163532978,7.434046187885578,7.016888355119484,7.116215961370424,37782,45999.9,0.0120976773739991,0.1092843166950858,0.0971866393210866
2026-09-25T11:34:00-04:00,7.1499,7.1499,7.07,7.0925,0,3.162172163532978,7.433836856280617,7.024089464155724,7.111472769096339,15754,45884.9,0.0035345798120081,0.1016048640860969,0.0980702842740887
2026-09-25T11:35:00-04:00,7.07,7.0899,6.8501,6.9318,0,3.162172163532978,7.432808979137615,7.015299991378988,7.075538215277071,53667,47118.7,-0.0131674789966987,0.0816109355282153,0.094778414524914
2026-09-25T11:36:00-04:00,6.94,6.9785,6.8507,6.875,0,3.162172163532978,7.432034857124681,7.001938087438132,7.035430572221657,36300,48326.75,-0.0274346648965727,0.0604850834041981,0.0879197483007708
2026-09-25T11:37:00-04:00,6.875,6.93,6.81,6.877,0,3.162172163532978,7.43127717181786,6.990039221967834,7.003744457777326,33779,49352.35,-0.0356128023849996,0.0434037453195212,0.0790165477045209
2026-09-25T11:38:00-04:00,6.88,7.03,6.88,6.94,0,3.162172163532978,7.430557948405427,6.9852735817804215,6.99099556622186,37345,49370.1,-0.0355716845394851,0.0345519420301645,0.0701236265696496
2026-09-25T11:39:00-04:00,6.94,7.0,6.94,6.985,0,3.162172163532978,7.430301983134664,6.9852475263727625,6.9897964529774885,14049,44486.8,-0.0314486950337393,0.0308127577774754,0.0622614528112148
2026-09-25T11:40:00-04:00,6.99,7.1,6.98,7.06,0,3.162172163532978,7.429835678145363,6.992366809575357,7.00383716238199,30429,44243.65,-0.0229971935212349,0.0335149609096712,0.0565121544309061
2026-09-25T11:41:00-04:00,7.0899,7.1,7.03,7.0765,0,3.162172163532978,7.429479243741819,7.000379494377704,7.018369729905593,24742,44918.7,-0.0159566242922808,0.036566374065555,0.0525229983578359
2026-09-25T11:42:00-04:00,7.051,7.0799,7.0101,7.0303,0,3.162172163532978,7.429163246399778,7.003229066341732,7.020755783924474,20353,44624.05,-0.0141344775042389,0.0348549014775372,0.0489893789817761
2026-09-25T11:43:00-04:00,7.0585,7.0585,6.98,7.002,0,3.162172163532978,7.428696305641352,7.003112012404425,7.017004627139579,28205,45385.65,-0.0145041052344231,0.0308592474387472,0.0453633526731703
2026-09-25T11:44:00-04:00,7.02,7.0399,6.93,6.955,0,3.162172163532978,7.428491270155775,6.998529915984956,7.004603701711663,11351,45374.75,-0.0173884507981871,0.0236277891754363,0.0410162399736235
2026-09-25T11:45:00-04:00,6.94,6.945,6.76,6.8,0,3.162172163532978,7.42760103545637,6.979622304938769,6.96368296136933,37735,42564.4,-0.0285504465168681,0.0053281818275383,0.0338786283444065
2026-09-25T11:46:00-04:00,6.86,6.9102,6.8,6.8991,0,3.162172163532978,7.427192240481026,6.9719535139922195,6.950766369095464,18449,41289.8,-0.0280344421091805,-0.0011644242920691,0.0268700178171113
2026-09-25T11:47:00-04:00,6.9,6.9,6.841,6.8906,0,3.162172163532978,7.426970106539264,6.964205560278675,6.938733095276372,10172,37965.6,-0.0270288277288794,-0.0069160168439879,0.0201128108848915
2026-09-25T11:48:00-04:00,6.8659,6.89,6.8201,6.8222,0,3.162172163532978,7.426750421349217,6.9506812212045155,6.915426476221097,9496,34725.95,-0.0295301251674954,-0.0167998455744777,0.0127302795930176
2026-09-25T11:49:00-04:00,6.82,6.879,6.81,6.8226,0,3.162172163532978,7.426341001510117,6.938483009661228,6.896861180976878,17509,32977.2,-0.0296404044498637,-0.024320225969312,0.0053201784805517
2026-09-25T11:50:00-04:00,6.82,6.864,6.7,6.71,0,3.162172163532978,7.425455282924891,6.916722723026825,6.859488944781503,33457,30530.1,-0.0353900983854233,-0.0389174445012274,-0.0035273461158041
2026-09-25T11:51:00-04:00,6.7072,6.8102,6.7072,6.7701,0,3.162172163532978,7.425148104420748,6.902758654167127,6.841611155825202,11703,26522.75,-0.0332710879807531,-0.0451162060917456,-0.0118451181109924
2026-09-25T11:52:00-04:00,6.79,6.8179,6.76,6.76,0,3.162172163532978,7.424774632751701,6.889162591865496,6.825288924660161,14614,24844.55,-0.0307353766251159,-0.0502643388923873,-0.0195289622672714
2026-09-25T11:53:00-04:00,6.785,6.7949,6.7623,6.78,0,3.162172163532978,7.424705041506219,6.878766154544973,6.816231139728129,2724,23091.65,-0.0260804475442107,-0.0521295216975348,-0.026049074153324
2026-09-25T11:54:00-04:00,6.7758,6.8199,6.7716,6.7999,0,3.162172163532978,7.424628301714805,6.871255092207356,6.812964911782503,3091,22458.5,-0.020288192074401,-0.0514093142463254,-0.0311211221719243
2026-09-25T11:55:00-04:00,6.8,6.8199,6.78,6.809,0,3.162172163532978,7.424581332546276,6.865326035806656,6.812171929426002,1910,19870.65,-0.0147297119362892,-0.0495332620922859,-0.0348035501559966
2026-09-25T11:56:00-04:00,6.81,6.81,6.7,6.7,0,3.162172163532978,7.42408958302828,6.849580699063165,6.789737543540801,18084,18959.85,-0.0171124364647466,-0.05619409573693,-0.0390816592721833
2026-09-25T11:57:00-04:00,6.7,6.7422,6.67,6.6901,0,3.162172163532978,7.423630598452688,6.83439206105715,6.769810034832641,16063,18074.05,-0.017984314685938,-0.0615620526296059,-0.0435777379436678
2026-09-25T11:58:00-04:00,6.7,6.72,6.6,6.72,0,3.162172163532978,7.422695964585532,6.823497579051707,6.759848027866113,31856,17799.6,-0.0152825855036625,-0.062680969823246,-0.0473983843195834
2026-09-25T11:59:00-04:00,6.73,6.7773,6.7001,6.77,0,3.162172163532978,7.42238568662812,6.818402571522973,6.76187842229289,11681,17681.2,-0.0091650503948571,-0.0588546973131549,-0.0496896469182977
2026-09-25T12:00:00-04:00,6.7791,6.7899,6.76,6.7785,0,3.162172163532978,7.422166966705764,6.814602326616023,6.765202737834312,8585,16589.0,-0.0038547896502959,-0.0545081339811677,-0.0506533443308717
2026-09-25T12:01:00-04:00,6.77,6.77,6.6869,6.736,0,3.162172163532978,7.422028787643966,6.80711639074783,6.75936219026745,5072,15605.5,-0.0025748004901026,-0.0538718449435,-0.0512970444533974
2026-09-25T12:02:00-04:00,6.7396,6.76,6.7002,6.7002,0,3.158762639723454,7.421920965832991,6.796933877343275,6.74752975221396,3898,14782.75,-0.0034545597877914,-0.0556152441881367,-0.0521606844003453
2026-09-25T12:03:00-04:00,6.71,6.72,6.66,6.66,0,3.1549340682948825,7.421751043349753,6.783892555691534,6.730023801771168,5813,13663.15,-0.0059148132217371,-0.0595542009275167,-0.0536393877057795
