time,open,high,low,close,Nested Reclaim Evidence Marker,Reclaim Entry Marker,Extended Resistance Entry Marker,Long Resistance Entry Marker,High Quality Reclaim Entry Marker,Strong Reclaim Entry,Support Zone Low,Support Zone High,Highest Resistance Rejection,Former Support / Resistance Line,Prior Advance Percent,Entry Body Expansion,Entry Volume vs Resistance,Entry Volume vs Prior 3 Bars,Resistance Stage Bull / Bear Relative Volume,Distinct Resistance Attempts,Breakout Behavior Quality Score,Resistance Stage Bars,Resistance Stage Quiet Bars (%),Breakdown Volume vs Average,Breakdown Body / Range (%),Breakdown Close From Low (%),Entry Body / Range (%),Entry Candle Range (%),Gap To Recent High (%),Entry Volume vs Participation Average,Entry Distance From Support (%),Bullish Resistance Bars (%),Entry Gap Above EMA20 (%),Entry Has Recent Expansion Evidence,Entry Has Nested Reclaim Evidence,Entry Has Either Context Evidence,Nested Evidence Age (Bars),Nested Reclaim Cleared Resistance,Nested Reclaim Higher Resistance,EMA,VWAP,EMA.1,EMA.2,Volume,Volume MA
2026-09-30T09:31:00-04:00,2.0146,2.0146,2.0146,2.0146,0,0,0,0,0,0,,,,,,,,,,,,,,,,,,,,,,,,,,,,,,2.670198649444399,2.0146,1.8834164225072825,1.911126963435246,7180,775.2999999999477
2026-09-30T09:36:00-04:00,1.95,1.96,1.94,1.96,0,0,0,0,0,0,,,,,,,,,,,,,,,,,,,,,,,,,,,,,,2.670198649444399,1.9830961659900768,1.890710096554208,1.920901570748197,7600,1130.2999999999477
2026-09-30T09:38:00-04:00,1.96,1.96,1.96,1.96,0,0,0,0,0,0,,,,,,,,,,,,,,,,,,,,,,,,,,,,,,2.670198649444399,1.9829409498207888,1.8973091349776168,1.9287212565985576,100,1130.2999999999477
2026-09-30T09:39:00-04:00,2.070601,2.070601,2.070601,2.070601,0,0,0,0,0,0,,,,,,,,,,,,,,,,,,,,,,,,,,,,,,2.670198649444399,2.0073735862013247,1.9138131221226051,1.957097205278846,5750,1407.7999999999477
2026-09-30T09:42:00-04:00,2.025,2.025,2.025,2.025,0,0,0,0,0,0,,,,,,,,,,,,,,,,,,,,,,,,,,,,,,2.670198649444399,2.007458614729056,1.9244023485871191,1.9706777642230768,100,1392.7999999999477
2026-09-30T09:44:00-04:00,2.0899,2.09,2.08,2.09,0,0,0,0,0,0,,,,,,,,,,,,,,,,,,,,,,,,,,,,,,2.670198649444399,2.0287688205218615,1.940173553483584,1.9945422113784617,7630,1764.2999999999477
2026-09-30T09:45:00-04:00,1.975,2.089,1.975,2.0754,0,0,0,0,0,0,,,,,,,,,,,,,,,,,,,,,,,,,,,,,,2.670198649444399,2.0299346865393058,1.9530522626756237,2.010713769102769,2000,1849.2999999999477
2026-09-30T09:46:00-04:00,2.09,2.1,2.0899,2.0899,0,0,0,0,0,0,,,,,,,,,,,,,,,,,,,,,,,,,,,,,,2.670198649444399,2.0321452057770144,1.9660853805160403,2.026551015282215,1098,1894.1999999999475
2026-09-30T09:57:00-04:00,2.17,2.42,2.17,2.36,0,0,0,0,0,0,,,,,,,,,,,,,,,,,,,,,,,,,,,,,,2.670198649444399,2.1429721951613945,2.003601058562132,2.093240812225772,20072,2882.799999999947
2026-09-30T09:58:00-04:00,2.27,2.3299,2.27,2.3299,0,0,0,0,0,0,,,,,,,,,,,,,,,,,,,,,,,,,,,,,,2.670198649444399,2.1438232153660013,2.034677148222881,2.140572649780618,264,2890.9999999999477
2026-09-30T09:59:00-04:00,2.318,2.318,2.318,2.318,0,0,0,0,0,0,,,,,,,,,,,,,,,,,,,,,,,,,,,,,,2.670198649444399,2.1443562761855266,2.061660276963559,2.176058119824494,159,2823.9499999999475
2026-09-30T10:00:00-04:00,2.28,2.37,2.28,2.37,0,0,0,0,0,0,,,,,,,,,,,,,,,,,,,,,,,,,,,,,,2.670198649444399,2.150555264694736,2.0910259648717915,2.2148464958595953,1700,2903.9499999999475
2026-09-30T10:02:00-04:00,2.45,2.68,2.16,2.34,0,0,0,0,0,0,,,,,,,,,,,,,,,,,,,,,,,,,,,,,,2.670198649444399,2.2335373238054346,2.1147377777411447,2.2398771966876763,27862,4277.049999999947
2026-09-30T10:03:00-04:00,2.3698,2.3698,2.17,2.22,0,0,0,0,0,0,,,,,,,,,,,,,,,,,,,,,,,,,,,,,,2.670198649444399,2.236350850574471,2.124762751289607,2.235901757350141,13558,4949.949999999948
2026-09-30T10:04:00-04:00,2.18,2.38,2.145,2.35,0,0,0,0,0,0,,,,,,,,,,,,,,,,,,,,,,,,,,,,,,2.670198649444399,2.240430434450799,2.146213917833454,2.2587214058801126,7570,5323.449999999948
2026-09-30T10:05:00-04:00,2.35,2.38,2.24,2.24,0,0,0,0,0,0,,,,,,,,,,,,,,,,,,,,,,,,,,,,,,2.670198649444399,2.242355810917217,2.155145925658839,2.25497712470409,4460,5461.449999999948
2026-09-30T10:06:00-04:00,2.2911,2.2911,2.22,2.24,0,0,0,0,0,0,,,,,,,,,,,,,,,,,,,,,,,,,,,,,,2.670198649444399,2.2425590510900193,2.1632272660722833,2.251981699763272,2788,5580.849999999948
2026-09-30T10:07:00-04:00,2.26,2.3498,2.2551,2.2551,0,0,0,0,0,0,,,,,,,,,,,,,,,,,,,,,,,,,,,,,,2.670198649444399,2.244029925728494,2.1719770502558755,2.2526053598106177,3791,5762.499999999947
2026-09-30T10:08:00-04:00,2.2601,2.3996,2.2155,2.27,0,0,0,0,0,0,,,,,,,,,,,,,,,,,,,,,,,,,,,,,,2.670198649444399,2.2458775588148026,2.1813125692791253,2.2560842878484944,4273,5911.149999999948
2026-09-30T10:09:00-04:00,2.28,2.39,2.28,2.34,0,0,0,0,0,0,,,,,,,,,,,,,,,,,,,,,,,,,,,,,,2.670198649444399,2.2470431095470436,2.1964256579192085,2.2728674302787955,1534,5974.449999999948
2026-09-30T10:10:00-04:00,2.36,2.7,2.33,2.6678,0,0,0,0,0,0,,,,,,,,,,,,,,,,,,,,,,,,,,,,,,2.670198649444399,2.319469031771905,2.241318452403094,2.3518539442230364,35113,7371.099999999948
2026-09-30T10:11:00-04:00,2.67,2.78,2.6599,2.78,0,0,0,0,0,0,,,,,,,,,,,,,,,,,,,,,,,,,,,,,,2.670198649444399,2.4148283768869776,2.292621456936132,2.437483155378429,45343,9258.249999999947
2026-09-30T10:16:00-04:00,2.76,2.8,2.34,2.451,0,0,0,0,0,0,,,,,,,,,,,,,,,,,,,,,,,,,,,,,,2.670198649444399,2.481836580815186,2.3077051277041196,2.440186524302743,276265,23066.49999999995
2026-09-30T10:17:00-04:00,2.47,2.71,2.35,2.53,0,0,0,0,0,0,,,,,,,,,,,,,,,,,,,,,,,,,,,,,,2.670198649444399,2.495920363843574,2.3288760679227747,2.4581492194421943,196799,32618.949999999943
2026-09-30T10:18:00-04:00,2.511,2.5354,2.3801,2.42,0,0,0,0,0,0,,,,,,,,,,,,,,,,,,,,,,,,,,,,,,2.670198649444399,2.491903098344685,2.337554537644415,2.4505193755537555,57849,35506.39999999995
2026-09-30T10:19:00-04:00,2.4253,3.0,2.4253,2.88,0,0,0,0,1,1,2.6599,2.67,2.71,2.6599,37.10824742268042,6.657355324074117,1.6066849933180556,1.786699515739867,3.703085125751663,1.0,3.0,2.0,0.0,11.976892896624976,67.17391304347821,24.13043478260874,79.11954062989383,19.95486111111111,-2.777777777777779,17.90343174493826,8.274747170946274,100.0,20.541633223820433,1.0,0.0,1.0,,,,2.670198649444399,2.5754110818278364,2.389216010249709,2.536415500443004,316194,50934.59999999995
2026-09-30T10:20:00-04:00,2.8867,3.18,2.769,3.1015,0,0,0,0,0,0,,,,,,,,,,,,,,,,,,,,,,,,,,,,,,2.670198649444399,2.7636254202673536,2.4570525807021175,2.6494324003544034,778294,89749.29999999996
2026-09-30T10:21:00-04:00,3.1098,3.1099,2.63,2.73,0,0,0,0,0,0,,,,,,,,,,,,,,,,,,,,,,,,,,,,,,2.670198649444399,2.778385676874159,2.4830475730162016,2.6655459202835226,599866,119687.69999999995
2026-09-30T10:22:00-04:00,2.74,2.81,2.4,2.55,0,0,0,0,0,0,,,,,,,,,,,,,,,,,,,,,,,,,,,,,,2.670198649444399,2.7485859806617725,2.489423994633706,2.642436736226818,446337,141000.94999999995
2026-09-30T10:23:00-04:00,2.55,2.58,2.4601,2.505,0,0,0,0,0,0,,,,,,,,,,,,,,,,,,,,,,,,,,,,,,2.670198649444399,2.738026912059245,2.49090742371621,2.6149493889814543,135972,147786.34999999995
2026-09-30T10:24:00-04:00,2.51,2.76,2.49,2.7398,0,1,0,0,0,1,2.6599,2.67,2.58,2.6599,37.10824742268042,4.669026936272729,2.277660106492513,0.785919174403113,,1.0,2.0,1.0,100.0,3.165489310533014,46.34146341463423,36.5853658536585,85.11111111111124,9.854733922184089,16.06686619461275,5.5835395398102445,3.0038723260272793,0.0,8.955201362755162,1.0,0.0,1.0,,,,2.670198649444399,2.7310472406906707,2.5146114786003806,2.639919511185163,309698,163263.29999999996
2026-09-30T10:25:00-04:00,2.73,2.98,2.66,2.9335,0,0,0,0,1,1,2.769,2.8867,2.81,2.769,42.7319587628866,0.8759827034577344,1.9067635757603816,2.424162590652315,0.928601950740351,2.0,4.0,3.0,33.33333333333333,5.011926873020369,79.14148780996035,20.83767451552408,63.593750000000036,10.90847110959604,8.4029316516107,10.682683009066624,5.9407728421812855,50.0,14.836310126646037,0.0,0.0,0.0,,,,2.670198649444399,2.7536787275734156,2.5545056234955825,2.698635608948131,720790,199217.79999999996
2026-09-30T10:26:00-04:00,2.93,3.07,2.8,3.06,0,0,0,0,0,0,,,,,,,,,,,,,,,,,,,,,,,,,,,,,,2.670198649444399,2.792379796759141,2.602647945067432,2.770908487158505,848000,240224.69999999995
2026-09-30T10:27:00-04:00,3.06,3.43,2.99,3.43,0,0,0,0,0,0,,,,,,,,,,,,,,,,,,,,,,,,,,,,,,2.670198649444399,2.885985791999204,2.681443378870534,2.902726789726804,1151032,297098.39999999997
2026-09-30T10:32:00-04:00,3.4,3.43,3.12,3.26,0,0,0,0,0,0,,,,,,,,,,,,,,,,,,,,,,,,,,,,,,2.670198649444399,2.9148873099265966,2.7365440094542923,2.9741814317814432,491336,321286.69999999995
2026-09-30T10:33:00-04:00,3.24,3.4999,2.9801,3.1913,0,0,0,0,0,0,,,,,,,,,,,,,,,,,,,,,,,,,,,,,,2.670198649444399,2.9703836428597876,2.779854103791979,3.0176051454251547,1429855,392556.4499999999
2026-09-30T10:34:00-04:00,3.1854,3.44,3.05,3.3448,0,0,0,0,0,0,,,,,,,,,,,,,,,,,,,,,,,,,,,,,,2.670198649444399,3.005976215871704,2.83365847485941,3.083044116340124,1040264,444430.25
2026-09-30T10:35:00-04:00,3.35,3.8199,3.29,3.52,0,0,0,0,0,0,,,,,,,,,,,,,,,,,,,,,,,,,,,,,,2.670198649444399,3.0879159315396776,2.8990243343966084,3.170435293072099,1619148,525198.1
2026-09-30T10:36:00-04:00,3.5296,3.9399,3.51,3.68,0,0,0,0,0,0,,,,,,,,,,,,,,,,,,,,,,,,,,,,,,2.670198649444399,3.140053072466675,2.973402969215979,3.272348234457679,971329,573550.9
2026-09-30T10:37:00-04:00,3.67,3.68,3.36,3.415,0,0,0,0,0,0,,,,,,,,,,,,,,,,,,,,,,,,,,,,,,2.670198649444399,3.1590277453166613,3.0154598292906476,3.3008785875661433,674588,607203.6
2026-09-30T10:38:00-04:00,3.41,3.5,3.3,3.41,0,0,0,0,0,0,,,,,,,,,,,,,,,,,,,,,,,,,,,,,,2.670198649444399,3.170603941999844,3.0530350836439193,3.322702870052914,610002,635948.05
2026-09-30T10:39:00-04:00,3.41,3.52,3.35,3.3801,0,0,0,0,0,0,,,,,,,,,,,,,,,,,,,,,,,,,,,,,,2.670198649444399,3.1819285911464172,3.0841841232968794,3.3341822960423317,620981,664729.95
2026-09-30T10:40:00-04:00,3.39,3.39,3.02,3.11,0,0,0,0,0,0,,,,,,,,,,,,,,,,,,,,,,,,,,,,,,2.670198649444399,3.1814358060600094,3.086642778220986,3.2893458368338653,820726,691953.0
2026-09-30T10:41:00-04:00,3.11,3.12,2.87,2.98,0,0,0,0,0,0,,,,,,,,,,,,,,,,,,,,,,,,,,,,,,2.670198649444399,3.17287881049066,3.076486323152321,3.227476669467092,669819,715604.0
2026-09-30T10:42:00-04:00,2.9801,3.1,2.92,3.02,0,0,0,0,0,0,,,,,,,,,,,,,,,,,,,,,,,,,,,,,,2.670198649444399,3.1693667721888064,3.0711066733282903,3.1859813355736737,337288,729575.95
2026-09-30T10:43:00-04:00,3.02,3.15,2.95,2.98,0,0,0,0,0,0,,,,,,,,,,,,,,,,,,,,,,,,,,,,,,2.670198649444399,3.1662311838689696,3.0624298472970244,3.144785068458939,344247,730978.6
2026-09-30T10:44:00-04:00,2.99,3.02,2.91,2.96,0,0,0,0,0,0,,,,,,,,,,,,,,,,,,,,,,,,,,,,,,2.670198649444399,3.1629431301419504,3.052674623744927,3.1078280547671513,258067,704967.25
2026-09-30T10:45:00-04:00,2.96,2.97,2.85,2.9401,0,0,0,0,0,0,,,,,,,,,,,,,,,,,,,,,,,,,,,,,,2.670198649444399,3.1588113874611508,3.041953231007315,3.074282443813721,275556,688751.75
2026-09-30T10:46:00-04:00,2.945,2.97,2.77,2.7897,0,0,0,0,0,0,,,,,,,,,,,,,,,,,,,,,,,,,,,,,,2.670198649444399,3.152900861121651,3.017929113768523,3.017365955050977,309209,681895.35
2026-09-30T10:47:00-04:00,2.79,2.89,2.7535,2.7535,0,0,0,0,0,0,,,,,,,,,,,,,,,,,,,,,,,,,,,,,,2.670198649444399,3.1479665107587715,2.9927453886477116,2.9645927640407814,233442,686768.85
2026-09-30T10:48:00-04:00,2.76,2.82,2.65,2.65,0,0,0,0,0,0,,,,,,,,,,,,,,,,,,,,,,,,,,,,,,2.670198649444399,3.1400100317077353,2.960102970681263,2.901674211232625,307411,686654.5
2026-09-30T10:49:00-04:00,2.67,2.74,2.6101,2.665,0,0,0,0,0,0,,,,,,,,,,,,,,,,,,,,,,,,,,,,,,2.670198649444399,3.1338433353274127,2.931997925854476,2.8543393689861,227514,661990.7
2026-09-30T10:50:00-04:00,2.66,2.73,2.6101,2.68,0,0,0,0,0,0,,,,,,,,,,,,,,,,,,,,,,,,,,,,,,2.670198649444399,3.130763959499819,2.907998123392145,2.8194714951888797,116321,625406.75
2026-09-30T10:51:00-04:00,2.68,2.82,2.67,2.78,0,0,0,0,0,0,,,,,,,,,,,,,,,,,,,,,,,,,,,,,,2.670198649444399,3.125820848921585,2.8958078259262265,2.8115771961511036,232914,579500.85
2026-09-30T10:52:00-04:00,2.775,2.78,2.5701,2.69,0,0,0,0,0,0,,,,,,,,,,,,,,,,,,,,,,,,,,,,,,2.670198649444399,3.1216199652168894,2.876207080599919,2.787261756920883,167689,563318.5
2026-09-30T10:53:00-04:00,2.69,2.71,2.5201,2.67,0,0,0,0,0,0,,,,,,,,,,,,,,,,,,,,,,,,,,,,,,2.670198649444399,3.1180225662103496,2.8565683110189743,2.763809405536706,132083,498429.9
2026-09-30T10:54:00-04:00,2.7,2.7,2.6101,2.67,0,0,0,0,0,0,,,,,,,,,,,,,,,,,,,,,,,,,,,,,,2.670198649444399,3.116265697383709,2.8387999004457387,2.745047524429365,69033,449868.35
2026-09-30T10:55:00-04:00,2.67,2.75,2.66,2.7188,0,0,0,0,0,0,,,,,,,,,,,,,,,,,,,,,,,,,,,,,,2.674827349497314,3.113312289336347,2.8273713384985255,2.7397980195434917,131651,375493.5
2026-09-30T10:56:00-04:00,2.71,2.7101,2.67,2.69,0,0,0,0,0,0,,,,,,,,,,,,,,,,,,,,,,,,,,,,,,2.672084492354456,3.113032973281747,2.8142883538796184,2.7298384156347932,11970,327525.55
