time,open,high,low,close,EMA,VWAP,EMA.1,EMA.2,Volume,Volume MA,Histogram,MACD,Signal line
2026-09-29T04:34:00-04:00,1.6397,1.6397,1.6303,1.6303,1.1048729633499663,1.6572579026461562,1.6414536149699748,1.6433034955085346,1562,2605.45,-0.0025210054857637,0.0044290307975431,0.0069500362833069
2026-09-29T04:36:00-04:00,1.6416,1.6416,1.6403,1.6403,1.1048729633499663,1.6571906099718654,1.6413437468775962,1.6427027964068277,702,2567.55,-0.0024836335854959,0.0038454943014369,0.0063291278869329
2026-09-29T04:37:00-04:00,1.65,1.65,1.6403,1.65,1.1048729633499663,1.656988236119486,1.6421681519368727,1.644162237125462,3413,2552.55,-0.0017686835376502,0.0041182734648701,0.0058869570025203
2026-09-29T04:38:00-04:00,1.6503,1.6503,1.6503,1.6503,1.1048729633499663,1.656973393533838,1.6429426136571703,1.6453897897003698,391,2540.1,-0.0012623743490155,0.0043089890662508,0.0055713634152664
2026-09-29T04:39:00-04:00,1.66,1.66,1.6501,1.6501,1.1048729633499663,1.6568930212731334,1.6436242694993448,1.6463318317602955,4054,2328.75,-0.0009424103986091,0.004393350417005,0.0053357608156141
2026-09-29T04:40:00-04:00,1.65,1.6503,1.65,1.65,1.1048729633499663,1.6568572933913186,1.6442314819279786,1.6470654654082366,953,2356.15,-0.0007474873621023,0.0044014016129863,0.0051488889750886
2026-09-29T04:41:00-04:00,1.64,1.64,1.64,1.64,1.1048729633499663,1.656837222087477,1.6438284836491237,1.6456523723265892,216,2361.9,-0.0012712469325471,0.0035598303094046,0.0048310772419518
2026-09-29T04:42:00-04:00,1.64,1.64,1.64,1.64,1.1048729633499663,1.6567662429099428,1.6434638661587309,1.6445218978612717,768,2308.95,-0.0015769324285962,0.0028599117062064,0.0044368441348027
2026-09-29T04:43:00-04:00,1.64,1.64,1.6397,1.6397,1.1048729633499663,1.6567047222662796,1.6431054027150422,1.6435575182890172,663,2257.7,-0.0017454599319467,0.0022550192198693,0.004000479151816
2026-09-29T04:44:00-04:00,1.63,1.6316,1.63,1.6316,1.1048729633499663,1.6565920628006172,1.6420096500755144,1.6411660146312137,807,2284.55,-0.002312984493984,0.001109248534336,0.00342223302832
2026-09-29T04:45:00-04:00,1.63,1.63,1.63,1.63,1.1048729633499663,1.6564922390629016,1.6408658738778463,1.6389328117049708,692,2239.5,-0.0026807555328714,7.12886122307e-05,0.0027520441451021
2026-09-29T04:46:00-04:00,1.63,1.63,1.63,1.63,1.1048729633499663,1.6564205772136926,1.639831028746623,1.6371462493639766,500,2239.8,-0.0027958275215175,-0.0007427402567947,0.0020530872647228
2026-09-29T04:47:00-04:00,1.6303,1.6303,1.6303,1.6303,1.1048729633499663,1.6563774069033066,1.638923311723135,1.6357769994911813,306,2119.1,-0.0027209628216695,-0.001348116262364,0.0013728465593054
2026-09-29T04:48:00-04:00,1.6497,1.6497,1.6497,1.6497,1.1048729633499663,1.6563627964545815,1.6399496629875985,1.638561599592945,406,1845.55,-0.0013058550128503,-0.0002594722067574,0.0010463828060928
2026-09-29T04:49:00-04:00,1.6403,1.6403,1.6401,1.6401,1.1048729633499663,1.6563270014966978,1.639963980798303,1.638869279674356,411,1680.95,-0.0009726270208356,-0.0001694009699517,0.0008032260508839
2026-09-29T04:50:00-04:00,1.64,1.64,1.64,1.64,1.1048729633499663,1.6562980801059255,1.6399674111984648,1.6390954237394848,330,1651.35,-0.0007264840804831,-0.00010487904972,0.0006216050307631
2026-09-29T04:51:00-04:00,1.64,1.64,1.63,1.63,1.1048729633499663,1.6549702158183637,1.6390181339414682,1.637276338991588,11433,2162.0,-0.0011779666506824,-0.0008508532825899,0.0003271133680925
2026-09-29T04:52:00-04:00,1.63,1.63,1.63,1.63,1.1048729633499663,1.654933646604518,1.6381592640422808,1.6358210711932704,290,1695.4,-0.0014021784508224,-0.0014256096954354,-2.3431244613e-05
2026-09-29T04:53:00-04:00,1.6384,1.6384,1.62,1.62,1.1048729633499663,1.6547324599278213,1.6364298103239685,1.6326568569546165,1393,1650.35,-0.0021071685720559,-0.002657391959683,-0.000550223387627
2026-09-29T04:54:00-04:00,1.62,1.6203,1.62,1.62,1.1048729633499663,1.6545599966402045,1.6348650664835906,1.630125485563693,998,1514.4,-0.002433565182042,-0.0035921798651796,-0.0011586146831375
2026-09-29T04:55:00-04:00,1.63,1.63,1.63,1.63,1.1048729633499663,1.6545232867816926,1.6344017268184867,1.6301003884509544,300,1451.3,-0.001861833238627,-0.0034859062314214,-0.0016240729927943
2026-09-29T04:56:00-04:00,1.62,1.62,1.62,1.62,1.1048729633499663,1.6538255708676477,1.6330301337881548,1.6280803107607635,4140,1623.2,-0.0020292526325901,-0.004160638783532,-0.0021313861509418
2026-09-29T04:58:00-04:00,1.62,1.62,1.62,1.62,1.1048729633499663,1.6537491262933508,1.6317891686654733,1.626464248608611,464,1475.75,-0.0020083796483997,-0.0046418607114415,-0.0026334810630418
2026-09-29T04:59:00-04:00,1.62,1.6209,1.62,1.6209,1.1048729633499663,1.6536782373363534,1.6307521049830471,1.6253513988868888,440,1478.2,-0.0018085694448266,-0.0048941928690751,-0.0030856234242484
2026-09-29T05:00:00-04:00,1.62,1.62,1.62,1.62,1.1048729633499663,1.6535778723768546,1.629728094984662,1.624281119109511,615,1306.25,-0.0016178289390474,-0.0051079095980577,-0.0034900806590103
2026-09-29T05:02:00-04:00,1.63,1.63,1.63,1.63,1.1048729633499663,1.653465303324042,1.6297539907004084,1.6254248952876087,990,1308.1,-0.0007434721816151,-0.0044194208860293,-0.0036759487044141
2026-09-29T05:03:00-04:00,1.62,1.62,1.62,1.62,1.1048729633499663,1.6534337009485085,1.628825039205131,1.6243399162300869,196,1307.1,-0.0007611319803873,-0.0046273636798983,-0.0038662316995109
2026-09-29T05:04:00-04:00,1.63,1.63,1.63,1.63,1.1048729633499663,1.6533213381985803,1.628936940233214,1.6254719329840694,1000,1318.7,-5.88766694254e-05,-0.0039398275362927,-0.0038809508668673
2026-09-29T05:05:00-04:00,1.62,1.62,1.62,1.62,1.1048729633499663,1.6532629636543497,1.6280858030681462,1.6243775463872556,366,1303.85,-0.000218424983092,-0.0041539820957323,-0.0039355571126403
2026-09-29T05:06:00-04:00,1.62,1.6203,1.62,1.6203,1.1048729633499663,1.652834028926076,1.6273442980140371,1.6235620371098043,2746,1400.8,-0.0002519515544802,-0.0042504965557406,-0.0039985450012603
2026-09-29T05:07:00-04:00,1.62,1.62,1.62,1.62,1.1048729633499663,1.6527258015250406,1.6266448410603194,1.6228496296878436,700,1401.2,-0.0002424489707165,-0.0043016062146561,-0.0040591572439395
2026-09-29T05:08:00-04:00,1.62,1.62,1.61,1.6103,1.1048729633499663,1.652245506231182,1.6250881895307652,1.620339703750275,2628,1507.6,-0.0008058081368996,-0.005066417415064,-0.0042606092781644
2026-09-29T05:09:00-04:00,1.61,1.61,1.61,1.61,1.1048729633499663,1.6520182106832846,1.6236512190992638,1.61827176300022,1163,1550.45,-0.0010969710917461,-0.0056318231428471,-0.0045348520511009
2026-09-29T05:10:00-04:00,1.6103,1.6103,1.6103,1.6103,1.1048729633499663,1.6518421690706204,1.6223796744231431,1.616677410400176,916,1575.95,-0.0011614726741239,-0.0059866928937559,-0.0048252202196319
2026-09-29T05:11:00-04:00,1.61,1.61,1.61,1.61,1.1048729633499663,1.6517757737016567,1.621200657811415,1.615341928320141,345,1572.65,-0.0011161693869911,-0.0062204319533709,-0.0051042625663797
2026-09-29T05:12:00-04:00,1.615,1.615,1.615,1.615,1.1048729633499663,1.6516577502391676,1.6206101189722328,1.615273542656113,700,1591.15,-0.0006636398140501,-0.0059338123339425,-0.0052701725198923
2026-09-29T05:13:00-04:00,1.6101,1.6103,1.61,1.61,1.1048729633499663,1.6515575836020342,1.619599631451068,1.6142188341248902,527,1045.85,-0.0006162551112319,-0.0060404914089322,-0.0054242362977003
2026-09-29T05:14:00-04:00,1.61,1.61,1.61,1.61,1.1048729633499663,1.6515385854152862,1.6186853808366806,1.613375067299912,100,1036.35,-0.0005047984593251,-0.0060552343718567,-0.0055504359125316
2026-09-29T05:15:00-04:00,1.61,1.61,1.6,1.6003,1.1048729633499663,1.650937896838833,1.616934392185568,1.6107600538399296,2766,1105.0,-0.0009769062941081,-0.0067715687801668,-0.0057946624860586
2026-09-29T05:16:00-04:00,1.6016,1.61,1.6,1.6,1.1048729633499663,1.6507373759260593,1.6153215929297997,1.6086080430719436,937,1101.95,-0.0011879197638667,-0.007279562190892,-0.0060916424270253
2026-09-29T05:17:00-04:00,1.6,1.6003,1.6,1.6003,1.1048729633499663,1.6506704444135172,1.6138909650317237,1.6069464344575548,295,1101.7,-0.0011832245613746,-0.0075706731287437,-0.006387448567369
2026-09-29T05:18:00-04:00,1.6,1.6,1.6,1.6,1.1048729633499663,1.650511026377738,1.6125680159810831,1.605557147566044,703,929.85,-0.0010791672625337,-0.0077364076455361,-0.0066572403830024
2026-09-29T05:19:00-04:00,1.6,1.61,1.6,1.6,1.1048729633499663,1.6498143703932335,1.6113710620781228,1.604445718052835,3349,1074.1,-0.0008966816425872,-0.0077780924362365,-0.0068814107936492
2026-09-29T05:20:00-04:00,1.6,1.6,1.6,1.6,1.1048729633499663,1.6497687261108152,1.610288103784968,1.6035565744422682,208,1062.5,-0.000672561149278,-0.0077221122302468,-0.0070495510809687
2026-09-29T05:21:00-04:00,1.62,1.62,1.6,1.6,1.1048729633499663,1.6496743756437704,1.609308284376876,1.6028452595538143,498,1056.65,-0.0004325605876432,-0.0075902518155228,-0.0071576912278795
2026-09-29T05:22:00-04:00,1.6,1.6,1.6,1.6,1.1048729633499663,1.6495055136230692,1.6084217811028878,1.6022762076430517,776,1045.95,-0.0001942020397756,-0.0074004437775991,-0.0072062417378235
2026-09-29T05:23:00-04:00,1.61,1.61,1.61,1.61,1.1048729633499663,1.6492616301327123,1.6085720876645175,1.6038209661144414,1418,1107.05,0.000669251440634,-0.0063696774370309,-0.007038928877665
2026-09-29T05:24:00-04:00,1.6,1.6,1.6,1.6,1.1048729633499663,1.6492095701160023,1.607755698363135,1.603056772891553,243,1069.2,0.0006013600206652,-0.0062872288518334,-0.0068885888724986
2026-09-29T05:25:00-04:00,1.6016,1.6016,1.6016,1.6016,1.1048729633499663,1.6491888737223124,1.6071694413761697,1.6027654183132425,100,1055.9,0.0006921929198637,-0.0060233477226689,-0.0067155406425327
2026-09-29T05:26:00-04:00,1.6,1.6,1.6,1.6,1.1048729633499663,1.6490809135494018,1.6064866374355822,1.602212334650594,506,943.9,0.0006719553647476,-0.0058755964365981,-0.0065475518013458
2026-09-29T05:27:00-04:00,1.61,1.61,1.61,1.61,1.1048729633499663,1.6490120420926226,1.6068212433940985,1.6037698677204753,407,929.25,0.0013219152648256,-0.0048951577203137,-0.0062170729851394
2026-09-29T05:28:00-04:00,1.61,1.61,1.61,1.61,1.1048729633499663,1.6489951574904818,1.60712398211847,1.60501589417638,100,802.85,0.001716680423506,-0.0040712224557568,-0.0057879028792629
2026-09-29T05:29:00-04:00,1.6,1.61,1.6,1.61,1.1048729633499663,1.6486637987352242,1.6073978885833775,1.606012715341104,1823,835.85,0.0019268875583517,-0.0033792934313232,-0.0053061809896749
2026-09-29T05:30:00-04:00,1.6197,1.6197,1.61,1.61,1.1048729633499663,1.6484340389827952,1.607645708718294,1.6068101722728834,1520,866.05,0.0020060061274667,-0.0027986733303415,-0.0048046794578082
2026-09-29T05:31:00-04:00,1.63,1.63,1.63,1.63,1.1048729633499663,1.6484131429870166,1.6097746888403612,1.6114481378183068,266,862.1,0.0032705945796744,-0.0007164362332152,-0.0039870308128896
2026-09-29T05:32:00-04:00,1.63,1.63,1.6297,1.6297,1.1048729633499663,1.6482898301760325,1.6116723375222315,1.6150985102546451,1565,905.35,0.0039089678498194,0.0008991789993846,-0.0030097888504348
2026-09-29T05:33:00-04:00,1.62,1.62,1.62,1.62,1.1048729633499663,1.6482778594449732,1.6124654482344,1.6160788082037163,100,884.0,0.0035125816256503,0.001380938181628,-0.0021316434440222
2026-09-29T05:34:00-04:00,1.6299,1.6299,1.62,1.62,1.1048729633499663,1.6479123069332386,1.6131830245930283,1.616863046562973,3510,1054.5,0.00309943287292,0.0017426476471278,-0.0013567852257922
2026-09-29T05:35:00-04:00,1.6224,1.6224,1.6224,1.6224,1.1048729633499663,1.6479016739255767,1.6140608317746448,1.6179704372503785,100,921.2,0.0028435337910401,0.0021976320130079,-0.0006459017780321
2026-09-29T05:40:00-04:00,1.63,1.63,1.63,1.63,1.1048729633499663,1.6477103503252557,1.615578847796107,1.6203763498003028,2592,1003.95,0.0030249812722965,0.0031353248123384,0.0001103435400419
2026-09-29T05:41:00-04:00,1.63,1.63,1.63,1.63,1.1048729633499663,1.6477030509107944,1.6169522908631444,1.6223010798402422,100,994.2,0.002979128540496,0.0038342542156619,0.0008551256751659
2026-09-29T05:42:00-04:00,1.6497,1.6497,1.62,1.63,1.1048729633499663,1.6475439762654012,1.6181949298285592,1.6238408638721935,2697,1093.9,0.0027864220780977,0.0043381532727881,0.0015517311946903
2026-09-29T05:43:00-04:00,1.63,1.63,1.62,1.62,1.1048729633499663,1.6475101733918949,1.6183668412734582,1.623072691097755,343,943.6,0.0018672450758538,0.0038857875395077,0.0020185424636538
2026-09-29T05:44:00-04:00,1.6203,1.6203,1.6203,1.6203,1.1048729633499663,1.6473064708575735,1.618550951628367,1.622518152878204,1853,1025.85,0.0011939812987227,0.0035110190870573,0.0023170377883345
2026-09-29T05:45:00-04:00,1.6203,1.6203,1.6203,1.6203,1.1048729633499663,1.6472955644401368,1.6187175276637606,1.6220745223025632,100,1005.95,0.0006882781426313,0.0031773854666237,0.0024891073239923
2026-09-29T05:46:00-04:00,1.62,1.62,1.62,1.62,1.1048729633499663,1.647229585314103,1.6188396678862595,1.6216596178420506,600,997.15,0.0002933945084396,0.0028558504595419,0.0025624559511022
2026-09-29T05:47:00-04:00,1.62,1.62,1.62,1.62,1.1048729633499663,1.647197919055916,1.6189501757066158,1.6213276942736403,289,940.7,7.1474499752e-06,0.0025713902635713,0.0025642428135961
2026-09-29T05:49:00-04:00,1.6298,1.6298,1.6203,1.6203,1.1048729633499663,1.6469392109257253,1.6190787304012235,1.6211221554189124,2739,1065.5,-0.0001768737549969,0.0023431506198499,0.0025200243748468
2026-09-29T05:50:00-04:00,1.6202,1.6202,1.6202,1.6202,1.1048729633499663,1.646692890981555,1.6191855179820596,1.62093772433513,2336,1177.3,-0.0003122990142601,0.0021296506070216,0.0024419496212818
2026-09-29T05:51:00-04:00,1.6203,1.6203,1.6203,1.6203,1.1048729633499663,1.646680199390896,1.619291659126625,1.620810179468104,122,1158.1,-0.0003966907349543,0.0019460862025888,0.0023427769375432
2026-09-29T05:52:00-04:00,1.62,1.62,1.62,1.62,1.1048729633499663,1.6466197633598394,1.6193591201621849,1.6206481435744833,576,1166.55,-0.0004692945960076,0.0017561586925336,0.0022254532885413
2026-09-29T05:53:00-04:00,1.6203,1.6203,1.62,1.62,1.1048729633499663,1.6465729145402488,1.6194201563372148,1.6205185148595866,450,1184.05,-0.0005104891241799,0.0015873418833163,0.0020978310074963
2026-09-29T05:54:00-04:00,1.625,1.6297,1.6203,1.6203,1.1048729633499663,1.6464864873849667,1.6195039509717657,1.6204748118876693,955,1140.65,-0.0005095285986443,0.0014609202591908,0.0019704488578352
2026-09-29T05:55:00-04:00,1.625,1.63,1.625,1.6297,1.1048729633499663,1.6462970803917925,1.620475003260169,1.6223198495101354,2681,1198.7,9.97056050246e-05,0.002095080864116,0.0019953752590913
2026-09-29T05:59:00-04:00,1.6297,1.63,1.6297,1.63,1.1048729633499663,1.646236254450571,1.6213821458068194,1.6238558796081084,962,1233.5,0.000477288912277,0.0025919863994376,0.0021146974871606
2026-09-29T06:00:00-04:00,1.6297,1.6297,1.6297,1.6297,1.1048729633499663,1.6462298166628764,1.622174322396646,1.6250247036864869,101,1160.3,0.000650505948319,0.0029278299225594,0.0022773239742404
2026-09-29T06:01:00-04:00,1.6203,1.6203,1.62,1.62,1.1048729633499663,1.6459835828570046,1.621967244073156,1.6240197629491893,2468,1278.7,8.51811670159e-05,0.0023838004330103,0.0022986192659943
2026-09-29T06:02:00-04:00,1.6297,1.6297,1.6297,1.6297,1.1048729633499663,1.64588446115098,1.6227036970185698,1.6251558103593513,1604,1183.4,0.000324456474677,0.0027041898593407,0.0023797333846636
2026-09-29T06:04:00-04:00,1.6297,1.6298,1.6297,1.6298,1.1048729633499663,1.6458711376795931,1.6233795353977536,1.6260846482874811,218,1189.3,0.0004421072488093,0.0029323674456753,0.002490260196866
2026-09-29T06:05:00-04:00,1.625,1.625,1.625,1.625,1.1048729633499663,1.6458001530490776,1.6235338653598723,1.6258677186299848,900,1104.7,0.0001636444690402,0.0026948157831663,0.002531171314126
2026-09-29T06:06:00-04:00,1.6297,1.6297,1.6297,1.6297,1.1048729633499663,1.645790606470326,1.6241211162779796,1.626634174903988,157,1107.55,0.0002573976941549,0.0028529184318197,0.0025955207376648
2026-09-29T06:07:00-04:00,1.6297,1.63,1.6203,1.6203,1.1048729633499663,1.645741874466917,1.6237572004419816,1.6253673399231905,581,1001.75,-0.0003208817201121,0.0021944185875246,0.0025153003076367
2026-09-29T06:08:00-04:00,1.6297,1.6297,1.6203,1.6203,1.1048729633499663,1.6457155079113546,1.6234279432570309,1.6243538719385522,314,1000.3,-0.0006894464166167,0.0016534922868658,0.0023429387034825
2026-09-29T06:09:00-04:00,1.6297,1.6297,1.6297,1.6297,1.1048729633499663,1.6457093011909778,1.6240252819944565,1.6254230975508417,103,912.8,-0.0003057877927318,0.0019607039625677,0.0022664917552996
2026-09-29T06:13:00-04:00,1.6298,1.6298,1.6203,1.6203,1.1048729633499663,1.6456251779522837,1.6236704932330797,1.6243984780406733,1009,958.25,-0.0006698373111821,0.0014291951163218,0.002099032427504
2026-09-29T06:15:00-04:00,1.63,1.6403,1.63,1.64,1.1048729633499663,1.6455507657331176,1.6252256843537387,1.6275187824325386,2260,1041.25,0.0003751689814066,0.0025679936542624,0.0021928246728557
2026-09-29T06:16:00-04:00,1.6403,1.6403,1.6403,1.6403,1.1048729633499663,1.6454929006321304,1.6266613334629063,1.6300750259460308,2998,1176.7,0.0010096454376988,0.0034548814699792,0.0024452360322804
2026-09-29T06:17:00-04:00,1.64,1.6403,1.64,1.64,1.1048729633499663,1.645478744117212,1.6279316826569157,1.6320600207568243,716,1075.55,0.0013129576571497,0.0040864331037175,0.0027734754465678
2026-09-29T06:18:00-04:00,1.64,1.64,1.64,1.64,1.1048729633499663,1.6454747297823726,1.6290810462133998,1.6336480166054597,200,968.75,0.0014089552239833,0.0045346694765471,0.0031257142525637
2026-09-29T06:19:00-04:00,1.645,1.645,1.64,1.64,1.1048729633499663,1.6454688654376082,1.6301209465740285,1.6349184132843677,421,983.7,0.0013667683378692,0.0048341746749003,0.003467406337031
2026-09-29T06:21:00-04:00,1.6498,1.6498,1.6498,1.6498,1.1048729633499663,1.645503909267927,1.6319951421384065,1.6378947306274942,2230,1066.4,0.001862479583908,0.0057955058169161,0.003933026233008
2026-09-29T06:22:00-04:00,1.6497,1.6497,1.64,1.64,1.1048729633499663,1.645500298376979,1.6327575095537965,1.638315784501995,439,1065.85,0.0014142777771815,0.005700873454485,0.0042865956773034
2026-09-29T06:25:00-04:00,1.6403,1.6403,1.6403,1.6403,1.1048729633499663,1.6454903332019664,1.6334758419772442,1.6387126276015962,530,1044.6,0.0010392800143684,0.005585695695264,0.0045464156808955
2026-09-29T06:27:00-04:00,1.6403,1.6403,1.63,1.63,1.1048729633499663,1.6450858758562532,1.6331448094079828,1.636970102081277,9600,1390.55,5.09871646189e-05,0.0046101496366692,0.0045591624720503
2026-09-29T06:28:00-04:00,1.63,1.63,1.6203,1.63,1.1048729633499663,1.6449895333667026,1.6328453037500796,1.6355760816650216,1513,1418.1,-0.0006126934926016,0.0037932956062982,0.0044059890988998
2026-09-29T06:31:00-04:00,1.64,1.64,1.64,1.64,1.1048729633499663,1.644986067113131,1.6335267033929293,1.6364608653320172,200,1423.05,-0.0003985491890151,0.0039078026126309,0.0043063518016461
2026-09-29T06:33:00-04:00,1.6484,1.6484,1.6484,1.6484,1.1048729633499663,1.644987430282366,1.634943207831698,1.6388486922656138,115,1305.4,0.0002533731075706,0.0046230681861094,0.0043696950785387
2026-09-29T06:34:00-04:00,1.64,1.64,1.64,1.64,1.1048729633499663,1.644949416934568,1.635424807085822,1.639078953812491,2212,1335.8,7.27970842607e-05,0.0044606914338647,0.0043878943496039
2026-09-29T06:35:00-04:00,1.64,1.65,1.64,1.65,1.1048729633499663,1.64496693439287,1.636812920696696,1.6412631630499928,2991,1474.45,0.0005539724307072,0.005080359887988,0.0045263874572807
2026-09-29T06:36:00-04:00,1.6498,1.65,1.6403,1.6403,1.1048729633499663,1.644956248335658,1.6371450234874867,1.6410705304399942,2202,1539.55,0.0001662261162626,0.0047341701026091,0.0045679439863464
2026-09-29T06:37:00-04:00,1.65,1.65,1.65,1.65,1.1048729633499663,1.6449732643527704,1.6383693069648688,1.6428564243519954,1000,1581.7,0.0004918666562245,0.005182777306627,0.0046909106504025
2026-09-29T06:38:00-04:00,1.6403,1.6403,1.64,1.64,1.1048729633499663,1.644943248538414,1.6385246110634528,1.6422851394815965,1837,1644.5,-1.07554000836e-05,0.0046774664002979,0.0046882218003816
2026-09-29T06:39:00-04:00,1.645,1.645,1.645,1.645,1.1048729633499663,1.6449433889987035,1.6391413147716951,1.642828111585277,740,1665.8,-4.88786558884e-05,0.004627123480521,0.0046760021364095
2026-09-29T06:41:00-04:00,1.6403,1.6403,1.6403,1.6403,1.1048729633499663,1.644937402032011,1.6392516657458196,1.6423224892682216,386,1679.95,-0.0004127845129974,0.0041600214951627,0.0045728060081601
2026-09-29T06:42:00-04:00,1.6403,1.6403,1.6403,1.6403,1.1048729633499663,1.6449358535214404,1.6393515071033606,1.6419179914145772,100,1634.5,-0.0006609242074444,0.0037466507488546,0.004407574956299
2026-09-29T06:43:00-04:00,1.6403,1.6403,1.6403,1.6403,1.1048729633499663,1.644930951570867,1.6394418397601835,1.6415943931316617,317,1537.35,-0.000821989641124,0.0033800879048939,0.004202077546018
2026-09-29T06:44:00-04:00,1.6403,1.6403,1.6403,1.6403,1.1048729633499663,1.6449142977902156,1.6395235693068326,1.6413355145053294,1082,1441.55,-0.0009181618182182,0.0030543752732452,0.0039725370914634
2026-09-29T06:45:00-04:00,1.6497,1.6497,1.6303,1.64,1.1048729633499663,1.6448276051852844,1.6395689436585628,1.6410684116042635,5403,1675.9,-0.0009856712774724,0.0027404479946229,0.0037261192720953
2026-09-29T06:46:00-04:00,1.63,1.6397,1.63,1.6397,1.1048729633499663,1.644589291797642,1.63958142521489,1.6407947292834109,8986,2115.2,-0.0010294299988431,0.0024393317735413,0.0034687617723845
2026-09-29T06:47:00-04:00,1.6397,1.6397,1.6303,1.6303,1.1048729633499663,1.6445042746880547,1.6386974799563292,1.6386957834267286,2421,2215.2,-0.0016344027748959,0.0014257583037646,0.0030601610786605
2026-09-29T06:48:00-04:00,1.63,1.6399,1.63,1.6399,1.1048729633499663,1.6442564225778125,1.638812005674774,1.638936626741383,10284,2617.9,-0.0013431592282441,0.0013812120433553,0.0027243712715995
2026-09-29T06:49:00-04:00,1.6397,1.6397,1.6303,1.6303,1.1048729633499663,1.6442197189775254,1.6380013384676526,1.6372093013931064,1116,2651.75,-0.0017276899348139,0.0005647588530821,0.002292448787896
2026-09-29T06:50:00-04:00,1.6397,1.6397,1.6303,1.6303,1.1048729633499663,1.644204989469979,1.6372678776612095,1.635827441114485,450,2647.75,-0.0018990377888483,-8.13484481643e-05,0.0018176893406839
2026-09-29T06:51:00-04:00,1.6301,1.6301,1.6301,1.6301,1.1048729633499663,1.644187120550868,1.6365852226458562,1.634681952891588,418,2188.65,-0.0019362196648111,-0.0006025852403299,0.0013336344244812
2026-09-29T06:52:00-04:00,1.6399,1.6399,1.6303,1.6303,1.1048729633499663,1.644011990794428,1.6359866300129176,1.6338055623132706,5497,2387.85,-0.0018574196677672,-0.0009881401602278,0.0008692795075393
2026-09-29T06:53:00-04:00,1.6303,1.6303,1.63,1.63,1.1048729633499663,1.6439830203272954,1.635416474773592,1.6330444498506165,700,2412.85,-0.0017377307024896,-0.0013028838705726,0.0004348468319169
2026-09-29T06:54:00-04:00,1.63,1.63,1.63,1.63,1.1048729633499663,1.6439170677617825,1.63490062003325,1.6324355598804932,1593,2486.75,-0.0015755816784875,-0.0015346302661924,4.0951412295e-05
2026-09-29T06:57:00-04:00,1.6397,1.6397,1.6397,1.6397,1.1048729633499663,1.6439149087788347,1.635357703839607,1.6338884479043945,173,2384.8,-0.0007726972236576,-0.0009249201172769,-0.0001522228936193
2026-09-29T07:00:00-04:00,1.6399,1.6399,1.63,1.63,1.1048729633499663,1.6438500005882457,1.634847446331073,1.6331107583235156,2079,2339.2,-0.0008466022885082,-0.0012104757542545,-0.0003638734657463
2026-09-29T07:01:00-04:00,1.6303,1.64,1.6303,1.64,1.1048729633499663,1.643807568054309,1.6353381657281136,1.6344886066588125,2049,2331.55,-0.0002070502573635,-0.0006226862874507,-0.0004156360300872
2026-09-29T07:02:00-04:00,1.6397,1.6397,1.6397,1.6397,1.1048729633499663,1.6438060434871555,1.6357535785159123,1.63553088532705,127,2287.9,0.0001893064574047,-0.0001790029583312,-0.000368309415736
2026-09-29T07:03:00-04:00,1.64,1.64,1.64,1.64,1.1048729633499663,1.6438043090504373,1.636157999609635,1.63642470826164,156,2203.85,0.000450314515989,0.0001945837292502,-0.0002557307867387
2026-09-29T07:04:00-04:00,1.6497,1.6497,1.6403,1.6403,1.1048729633499663,1.6438034484333073,1.6365524758372887,1.637199766609312,796,2206.65,0.0006117798274191,0.0005089939975351,-0.000102785829884
2026-09-29T07:06:00-04:00,1.64,1.64,1.6303,1.6303,1.1048729633499663,1.64376825045067,1.6359570019480232,1.6358198132874495,1180,2246.35,4.36730876633e-05,-4.81944703047e-05,-9.18675579681e-05
2026-09-29T07:07:00-04:00,1.64,1.64,1.62,1.62,1.1048729633499663,1.6430462312587568,1.634437287476783,1.6326558506299598,15177,3000.2,-0.0009711790245125,-0.0013058413386088,-0.0003346623140963
2026-09-29T07:09:00-04:00,1.63,1.63,1.6203,1.6224,1.1048729633499663,1.6429842115186264,1.6332908791456608,1.6306046805039678,1189,3043.8,-0.0014001444126112,-0.0020848428298603,-0.0006846984172491
2026-09-29T07:10:00-04:00,1.6203,1.6203,1.6203,1.6203,1.1048729633499663,1.6429370755272965,1.6320536525603595,1.6285437444031745,751,3027.25,-0.0017233885529371,-0.0028389341084205,-0.0011155455554833
2026-09-29T07:11:00-04:00,1.6316,1.64,1.63,1.63,1.1048729633499663,1.6429008880350031,1.6318580666022302,1.6288349955225394,1367,2825.45,-0.0012064472871826,-0.0026236046644616,-0.001417157377279
2026-09-29T07:13:00-04:00,1.6303,1.6303,1.6303,1.6303,1.1048729633499663,1.6428904765445835,1.6317096793067798,1.6291279964180316,300,2391.15,-0.000787129303828,-0.0024010690070641,-0.001613939703236
2026-09-29T07:14:00-04:00,1.63,1.6397,1.63,1.6397,1.1048729633499663,1.642862836836645,1.6324706622299436,1.6312423971344252,1569,2348.55,0.0001315537234618,-0.0014494975489087,-0.0015810512723706
2026-09-29T07:15:00-04:00,1.6397,1.64,1.6397,1.6397,1.1048729633499663,1.6428329774108723,1.6331591705889963,1.6329339177075402,3590,2013.85,0.0007148843262074,-0.0006874458646113,-0.0014023301908187
2026-09-29T07:16:00-04:00,1.63,1.63,1.63,1.63,1.1048729633499663,1.6428214875308058,1.6328582971995682,1.632347134166032,330,1974.55,0.0004367826669834,-0.0008563518570894,-0.0012931345240728
2026-09-29T07:17:00-04:00,1.6303,1.6303,1.6303,1.6303,1.1048729633499663,1.642808930238021,1.6326146498472285,1.6319377073328256,370,1970.55,0.0002705116253175,-0.0009549949924259,-0.0012255066177434
2026-09-29T07:18:00-04:00,1.638,1.638,1.638,1.638,1.1048729633499663,1.642693173475821,1.6331275403379686,1.6331501658662604,9100,2404.65,0.0006546842125098,-0.0004071513521062,-0.001061835564616
2026-09-29T07:19:00-04:00,1.6303,1.6303,1.6303,1.6303,1.1048729633499663,1.642681710293917,1.6328582507819716,1.6325801326930085,350,2147.3,0.0003794410600279,-0.0005875342395811,-0.000966975299609
2026-09-29T07:22:00-04:00,1.64,1.64,1.63,1.6303,1.1048729633499663,1.642637392068214,1.6326146078503552,1.6321241061544067,1822,2203.4,0.0001958487862621,-0.0007221643167814,-0.0009180131030435
2026-09-29T07:23:00-04:00,1.6303,1.6303,1.6303,1.6303,1.1048729633499663,1.6426329806784754,1.632394169007464,1.6317592849235254,136,2130.55,7.88793390656e-05,-0.0008194139292114,-0.0008982932682771
2026-09-29T07:24:00-04:00,1.6303,1.64,1.63,1.63,1.1048729633499663,1.642603028357383,1.6321661529115152,1.6314074279388202,1229,2183.35,-9.5255605456e-06,-0.0009102002189591,-0.0009006746584135
2026-09-29T07:26:00-04:00,1.6397,1.64,1.6303,1.6389,1.1048729633499663,1.6425645947548495,1.632807471681847,1.632905942351056,2379,2198.35,0.0005117517936039,-0.0002609849164085,-0.0007727367100125
2026-09-29T07:27:00-04:00,1.6397,1.6397,1.6302,1.6302,1.1048729633499663,1.642483767247945,1.6325591410454807,1.632364753880845,3404,2266.1,0.000263482683583,-0.0004433833555337,-0.0007068660391167
2026-09-29T07:28:00-04:00,1.6303,1.64,1.6303,1.64,1.1048729633499663,1.642460250065345,1.6332677942792444,1.633891803104676,1600,2339.75,0.0007259176856987,0.0002005310680066,-0.000525386617692
2026-09-29T07:29:00-04:00,1.63,1.6397,1.63,1.6397,1.1048729633499663,1.6424107220015338,1.6338803853002688,1.6350534424837408,3241,2494.0,0.0009633537319245,0.0006788055472135,-0.0002845481847109
2026-09-29T07:30:00-04:00,1.6397,1.6397,1.6303,1.6303,1.1048729633499663,1.6423349842284327,1.6335393962240528,1.6341027539869928,3337,2621.05,0.0004643815829027,0.0002959287939174,-0.0001684527889852
2026-09-29T07:31:00-04:00,1.6397,1.6397,1.63,1.63,1.1048729633499663,1.6422987494250334,1.633202310869381,1.6332822031895942,1581,2641.1,0.0001096823094397,-3.13499021855e-05,-0.0001410322116253
2026-09-29T07:32:00-04:00,1.6397,1.64,1.6397,1.6399,1.1048729633499663,1.642181565830272,1.633840186024678,1.6346057625516752,20103,2887.4,0.0005146945841454,0.0005023360185565,-1.23585655889e-05
2026-09-29T07:33:00-04:00,1.63,1.64,1.63,1.64,1.1048729633499663,1.6421430029472557,1.6344268349747086,1.6356846100413402,2938,2974.85,0.0007480617280111,0.0009227185944249,0.0001746568664138
2026-09-29T07:34:00-04:00,1.63,1.63,1.63,1.63,1.1048729633499663,1.642134569845034,1.634005231643784,1.6345476880330725,292,2951.9,0.0002153481493287,0.0004438420530747,0.000228493903746
2026-09-29T07:35:00-04:00,1.6397,1.6397,1.6397,1.6397,1.1048729633499663,1.6421333082149725,1.6345475905348523,1.6355781504264577,218,2894.45,0.0004871128964804,0.0008373850243466,0.0003502721278661
2026-09-29T07:36:00-04:00,1.63,1.6301,1.63,1.63,1.1048729633499663,1.6420569663269924,1.6341144866743902,1.6344625203411662,2671,3013.0,9.6898089276e-06,0.0003623843890256,0.000352694580098
2026-09-29T07:37:00-04:00,1.6303,1.6397,1.6303,1.6397,1.1048729633499663,1.6420510589064397,1.6346464403244485,1.635510016272933,456,2957.35,0.000325758200944,0.0007598923312781,0.000434134130334
2026-09-29T07:38:00-04:00,1.63,1.6301,1.63,1.6301,1.1048729633499663,1.641939003401886,1.634213446007834,1.6344280130183464,4000,2977.85,-0.0001098205280325,0.0002968584702933,0.0004066789983259
2026-09-29T07:39:00-04:00,1.635,1.635,1.63,1.63,1.1048729633499663,1.6419229166520808,1.6338121654356594,1.6335424104146772,671,2994.9,-0.0003871652444248,-7.72775572051e-05,0.0003098876872197
2026-09-29T07:40:00-04:00,1.6302,1.64,1.6302,1.64,1.1048729633499663,1.641897689862492,1.6344014830132156,1.6348339283317417,2093,3081.05,9.4647753558e-05,0.0004281973791673,0.0003335496256092
2026-09-29T07:41:00-04:00,1.6397,1.65,1.6303,1.65,1.1048729633499663,1.6419224774352772,1.635887056059576,1.6378671426653932,7064,2979.25,0.0010268129446943,0.0016170658064771,0.0005902528617828
2026-09-29T07:42:00-04:00,1.65,1.65,1.65,1.65,1.1048729633499663,1.641927955572505,1.637231145958664,1.6402937141323146,297,2976.6,0.0015518675734973,0.0025300873286544,0.0009782197551571
2026-09-29T07:43:00-04:00,1.64,1.64,1.64,1.64,1.1048729633499663,1.6419272998292542,1.637494846343553,1.6402349713058515,149,2892.95,0.0011525152993316,0.0024188638793216,0.00126634857999
2026-09-29T07:45:00-04:00,1.65,1.65,1.64,1.64,1.1048729633499663,1.6419493356941122,1.6377334324060715,1.6401879770446814,6975,3234.9,0.0008302472159124,0.0023041575998805,0.0014739103839681
2026-09-29T07:46:00-04:00,1.635,1.635,1.63,1.63,1.1048729633499663,1.6419262830184598,1.6369969150340649,1.6381503816357452,1000,3223.45,-6.68811041836e-05,0.0013903090037385,0.0014571901079222
2026-09-29T07:48:00-04:00,1.635,1.635,1.6303,1.6303,1.1048729633499663,1.6419142993202465,1.636359113602249,1.636580305308596,532,3131.1,-0.0006198173618744,0.0006824184055791,0.0013022357674536
2026-09-29T07:49:00-04:00,1.635,1.635,1.635,1.635,1.1048729633499663,1.641884930105897,1.6362296742115587,1.6362642442468769,1905,3056.15,-0.0006458244607045,0.0004949551915729,0.0011407796522774
2026-09-29T07:50:00-04:00,1.6397,1.645,1.6397,1.645,1.1048729633499663,1.6418978564388185,1.6370649433342674,1.6380113953975015,4341,3193.2,-4.936531631002765e-07,0.0011401625858236,0.0011406562389867
2026-09-29T07:52:00-04:00,1.64,1.6497,1.64,1.6402,1.1048729633499663,1.6419131845457824,1.637363520159575,1.6384491163180013,5005,3281.4,8.72891414597e-05,0.0012497676658114,0.0011624785243516
2026-09-29T07:54:00-04:00,1.645,1.65,1.645,1.645,1.1048729633499663,1.6419199961031594,1.6380908039539015,1.639759293054401,657,3147.4,0.0004334605469759,0.0017043042080715,0.0012708436610956
2026-09-29T07:55:00-04:00,1.65,1.65,1.6497,1.6497,1.1048729633499663,1.6420487854414605,1.6391964416725775,1.6417474344435208,7618,3449.25,0.0009160683402343,0.0024159290863885,0.0014998607461542
2026-09-29T07:56:00-04:00,1.6497,1.6497,1.64,1.64,1.1048729633499663,1.6420517994227817,1.639272971037094,1.6413979475548166,1189,2503.55,0.0005378304561001,0.0021721488162793,0.0016343183601792
2026-09-29T07:57:00-04:00,1.65,1.65,1.6403,1.6403,1.1048729633499663,1.6420535948760158,1.6393707833192754,1.6411783580438533,567,2385.0,0.0002768098473982,0.001980330669427,0.0017035208220288
2026-09-29T07:58:00-04:00,1.64,1.64,1.64,1.64,1.1048729633499663,1.6420521255161622,1.6394307087174396,1.640942686435083,335,2387.15,6.40203837598e-05,0.0017835463017286,0.0017195259179687
2026-09-29T07:59:00-04:00,1.6498,1.6498,1.6498,1.6498,1.1048729633499663,1.642053779984341,1.6404182602681596,1.642714149148066,100,2381.25,0.0005370285319104,0.0023908115828568,0.0018537830509463
2026-09-29T08:00:00-04:00,1.65,1.66,1.65,1.66,1.1048729633499663,1.6425236144150035,1.6422831878616682,1.6461713193184528,15557,3025.55,0.0014393885371611,0.0036530187223977,0.0022136301852366
2026-09-29T08:01:00-04:00,1.655,1.66,1.65,1.65,1.1048729633499663,1.6426662951474085,1.6430181223510332,1.6469370554547622,6472,3326.35,0.0012711572992085,0.0038025768092473,0.0025314195100387
2026-09-29T08:02:00-04:00,1.65,1.65,1.65,1.65,1.1048729633499663,1.6428183129355505,1.6436830630795063,1.6475496443638098,10379,3645.3,0.0010759985838605,0.0038764177398644,0.0028004191560039
2026-09-29T08:03:00-04:00,1.65,1.65,1.64,1.64,1.1048729633499663,1.642825989341917,1.6433322951671725,1.6460397154910478,7576,3990.55,0.0002335637330948,0.0030923738223724,0.0028588100892776
2026-09-29T08:04:00-04:00,1.6498,1.6498,1.64,1.6497,1.1048729633499663,1.6428497600962229,1.6439387432464891,1.646771772392838,3310,4051.4,0.0002862662056215,0.0032166428463045,0.002930376640683
2026-09-29T08:05:00-04:00,1.64,1.6401,1.64,1.64,1.1048729633499663,1.6428434487972865,1.6435636248420615,1.6454174179142704,1149,3755.65,-0.0003414544766512,0.0025035585448689,0.0028450130215201
2026-09-29T08:06:00-04:00,1.65,1.65,1.65,1.65,1.1048729633499663,1.6428552372941536,1.6441766129523414,1.6463339343314165,846,3783.1,-0.000104758833912,0.0027140644791301,0.0028188233130421
2026-09-29T08:07:00-04:00,1.6499,1.65,1.6499,1.65,1.1048729633499663,1.6428600802819018,1.6447312212425946,1.647067147465133,350,3793.15,2.33903665007e-05,0.0028480612711681,0.0028246709046673
2026-09-29T08:08:00-04:00,1.65,1.65,1.6402,1.6497,1.1048729633499663,1.642866969003074,1.6452044382671094,1.6475937179721063,940,3491.4,5.75883563932e-05,0.0028966563501588,0.0028390679937656
2026-09-29T08:10:00-04:00,1.6401,1.67,1.6401,1.67,1.1048729633499663,1.6431340728886448,1.6475659203369084,1.6520749743776852,8138,3848.3,0.00134561945166,0.0045210923083407,0.0031754728566806
2026-09-29T08:11:00-04:00,1.66,1.66,1.65,1.6503,1.1048729633499663,1.643194447073851,1.6478263088762504,1.6517199795021482,3084,3975.9,0.0007962346365796,0.0041707661524053,0.0033745315158256
2026-09-29T08:12:00-04:00,1.6599,1.6599,1.6599,1.6599,1.1048729633499663,1.643198637485677,1.6489761842213693,1.6533559836017186,132,3887.25,0.0009920355554361,0.0046145759601208,0.0036225404046846
2026-09-29T08:13:00-04:00,1.66,1.66,1.6502,1.6502,1.1048729633499663,1.643215585189233,1.6490927381050484,1.6527247868813748,870,3713.7,0.0004106982865853,0.0041359132629164,0.003725214976331
2026-09-29T08:14:00-04:00,1.66,1.66,1.6581,1.6581,1.1048729633499663,1.6432214708937118,1.6499505725712342,1.6537998295050995,200,3473.45,0.000494995336316,0.004343959146726,0.00384896381041
2026-09-29T08:15:00-04:00,1.655,1.655,1.65,1.65,1.1048729633499663,1.6432524913068318,1.6499552799454025,1.6530398636040795,1944,3537.8,-3.01307247689e-05,0.0038113004044488,0.0038414311292177
2026-09-29T08:16:00-04:00,1.65,1.65,1.64,1.6402,1.1048729633499663,1.643255528434372,1.649026205664888,1.6504718908832638,11126,3713.2,-0.001018124763847,0.002568775174409,0.003586899938256
2026-09-29T08:17:00-04:00,1.645,1.645,1.64,1.64,1.1048729633499663,1.6432514928500104,1.6481665670301366,1.6483775127066111,1376,3722.55,-0.0016294731192452,0.0015500585391994,0.0031795316584447
2026-09-29T08:18:00-04:00,1.64,1.645,1.64,1.645,1.1048729633499663,1.643251575852682,1.6478649892177426,1.6477020101652888,550,3721.7,-0.0016371336152583,0.0011331146393718,0.0027702482546301
2026-09-29T08:19:00-04:00,1.64,1.64,1.64,1.64,1.1048729633499663,1.6432501314803214,1.6471159426255766,1.646161608132231,241,3717.0,-0.0019004579600359,0.0003946758045851,0.0022951337646211
2026-09-29T08:21:00-04:00,1.64,1.64,1.64,1.64,1.1048729633499663,1.6432495325323118,1.646438233804093,1.6449292865057847,100,3717.0,-0.0019868037077087,-0.0001883708700147,0.0017984328376939
2026-09-29T08:23:00-04:00,1.645,1.645,1.645,1.645,1.1048729633499663,1.643250177461745,1.6463012591560842,1.644943429204628,200,2949.15,-0.0016340796659616,-0.0002441667447581,0.0013899129212035
2026-09-29T08:25:00-04:00,1.64,1.64,1.64,1.64,1.1048729633499663,1.6432477962390952,1.6457011392364571,1.6439547433637025,398,2645.45,-0.0016590978035965,-0.0006839593332921,0.0009751384703044
2026-09-29T08:26:00-04:00,1.645,1.645,1.64,1.6401,1.1048729633499663,1.6432457247940746,1.6451676974044136,1.6431837946909618,728,2162.9,-0.001590314424105,-0.0010127545598268,0.0005775598642781
2026-09-29T08:27:00-04:00,1.6498,1.6498,1.6497,1.6497,1.1048729633499663,1.6432618094396303,1.64559934527066,1.6444870357527694,1352,1851.7,-0.0008564513548002,-0.0004930043292221,0.000363447025578
2026-09-29T08:28:00-04:00,1.645,1.6499,1.645,1.6499,1.1048729633499663,1.64326424039361,1.646008931435359,1.6455696286022157,265,1699.45,-0.0003421335494055,-6.42199111788e-05,0.0002779136382266
2026-09-29T08:29:00-04:00,1.64,1.6403,1.64,1.64,1.1048729633499663,1.6432549302835873,1.645436652251039,1.6444557028817723,1610,1722.5,-0.0006361624643526,-0.000517289442214,0.0001188730221385
2026-09-29T08:30:00-04:00,1.645,1.645,1.64,1.645,1.1048729633499663,1.6432550890049242,1.6453950663223686,1.644564562305418,1110,1735.7,-0.0004691008279283,-0.0004675030127718,1.5978151564e-06
2026-09-29T08:31:00-04:00,1.64,1.64,1.64,1.64,1.1048729633499663,1.6432286148612187,1.644881250482143,1.6436516498443343,4496,1943.0,-0.0006589016762511,-0.0008220292801575,-0.0001631276039063
2026-09-29T08:32:00-04:00,1.63,1.6396,1.61,1.615,1.1048729633499663,1.6413157504360123,1.6420354171028912,1.6379213198754674,53453,4568.65,-0.0023372788484891,-0.0030847261645177,-0.0007474473160286
2026-09-29T08:33:00-04:00,1.61,1.62,1.61,1.62,1.1048729633499663,1.6411116831039638,1.639936805950235,1.634337055900374,5061,4414.8,-0.0029408264714771,-0.0044234804053751,-0.0014826539338979
2026-09-29T08:34:00-04:00,1.6208,1.6208,1.6208,1.6208,1.1048729633499663,1.641101155818605,1.6381142530025936,1.6316296447202991,317,4276.45,-0.0031003842418296,-0.005358134236185,-0.0022577499943553
2026-09-29T08:35:00-04:00,1.6209,1.6209,1.6209,1.6209,1.1048729633499663,1.6410639025610898,1.63647480033568,1.6294837157762394,1130,4326.35,-0.0030108994539264,-0.0060213743117634,-0.0030104748578369
2026-09-29T08:37:00-04:00,1.63,1.63,1.63,1.63,1.1048729633499663,1.64106209727072,1.6358581526846627,1.6295869726209915,100,4287.85,-0.0021887891324562,-0.0057464612734072,-0.003557672140951
2026-09-29T08:38:00-04:00,1.6394,1.6394,1.63,1.63,1.1048729633499663,1.641049026289954,1.6353002333813615,1.6296695780967931,1012,4328.45,-0.0015263317489471,-0.0054655868271349,-0.0039392550781878
2026-09-29T08:39:00-04:00,1.64,1.64,1.64,1.64,1.1048729633499663,1.6410475740563908,1.6357478302021842,1.6317356624774344,851,4273.8,-0.0003570133876854,-0.0043855218127946,-0.0040285084251091
2026-09-29T08:41:00-04:00,1.64,1.64,1.64,1.64,1.1048729633499663,1.6410419264736418,1.6361527987543572,1.6333885299819475,3332,3884.1,0.0004313350817484,-0.0034893395729236,-0.003920674654672
2026-09-29T08:42:00-04:00,1.64,1.64,1.64,1.64,1.1048729633499663,1.641035719413256,1.6365191988729897,1.634710823985558,3704,4000.5,0.0009385893742448,-0.0027474379368659,-0.0036860273111108
2026-09-29T08:43:00-04:00,1.6498,1.6498,1.6498,1.6498,1.1048729633499663,1.6410379882728756,1.637784037075562,1.6377286591884463,161,3981.05,0.0018663420444973,-0.0013530997554891,-0.0032194417999864
2026-09-29T08:44:00-04:00,1.64,1.64,1.64,1.64,1.1048729633499663,1.6410187426979492,1.6379950811636037,1.638182927350757,11749,4556.45,0.0017539406416391,-0.0010270159979375,-0.0027809566395767
2026-09-29T08:45:00-04:00,1.64,1.64,1.63,1.63,1.1048729633499663,1.6410039502843796,1.6372336448623082,1.6365463418806057,1222,4612.55,0.0009787219658889,-0.0015575541822154,-0.0025362761481044
2026-09-29T08:46:00-04:00,1.63,1.63,1.63,1.63,1.1048729633499663,1.6410022173542618,1.6365447263039932,1.6352370735044846,100,4607.55,0.0004646464412067,-0.001955468096596,-0.0024201145378027
2026-09-29T08:47:00-04:00,1.63,1.6304,1.63,1.6304,1.1048729633499663,1.640988186316296,1.6359595142750414,1.6342696588035877,831,4629.2,0.0001656671152029,-0.002213030643799,-0.002378697759002
2026-09-29T08:48:00-04:00,1.64,1.65,1.64,1.65,1.1048729633499663,1.6409970319957372,1.637296703391704,1.6374157270428702,992,4642.4,0.0012421004661667,-0.0008260721762936,-0.0020681726424603
2026-09-29T08:49:00-04:00,1.64,1.65,1.64,1.6492,1.1048729633499663,1.641008402529994,1.6384303506877322,1.639772581634296,1343,4641.95,0.0018194760818089,0.0002061724598008,-0.0016133036220081
2026-09-29T08:51:00-04:00,1.6305,1.6305,1.6305,1.6305,1.1048729633499663,1.640999764567239,1.6376750791936625,1.6379180653074368,525,4654.95,0.0009073018570978,-0.0004791763006357,-0.0013864781577336
2026-09-29T08:52:00-04:00,1.63,1.6302,1.63,1.6302,1.1048729633499663,1.640965606413442,1.6369631668895042,1.6363744522459494,2014,4675.15,0.0002815014197694,-0.0010346013830218,-0.0013161028027912
2026-09-29T08:54:00-04:00,1.64,1.6497,1.64,1.6497,1.1048729633499663,1.6409758733269562,1.6381761986143133,1.6390395617967597,1198,4679.55,0.0011309481623135,9.75824001006e-05,-0.0010333657622129
2026-09-29T08:55:00-04:00,1.64,1.64,1.64,1.64,1.1048729633499663,1.6409746585985447,1.6383498939843786,1.6392316494374075,800,4494.75,0.0009944684119209,0.0002097197526882,-0.0007847486592326
2026-09-29T08:56:00-04:00,1.6401,1.6401,1.64,1.64,1.1048729633499663,1.6409740804149968,1.6385070469382472,1.639385319549926,395,1841.85,0.0008639482747237,0.000295186684172,-0.0005687615905517
2026-09-29T08:57:00-04:00,1.64,1.64,1.63,1.63,1.1048729633499663,1.6409549165045774,1.6376968519917474,1.6375082556399407,1617,1669.65,0.0001038598378333,-0.00043893679326,-0.0005427966310933
2026-09-29T08:58:00-04:00,1.64,1.64,1.64,1.64,1.1048729633499663,1.6409547358365333,1.637916199421105,1.6380066045119526,122,1659.9,0.0002651318380826,-0.0002113818334901,-0.0004765136715727
2026-09-29T08:59:00-04:00,1.6401,1.6401,1.6401,1.6401,1.1048729633499663,1.640954526454838,1.6381241804286186,1.638425283609562,158,1611.3,0.000363041404986,-2.27119153402e-05,-0.0003857533203262
2026-09-29T09:00:00-04:00,1.64,1.66,1.64,1.65,1.1048729633499663,1.6411267672082082,1.6392552108639882,1.6407402268876496,12520,2232.3,0.0010406897055333,0.0009151088115904,-0.0001255808939429
2026-09-29T09:01:00-04:00,1.65,1.66,1.6396,1.6396,1.1048729633499663,1.641169888388918,1.6392880479245606,1.6405121815101198,5421,2452.75,0.0007483130514,0.0008098104203071,6.14973689071e-05
2026-09-29T09:02:00-04:00,1.63,1.6303,1.62,1.6303,1.1048729633499663,1.64099984518378,1.6384320433603168,1.638469745208096,7976,2809.0,-6.82357110945e-05,-2.3797269961e-05,4.44384411334e-05
2026-09-29T09:03:00-04:00,1.63,1.64,1.63,1.64,1.1048729633499663,1.6409844700367746,1.638581372564096,1.6387757961664766,2389,2761.85,4.21705747279e-05,9.71516595433e-05,5.49810848154e-05
2026-09-29T09:04:00-04:00,1.63,1.64,1.63,1.64,1.1048729633499663,1.6409633723422183,1.638716479938944,1.6390206369331812,3306,2741.95,0.0001086591924902,0.0001908050754282,8.2145882938e-05
2026-09-29T09:05:00-04:00,1.64,1.64,1.63,1.63,1.1048729633499663,1.6409609485436405,1.637886338992378,1.637216509546545,215,2744.65,-0.0004942886709274,-0.0005357149557212,-4.14262847938e-05
2026-09-29T09:06:00-04:00,1.6469,1.6469,1.6469,1.6469,1.1048729633499663,1.640965516815437,1.6387447828978656,1.639153207637236,521,2183.25,0.0002326029122766,0.0002493273555519,1.67244432753e-05
2026-09-29T09:07:00-04:00,1.6398,1.6398,1.6397,1.6397,1.1048729633499663,1.6409640976825468,1.6388357559552118,1.6392625661097888,781,2161.2,0.0002163713923348,0.0002871886836939,7.0817291359e-05
2026-09-29T09:08:00-04:00,1.6301,1.64,1.6301,1.64,1.1048729633499663,1.6409618477080152,1.6389466363404297,1.639410052887831,358,2174.1,0.0002133549155871,0.0003375109358429,0.0001241560202558
2026-09-29T09:09:00-04:00,1.63,1.63,1.63,1.63,1.1048729633499663,1.6409596508445956,1.6380945757365792,1.6375280423102647,136,2139.35,-0.0004390287157407,-0.0004246298744201,1.43988413206e-05
2026-09-29T09:10:00-04:00,1.6305,1.65,1.6305,1.65,1.1048729633499663,1.6409697255731963,1.639228425666429,1.6400224338482117,2702,2224.85,0.0004513064785191,0.0005785319394695,0.0001272254609504
2026-09-29T09:11:00-04:00,1.65,1.65,1.65,1.65,1.1048729633499663,1.640973700101671,1.6402542898886738,1.6420179470785694,300,2172.7,0.0009845332080272,0.0013578919709844,0.0003733587629572
2026-09-29T09:12:00-04:00,1.6499,1.6499,1.6499,1.6499,1.1048729633499663,1.6409780589021974,1.6411729289468953,1.6435943576628556,333,2163.1,0.0012573529271801,0.0019450499219324,0.0006876969947522
2026-09-29T09:13:00-04:00,1.64,1.64,1.64,1.64,1.1048729633499663,1.6409778051108237,1.6410612214281433,1.6428754861302843,177,2071.25,0.0007243740496027,0.0015931645567557,0.0008687905071529
2026-09-29T09:14:00-04:00,1.63,1.63,1.63,1.63,1.1048729633499663,1.6409586068524669,1.64000777176832,1.6403003889042274,1195,2071.1,-0.0002937569053903,0.0005015943754149,0.0007953512808053
2026-09-29T09:15:00-04:00,1.63,1.64,1.63,1.64,1.1048729633499663,1.6409530929048006,1.640007031599909,1.640240311123382,879,2075.05,-0.0002855768687461,0.0004383801948726,0.0007239570636188
2026-09-29T09:16:00-04:00,1.64,1.65,1.64,1.65,1.1048729633499663,1.640969164608004,1.640958742876108,1.6421922488987055,1930,2151.8,0.0003660970909207,0.0011815784272697,0.000815481336349
2026-09-29T09:17:00-04:00,1.63,1.63,1.63,1.63,1.1048729633499663,1.6409666072647178,1.6399150530783833,1.6397537991189644,160,2078.95,-0.0005284255746706,0.0001549493680106,0.0006833749426813
2026-09-29T09:19:00-04:00,1.64,1.64,1.64,1.64,1.1048729633499663,1.6409664664389034,1.6399231432613943,1.6398030392951717,100,2077.85,-0.0004294476706045,0.0001465653544256,0.0005760130250302
2026-09-29T09:20:00-04:00,1.64,1.64,1.64,1.64,1.1048729633499663,1.6409650857062774,1.6399304629507854,1.639842431436137,982,2119.05,-0.0003501492821326,0.0001383264223644,0.000488475704497
2026-09-29T09:21:00-04:00,1.6303,1.65,1.6303,1.65,1.1048729633499663,1.6409684959083837,1.640889466479282,1.6418739451489095,951,1540.6,0.0003516321138806,0.0009280158468478,0.0005763837329672
2026-09-29T09:22:00-04:00,1.6397,1.6397,1.6397,1.6397,1.1048729633499663,1.640967943281568,1.6407761839574455,1.6414391561191275,300,1284.55,0.0001104852428892,0.0007144902865787,0.0006040050436895
2026-09-29T09:23:00-04:00,1.63,1.64,1.63,1.639,1.1048729633499663,1.640945992527768,1.640607023580546,1.6409513248953025,3277,1049.6,-9.66317264186e-05,0.0004832153856662,0.0005798471120848
2026-09-29T09:24:00-04:00,1.6302,1.6302,1.6302,1.6302,1.1048729633499663,1.6409420490385744,1.639615878477637,1.638801059916242,254,942.85,-0.0007882648325165,-0.0004054839285607,0.0003827809039557
2026-09-29T09:25:00-04:00,1.64,1.65,1.63,1.63,1.1048729633499663,1.640873268881036,1.6387000805273857,1.6370408479329934,11317,1343.4,-0.0011966981923907,-0.0011130918365327,8.3606355858e-05
2026-09-29T09:26:00-04:00,1.62,1.63,1.62,1.625,1.1048729633499663,1.6408071162167397,1.6373953109533488,1.6346326783463947,2944,1479.85,-0.0017098139552713,-0.0020536610882311,-0.0003438471329597
2026-09-29T09:27:00-04:00,1.62,1.62,1.62,1.62,1.1048729633499663,1.640792663989253,1.6357386146720774,1.6317061426771158,491,1478.35,-0.0022577472322834,-0.0031660311733141,-0.0009082839410306
2026-09-29T09:28:00-04:00,1.62,1.62,1.62,1.62,1.1048729633499663,1.6407802000023564,1.6342396989890224,1.6293649141416926,424,1460.5,-0.0024745457031021,-0.0040014660699083,-0.0015269203668062
2026-09-29T09:29:00-04:00,1.62,1.625,1.62,1.625,1.1048729633499663,1.6407676047841593,1.6333597276567349,1.628491931313354,511,1468.15,-0.0021477020491684,-0.0042115479282667,-0.0020638458790983
2026-09-29T09:30:00-04:00,1.64,1.66,1.62,1.66,1.1048729633499663,1.6410048022798054,1.6358968964513314,1.6347935450506832,29654,2944.05,0.0004221772339745,-0.00153612433663,-0.0019583015706046
2026-09-29T09:31:00-04:00,1.665,1.68,1.65,1.66,1.1048729633499663,1.641507006963489,1.6381924301226332,1.6398348360405466,16969,3657.4,0.0020286500152061,0.0005775109484029,-0.0014511390668031
2026-09-29T09:32:00-04:00,1.655,1.67,1.655,1.6686,1.1048729633499663,1.641809406726933,1.6410883891585728,1.6455878688324372,10040,4144.4,0.003491272512656,0.0029129515740169,-0.0005783209386391
2026-09-29T09:33:00-04:00,1.66,1.78,1.648,1.7301,1.1048729633499663,1.6560471618106634,1.649565685429185,1.6624902950659497,171902,12722.85,0.0081550564505755,0.0096154996245803,0.0014604431740047
2026-09-29T09:34:00-04:00,1.7302,1.7302,1.67,1.705,1.1048729633499663,1.6609032505194363,1.6548451439597387,1.6709922360527598,111370,18282.5,0.0090355863921564,0.0127549261642003,0.0037193397720438
2026-09-29T09:35:00-04:00,1.705,1.72,1.7,1.715,1.1048729633499663,1.662296610268606,1.660574177868335,1.679793788842208,29571,19701.3,0.0097180932589985,0.015866956345792,0.0061488630867935
2026-09-29T09:36:00-04:00,1.72,1.8,1.71,1.79,1.1048729633499663,1.6731934155766246,1.6729004466427793,1.7018350310737662,125593,25937.0,0.0143667036090326,0.0241072425980843,0.0097405389890516
2026-09-29T09:37:00-04:00,1.7901,1.85,1.79,1.8102,1.1048729633499663,1.7044041318543397,1.685976594581562,1.7235080248590129,334236,42552.3,0.0177275503493071,0.0318999769256855,0.0141724265763784
2026-09-29T09:38:00-04:00,1.8103,1.82,1.78,1.8,1.1048729633499663,1.7121581027501804,1.6968359665261752,1.7388064198872104,135689,49328.75,0.0181246090142322,0.0368281878441687,0.0187035788299365
2026-09-29T09:39:00-04:00,1.8,1.8299,1.79,1.7908,1.1048729633499663,1.7166825818828384,1.705784922095111,1.7492051359097682,87114,53679.45,0.0166657162739639,0.0395357241723914,0.0228700078984275
2026-09-29T09:40:00-04:00,1.7908,1.81,1.76,1.79,1.1048729633499663,1.7207711590074903,1.7138054057051004,1.757364108727815,109200,59090.35,0.0146181105543774,0.0411426460913992,0.0265245355370218
2026-09-29T09:41:00-04:00,1.795,1.795,1.76,1.7707,1.1048729633499663,1.723325037159566,1.719223938495091,1.7600312869822516,91963,63640.95,0.0110949054084284,0.0403931672975574,0.0292982618891289
2026-09-29T09:42:00-04:00,1.7708,1.79,1.76,1.7801,1.1048729633499663,1.7241014353658262,1.7250216586384155,1.7640450295858012,28948,65073.35,0.0086377947825906,0.0400955053673672,0.0314577105847766
2026-09-29T09:43:00-04:00,1.7807,1.79,1.77,1.7732,1.1048729633499663,1.7250293304798427,1.7296100721014236,1.765876023668641,35037,66661.35,0.005917782145681,0.0388549382668779,0.0329371561211969
2026-09-29T09:44:00-04:00,1.78,1.85,1.7702,1.835,1.1048729633499663,1.7304042232500736,1.7396472080917642,1.7797008189349128,123697,72833.5,0.0075463608602438,0.0423701071965016,0.0348237463362578
2026-09-29T09:45:00-04:00,1.835,1.9,1.81,1.88,1.1048729633499663,1.74246639822449,1.7530141406544533,1.7997606551479302,214446,82989.95,0.01072584316537,0.0482310502929703,0.0375052071276003
2026-09-29T09:46:00-04:00,1.885,1.895,1.835,1.85,1.1048729633499663,1.7531613196370843,1.7622508891635529,1.809808524118344,236571,94671.3,0.0098999569262721,0.0498801532854404,0.0399801963591683
2026-09-29T09:47:00-04:00,1.855,1.86,1.82,1.8502,1.1048729633499663,1.7559417914698656,1.7706269949575002,1.817886819294675,82654,98779.45,0.0085116070448068,0.0506197051651768,0.04210809812037
2026-09-29T09:48:00-04:00,1.855,1.855,1.84,1.8409,1.1048729633499663,1.7570386383369183,1.777319662104405,1.8224894554357405,33336,100425.05,0.006217827963519,0.0498803830747689,0.0436625551112498
2026-09-29T09:49:00-04:00,1.84,1.87,1.84,1.85,1.1048729633499663,1.7595947656825277,1.7842415990468423,1.827991564348592,74057,104102.35,0.0046368604171713,0.049458630632714,0.0448217702155426
2026-09-29T09:50:00-04:00,1.855,1.89,1.85,1.88,1.1048729633499663,1.7631390239763451,1.793361446756667,1.8383932514788737,89733,107106.3,0.0049087670936325,0.0509577290825833,0.0460489619889508
2026-09-29T09:51:00-04:00,1.88,1.89,1.84,1.85,1.1048729633499663,1.7697310413743168,1.7987555946846034,1.840714601183099,210288,116772.25,0.0024875177373189,0.0491583591605995,0.0466708414232805
2026-09-29T09:52:00-04:00,1.8379,1.88,1.821,1.8747,1.1048729633499663,1.773734109381455,1.805988395190832,1.847511680946479,145806,123560.55,0.0019903329016774,0.0491587575503773,0.0471684246486999
2026-09-29T09:53:00-04:00,1.88,1.8899,1.82,1.83,1.1048729633499663,1.7754483988721743,1.808275214696467,1.8440093447571837,77923,118861.6,-0.0017083045573191,0.0450330439520509,0.0467413485093701
2026-09-29T09:54:00-04:00,1.8351,1.86,1.83,1.835,1.1048729633499663,1.7762659587897591,1.8108204323444224,1.8422074758057467,41423,115364.25,-0.0040440303475031,0.0416863105749911,0.0457303409224943
2026-09-29T09:55:00-04:00,1.84,1.87,1.835,1.86,1.1048729633499663,1.77738717359811,1.8155042006925728,1.8457659806445976,48468,116309.1,-0.0041174964625982,0.0405834703442464,0.0447009668068447
2026-09-29T09:56:00-04:00,1.86,1.8601,1.83,1.8435,1.1048729633499663,1.7779753282754738,1.81817046729328,1.8453127845156776,30076,111533.25,-0.0054082192665612,0.0379406927236432,0.0433489119902044
2026-09-29T09:57:00-04:00,1.8402,1.87,1.8302,1.86,1.1048729633499663,1.7788008378759126,1.8221542323129676,1.8482502276125423,37996,96721.25,-0.0052759238270619,0.036754007206377,0.0420299310334389
2026-09-29T09:58:00-04:00,1.866,1.92,1.86,1.9191,1.1048729633499663,1.7849923362157396,1.8313871625688751,1.862420182090034,187384,99306.0,-0.0015279858903076,0.0401199486705543,0.041647934560862
2026-09-29T09:59:00-04:00,1.911,1.92,1.88,1.895,1.1048729633499663,1.7877468581752562,1.8374455280385065,1.868936145672027,91139,99507.25,-0.0010164534234336,0.0403773677815699,0.0413938212050036
2026-09-29T10:00:00-04:00,1.89,1.9099,1.88,1.8853,1.1048729633499663,1.7893459885419922,1.842003096796744,1.8722089165376217,58571,96975.8,-0.0016389615207343,0.0393451193040856,0.04098408082482
2026-09-29T10:01:00-04:00,1.885,1.91,1.88,1.9092,1.1048729633499663,1.7914585840649622,1.8484028018637209,1.8796071332300976,74313,96093.3,-0.0007916223414296,0.039994552898033,0.0407861752394626
2026-09-29T10:02:00-04:00,1.9093,1.94,1.895,1.9329,1.1048729633499663,1.7958424813241327,1.856450154067176,1.890265706584078,134258,101358.8,0.0009216104499181,0.0419381883018603,0.0410165778519421
2026-09-29T10:03:00-04:00,1.9391,1.9391,1.83,1.9,1.1048729633499663,1.7998915145048011,1.8605977584417304,1.8922125652672623,181119,108662.9,-0.0005264222204755,0.0403585500763477,0.0408849722968232
2026-09-29T10:04:00-04:00,1.9002,1.92,1.9,1.9102,1.1048729633499663,1.8010648525507476,1.86532178144728,1.89581005221381,45193,104737.7,-0.0011282254397909,0.0394746904970846,0.0406029159368755
2026-09-29T10:05:00-04:00,1.9102,1.93,1.905,1.9209,1.1048729633499663,1.8032279423325912,1.8706149451189675,1.900828041771048,79539,97992.35,-0.0011336006282674,0.0391859151515412,0.0403195157798086
2026-09-29T10:06:00-04:00,1.9291,1.95,1.9,1.9409,1.1048729633499663,1.8057013474093109,1.8773087598695424,1.9088424334168383,85818,90454.7,-0.000168776526843,0.0401085451212548,0.0402773216480979
2026-09-29T10:07:00-04:00,1.945,1.975,1.9401,1.9662,1.1048729633499663,1.8126220685398025,1.885774592262919,1.9203139467334709,206432,96643.6,0.0016921903139926,0.0423925595405887,0.040700369226596
2026-09-29T10:08:00-04:00,1.965,1.98,1.96,1.98,1.1048729633499663,1.816755500874884,1.8947484406188315,1.9322511573867764,121839,101068.75,0.0032795271278994,0.0447997781364704,0.0415202510085709
2026-09-29T10:09:00-04:00,1.975,1.99,1.94,1.9592,1.1048729633499663,1.8242762899851903,1.900886684369419,1.9376409259094212,256700,110200.9,0.0023965812494913,0.0445159775704351,0.0421193963209437
2026-09-29T10:10:00-04:00,1.95,1.97,1.9209,1.9591,1.1048729633499663,1.8267597027702704,1.9064308096675695,1.9419327407275369,100632,110745.85,0.001327158866393,0.043778344903935,0.042451186037542
2026-09-29T10:11:00-04:00,1.955,1.99,1.94,1.99,1.1048729633499663,1.8293082336534623,1.91438978017542,1.9515461925820297,90148,104738.85,0.0021722402260985,0.0451664863201652,0.0429942460940666
2026-09-29T10:12:00-04:00,1.99,2.0499,1.99,2.005,1.1048729633499663,1.837986008060211,1.923019324920618,1.9622369540656237,254217,110159.4,0.0031533430508108,0.0469359249075802,0.0437825818567694
2026-09-29T10:13:00-04:00,2.0098,2.02,1.98,1.9933,1.1048729633499663,1.8413571999747065,1.929712722547226,1.9684495632524988,117228,112124.65,0.0024571517327485,0.0468540215227051,0.0443968697899565
2026-09-29T10:14:00-04:00,1.99,2.0,1.98,1.9932,1.1048729633499663,1.8438574999771404,1.9357591299236807,1.973399650601999,94369,114771.95,0.001480844994332,0.0462479260328716,0.0447670810385395
2026-09-29T10:15:00-04:00,1.99,2.04,1.98,2.0309,1.1048729633499663,1.8481756619225609,1.9448201651690444,1.9848997204815992,144556,119576.35,0.0027890794966949,0.0482534304094082,0.0454643509127132
2026-09-29T10:16:00-04:00,2.035,2.05,2.02,2.035,1.1048729633499663,1.8523962450965543,1.9534087208672304,1.9949197763852795,133943,124769.7,0.0033100099948713,0.0496018634063024,0.0462918534114311
2026-09-29T10:17:00-04:00,2.04,2.13,2.0386,2.105,1.1048729633499663,1.8677093118092696,1.967845985546542,2.016935821108224,406241,143181.95,0.0075082054215853,0.0556771101884128,0.0481689047668274
2026-09-29T10:18:00-04:00,2.1,2.22,2.1,2.21,1.1048729633499663,1.888074634967681,1.9909082726373477,2.055548656886579,447064,156165.95,0.0160076684382978,0.0681784903146998,0.0521708218764019
2026-09-29T10:19:00-04:00,2.21,2.32,2.11,2.1257,1.1048729633499663,1.9262596884421843,2.0037455800052193,2.069578925509263,1000034,201610.7,0.0146403582799148,0.0704712697262954,0.0558309114463806
2026-09-29T10:20:00-04:00,2.1263,2.22,2.12,2.15,1.2044088716023504,1.938446709950863,2.0176745723856744,2.0856631404074104,421739,219769.1,0.0140576524570569,0.0734029770177018,0.0593453245606448
2026-09-29T10:21:00-04:00,2.15,2.2,2.11,2.11,1.2005993477928267,1.947272827535888,2.0264674702537055,2.090530512325928,375713,234839.1,0.0098617518165082,0.0716725143312801,0.0618107625147719
