feature,pos_count,fp_count,pos_mean,fp_mean,mean_diff_pos_minus_fp,pos_median,fp_median,median_diff_pos_minus_fp,median_ratio_pos_to_fp,cohen_d_pos_minus_fp,abs_cohen_d,ks_stat,ks_pvalue,auc_separation,auc_direction,pos_q5,fp_q5,q5_diff_pos_minus_fp,pos_q10,fp_q10,q10_diff_pos_minus_fp,pos_q25,fp_q25,q25_diff_pos_minus_fp,pos_q50,fp_q50,q50_diff_pos_minus_fp,pos_q75,fp_q75,q75_diff_pos_minus_fp,pos_q90,fp_q90,q90_diff_pos_minus_fp,pos_q95,fp_q95,q95_diff_pos_minus_fp,best_rule_op,best_rule_threshold,best_rule_fp_caught,best_rule_pos_killed,best_rule_score
feature_current_day_vwap_to_recent_days,441,38,2.556308958897268,1.8888692625075123,0.6674396963897555,2.0236738130707947,1.758145399039301,0.26552841403149374,1.1510275624397082,0.3373140413636274,0.3373140413636274,0.2774794128177587,0.0070729180990492194,0.6520467836257311,higher_in_positives,1.2781263332700816,1.138885994009963,0.1392403392601187,1.4116748684880365,1.1394427576769517,0.2722321108110848,1.6344433035059411,1.4148726728823864,0.21957063062355475,2.0236738130707947,1.758145399039301,0.26552841403149374,2.83967733803882,2.0327805225708433,0.8068968154679768,3.9724044077343263,2.8146687582086067,1.1577356495257196,5.583676948820763,3.009536678194618,2.574140270626145,<=,1.0978428382833585,1,9,-179
feature_entry_volume_price_efficiency,441,38,0.4158823737354169,0.13159814330475028,0.28428423043066664,0.1062906788326429,0.07808973533092714,0.02820094350171576,1.3611350887822369,0.2550623024743292,0.2550623024743292,0.21267454350161116,0.07157446158585389,0.6200023869196802,higher_in_positives,0.0156373048093529,0.015228362275131435,0.0004089425342214629,0.025957130347667,0.01702999572648021,0.008927134621186793,0.0493042511786534,0.025888546766721726,0.023415704411931672,0.1062906788326429,0.07808973533092714,0.02820094350171576,0.2775034569571265,0.14693666581088957,0.13056679114623695,0.8261093415984547,0.2252522458368007,0.600857095761654,1.549049868557317,0.3370088296985306,1.2120410388587866,<=,0.011005453791772776,0,10,-200
feature_price_movement_from_highest_high_to_lowest_low,441,38,4.879220634920635,1.1088184210526315,3.770402213868004,0.6400000000000006,0.4275500000000001,0.21245000000000047,1.4969009472576318,0.13642254313180824,0.13642254313180824,0.2271154075665354,0.045195616640182984,0.6001611170784104,higher_in_positives,0.0799999999999998,0.06699999999999998,0.012999999999999817,0.1200000000000001,0.18043999999999974,-0.06043999999999963,0.2800000000000002,0.23397500000000004,0.04602500000000015,0.6400000000000006,0.4275500000000001,0.21245000000000047,1.5199999999999996,0.7136749999999998,0.8063249999999997,4.330000000000002,1.2729999999999992,3.0570000000000026,8.691099999999999,2.143714999999996,6.547385000000003,<=,0.04559999999999989,1,9,-179
feature_entry_bar_close_to_highest_high,441,38,1.0298372866419578,1.0219483521985149,0.007888934443442963,1.0234482758620689,1.0173265579165078,0.006121717945561045,1.006017456143186,0.33496089151138553,0.33496089151138553,0.21667263396586706,0.06330907727714669,0.5958348251581335,higher_in_positives,1.003402777777778,1.005556737915008,-0.0021539601372300154,1.0064331210191082,1.007345399698341,-0.0009122786792328252,1.012605042016807,1.0111206113205928,0.0014844306962140674,1.0234482758620689,1.0173265579165078,0.006121717945561045,1.0415692307692308,1.0258261004126548,0.01574313035657604,1.05805951414564,1.0411794949562676,0.01688001918937232,1.0751677852348993,1.049535595507891,0.025632189727008203,<=,1.0022588799999999,0,10,-200
feature_current_day_ema_9_to_recent_days_ema_9,441,38,1.4918961010203897,1.2847467929669212,0.20714930805346854,1.270902738081878,1.1640293468943548,0.10687339118752326,1.0918133133607524,0.2828120155167553,0.2828120155167553,0.18027210884353742,0.18085827785611772,0.5942833273660342,higher_in_positives,0.9792693918147248,0.9099796601873046,0.06928973162742025,1.0189892580988889,0.9246235487461976,0.09436570935269128,1.1162937547886829,1.0431254516881225,0.07316830310056033,1.270902738081878,1.1640293468943548,0.10687339118752326,1.645474919393532,1.4454386822839245,0.2000362371096076,2.0308201403452397,1.7765149772589706,0.25430516308626916,2.409666385056407,1.8237462226325054,0.5859201624239014,<=,0.8759815883690061,0,10,-200
feature_entry_close_strength_to_highest_high_close_strength,441,38,9.292427478051552,2.786034261398898,6.506393216652654,1.7397660818713458,1.315991367307153,0.4237747145641928,1.322019372688851,0.07416241551519792,0.07416241551519792,0.26196443489676574,0.013116261579668803,0.5855412340374746,higher_in_positives,0.7989215686274511,0.8840012408320311,-0.08507967220458001,0.9397708674304406,0.9379027794442658,0.0018680879861747712,1.1774285881184636,1.0638101028028755,0.11361848531558816,1.7397660818713458,1.315991367307153,0.4237747145641928,3.3074093197366445,2.8605697539939836,0.4468395657426609,7.796733151614435,5.259313725490137,2.5374194261242984,16.814189189189964,8.186480686695267,8.627708502494697,>=,46.45017526617976,0,10,-200
feature_current_day_ema_9_to_ema_20_distance_to_recent_days,441,38,5.147637458724058,2.4777207508736936,2.6699167078503647,1.0,1.0,0.0,1.0,0.16512806041053965,0.16512806041053965,0.15055495882563552,0.3660164576002134,0.582438238453276,higher_in_positives,1.0,0.1387122378381986,0.8612877621618014,1.0,0.8615254169577845,0.1384745830422155,1.0,1.0,0.0,1.0,1.0,0.0,3.4747113218518915,2.8444689011966267,0.6302424206552648,9.58573914103859,4.244236522413731,5.34150261862486,14.172920520669088,5.026855868480863,9.146064652188226,<=,0.6409108503621523,4,6,-116
feature_recent_bars_positive_bars_pct,441,38,0.581557067271353,0.6131578947368421,-0.03160082746548909,0.6,0.6,0.0,1.0,-0.25905610930476913,0.25905610930476913,0.12459720730397422,0.6016798227295024,0.5819608545172454,higher_in_false_positives,0.4,0.4,0.0,0.4,0.5,-0.09999999999999998,0.5,0.525,-0.025000000000000022,0.6,0.6,0.0,0.7,0.7,0.0,0.7,0.7300000000000004,-0.03000000000000047,0.8,0.8,0.0,>=,0.8,4,37,-736
feature_current_day_ema_9_to_ema_20,441,38,1.146558693597164,1.1027047606070612,0.04385393299010265,1.1241869447172714,1.0734418807688941,0.0507450639483773,1.047273229093716,0.2334357892161755,0.2334357892161755,0.15091299677765843,0.36346987720555873,0.5767991407089151,higher_in_positives,0.8952601253754157,0.9185687772027116,-0.023308651827295912,0.967124052786797,0.929438445187164,0.03768560759963302,1.036639868855164,1.01304107590033,0.023598792954833803,1.1241869447172714,1.0734418807688941,0.0507450639483773,1.2409678590185884,1.1782875147641234,0.062680344254465,1.3860611848733453,1.272222126980281,0.11383905789306437,1.466544126002754,1.3090547770082863,0.15748934899446776,<=,0.7661640425211389,0,10,-200
feature_entry_bar_volume_to_volume_average,441,38,3.449025993348334,3.85530611617824,-0.406280122829906,2.8587094504553585,3.4288374170179994,-0.5701279665626409,0.8337255759829898,-0.19771210635328554,0.19771210635328554,0.16630862871464375,0.25610966556459924,0.5763814297648884,higher_in_false_positives,1.437723263066953,1.526237130398201,-0.088513867331248,1.7336777190671946,1.8471241395083018,-0.1134464204411072,2.1496205143320317,2.449822396781804,-0.3002018824497723,2.8587094504553585,3.4288374170179994,-0.5701279665626409,4.105870995344661,4.30548973507669,-0.1996187397320286,5.931538184572747,6.923047402213616,-0.9915092176408686,7.651076884847153,8.455808033301894,-0.8047311484547413,>=,9.049151134644184,1,9,-179
feature_current_day_ema_20_to_recent_days_ema_20,441,38,1.2557812567801545,1.13685807255076,0.11892318422939452,1.1371779482175235,1.0764146147781108,0.06076333343941265,1.0564497477135595,0.2757479665003278,0.2757479665003278,0.14041055018498627,0.4516993938904308,0.5762322472848789,higher_in_positives,0.9221463645002758,0.9241956431260212,-0.002049278625745443,0.9676684448094894,0.9457362709975068,0.021932173811982647,1.041342567709196,1.01335023348516,0.02799233422403602,1.1371779482175235,1.0764146147781108,0.06076333343941265,1.325499710890108,1.2388404798229522,0.0866592310671559,1.603471411149531,1.3555970561723782,0.2478743549771527,1.9176956275736312,1.4314919367359715,0.4862036908376597,<=,0.8228872649027829,0,10,-200
feature_entry_close_to_vwap,441,38,1.2090415375506656,1.166345646365983,0.042695891184682644,1.1734400235514242,1.154441959694531,0.018998063856893177,1.0164564911188088,0.2953411958758172,0.2953411958758172,0.22395273899033297,0.05011113376756812,0.5753669889008235,higher_in_positives,1.072176720494438,1.0829480966302245,-0.010771376135786603,1.086457175390616,1.087445564104745,-0.0009883887141288739,1.117830266872353,1.1160626745856062,0.001767592286746833,1.1734400235514242,1.154441959694531,0.018998063856893177,1.2548614951058934,1.1922081807956229,0.06265331431027055,1.3552099981940329,1.271722513887679,0.08348748430635378,1.476126734995228,1.3337947044976928,0.1423320304975353,<=,1.0611636544854692,0,10,-200
feature_pre_market_volume,441,38,3935051.4388021417,1472569.9579607367,2462481.4808414048,217591.0,66753.0,150838.0,3.259643761329079,0.20131086408552545,0.20131086408552545,0.20073994510084736,0.10274423443130132,0.5706229860365198,higher_in_positives,247.26419400000003,279.475,-32.21080599999999,3344.0,3059.3,284.6999999999998,24509.0,13664.0,10845.0,217591.0,66753.0,150838.0,2087313.0,2940030.25,-852717.25,10054249.389834,3948130.5000000033,6106118.889833996,20258819.0,4661915.999999999,15596903.0,<=,52.15100000000004,1,9,-179
feature_entry_bar_ema_9_to_ema_20,441,38,1.0354420653523204,1.0280057907054676,0.007436274646852814,1.02934543663897,1.0260692011740074,0.0032762354649626957,1.0031929965943955,0.2867623964781875,0.2867623964781875,0.16947129729084617,0.23727756091754515,0.5684449218283805,higher_in_positives,1.0079818306499495,1.0083446878044855,-0.0003628571545359893,1.0105896832546049,1.010112748409404,0.0004769348452009492,1.01769968629311,1.0154645026790798,0.0022351836140301895,1.02934543663897,1.0260692011740074,0.0032762354649626957,1.0446390429263095,1.0358868078050922,0.008752235121217256,1.0673539678038868,1.050877826465601,0.0164761413382859,1.0879103368773722,1.0558835418112478,0.03202679506612438,<=,1.0063749231328485,1,9,-179
feature_current_day_volume_to_recent_days_volume,441,38,590.5491722772775,194.0497808760971,396.49939140118045,37.69707450544893,14.280420157379897,23.416654348069034,2.6397734863541586,0.24703146136864562,0.24703146136864562,0.19668218164458767,0.11540954415847314,0.5655209452201934,higher_in_positives,1.3795912587555934,1.8095440457719414,-0.429952787016348,1.7283598950781838,2.9185745892994386,-1.1902146942212548,4.503714738203127,4.346366989902099,0.15734774830102793,37.69707450544893,14.280420157379897,23.416654348069034,472.9304394331046,200.37443782800725,272.5560016050973,1569.0087784915954,578.533600932133,990.4751775594624,2545.7179807055745,989.0085364860109,1556.7094442195635,>=,4713.544762205947,0,10,-200
feature_volume_since_lowest_low_to_entry_vs_since_highest_high,441,38,0.6662489893165886,0.7304701558554775,-0.06422116653888887,0.6761754866998841,0.7176008809445561,-0.041425394244671954,0.942272375432225,-0.23055094230116865,0.23055094230116865,0.19041651748418667,0.13730631185276906,0.5627759875880176,higher_in_false_positives,0.2010567333344077,0.2826625178192692,-0.0816057844848615,0.2802708689551875,0.4487117685542766,-0.1684408995990891,0.4650209286857973,0.5689255381890009,-0.10390460950320363,0.6761754866998841,0.7176008809445561,-0.041425394244671954,1.0,1.0,0.0,1.0,1.0,0.0,1.0,1.0,0.0,<=,0.0,0,12,-240
feature_overall_legit_trade,441,38,0.8752834467120182,1.0,-0.12471655328798181,1.0,1.0,0.0,1.0,-0.3925794725600957,0.3925794725600957,0.12471655328798185,0.6001325126902638,0.562358276643991,higher_in_false_positives,0.0,1.0,-1.0,0.0,1.0,-1.0,1.0,1.0,0.0,1.0,1.0,0.0,1.0,1.0,0.0,1.0,1.0,0.0,1.0,1.0,0.0,<=,0.0,0,55,-1100
feature_entry_body_to_recent_bars_body_average,441,38,10.078687423762744,4.36900967916728,5.7096777445954645,4.2105263157894495,3.7512944636138714,0.45923185217557805,1.1224195691993664,0.07609608741025686,0.07609608741025686,0.17042606516290726,0.23159415793853658,0.5580618212197159,higher_in_positives,1.3972602739726014,1.8446623641335305,-0.447402090160929,1.813835054463147,1.9599871509984397,-0.1461520965352927,2.828604516502614,2.730716747378685,0.09788776912392905,4.2105263157894495,3.7512944636138714,0.45923185217557805,6.56294200848657,5.083215394868491,1.4797266136180793,10.231347446147325,7.017160142192106,3.214187303955219,13.207547169811328,8.109992980569553,5.097554189241775,<=,0.9886391971370517,0,10,-200
feature_highest_high_quality,441,38,15.376034135428867,6.650561176011204,8.725472959417663,2.123126416644918,2.9207829971913473,-0.7976565805464291,0.7269031690086312,0.1080914599923776,0.1080914599923776,0.1386203604248717,0.4676921378217373,0.5575546007876836,higher_in_false_positives,0.0589431062770171,0.16029719664504313,-0.10135409036802603,0.2551831607652851,0.22491964632513473,0.030263514440150352,0.7416618523074512,1.252262880104054,-0.5106010277966029,2.123126416644918,2.9207829971913473,-0.7976565805464291,6.809547138816195,9.061526920052911,-2.2519797812367157,14.528673822445205,13.97150593273119,0.5571678897140142,36.52604752302588,21.957642338559246,14.568405184466634,>=,108.32755724417873,0,10,-200
feature_controlled_volume_entry_quality,441,38,271.5923164257062,103.717330827777,167.8749855979292,21.42782704466858,9.47327120922835,11.954555835440228,2.2619247957130946,0.22277671970832832,0.22277671970832832,0.1808091657715718,0.17808766580617555,0.5574650912996778,higher_in_positives,1.0170709279877002,1.4062570057675774,-0.38918607777987724,1.306355691252358,1.522814060586566,-0.21645836933420814,2.962379943087678,3.0136236059706576,-0.051243662882979546,21.42782704466858,9.47327120922835,11.954555835440228,223.32865597150845,123.51677940756868,99.81187656393978,718.4350801879531,320.23096157156755,398.20411861638553,1227.3997406973306,460.3181844967025,767.081556200628,<=,0.4396856031224776,0,10,-200
feature_entry_bar_movement_recent_bars_average,441,38,12.183291070973084,5.362984622610523,6.820306448362561,5.090909090909093,4.468826108134443,0.6220829827746499,1.139205009933659,0.08330719382934004,0.08330719382934004,0.17317102279508295,0.21625317859685605,0.5572263993316625,higher_in_positives,2.181818181818191,2.4673361934477342,-0.28551801162954327,2.605210420841686,2.879207920792087,-0.2739974999504011,3.552451798998019,3.573559849877973,-0.021108050879953932,5.090909090909093,4.468826108134443,0.6220829827746499,7.55772364389148,6.241828141296821,1.3158955025946586,12.695207804738578,9.336582669333854,3.358625135404724,16.988389087366023,10.085125271695684,6.903263815670339,<=,1.701052631578947,0,10,-200
feature_bars_since_lowest_low_to_entry,441,38,25.89342403628118,21.36842105263158,4.5250029836496,6.0,9.0,-3.0,0.6666666666666666,0.09364437573950066,0.09364437573950066,0.14041055018498627,0.4516993938904308,0.5473505191550304,higher_in_false_positives,1.0,1.0,0.0,1.0,1.0,0.0,2.0,3.25,-1.25,6.0,9.0,-3.0,22.0,21.75,0.25,87.0,65.90000000000009,21.09999999999991,137.0,97.15,39.849999999999994,>=,188.79999999999995,0,10,-200
feature_lowest_low_to_entry_elapsed_minutes,441,38,25.89342403628118,21.36842105263158,4.5250029836496,6.0,9.0,-3.0,0.6666666666666666,0.09364437573950066,0.09364437573950066,0.14041055018498627,0.4516993938904308,0.5473505191550304,higher_in_false_positives,1.0,1.0,0.0,1.0,1.0,0.0,2.0,3.25,-1.25,6.0,9.0,-3.0,22.0,21.75,0.25,87.0,65.90000000000009,21.09999999999991,137.0,97.15,39.849999999999994,>=,188.79999999999995,0,10,-200
feature_entry_body_to_highest_high_body,441,38,8.860787902592135,11.097833643955834,-2.2370457413636995,2.53160755503711,1.9733042767638223,0.558303278273288,1.2829281245915576,-0.04914265156346276,0.04914265156346276,0.13313044516052036,0.5188791362297747,0.5466642797469865,higher_in_positives,0.4506534474988762,0.6061902887139115,-0.15553684121503525,0.7391304347825993,0.6649717514124298,0.07415868337016951,1.345454545454544,1.2236842105263155,0.12177033492822842,2.53160755503711,1.9733042767638223,0.558303278273288,5.367231638418069,3.914285714285725,1.4529459241323441,13.408521303258144,10.051697394789748,3.356823908468396,20.59999999999973,21.82561861743811,-1.2256186174383785,>=,51.8799999999994,1,9,-179
feature_recent_bars_up_trend_pct,441,38,0.6355253212396069,0.6526315789473683,-0.01710625770776142,0.6,0.7,-0.09999999999999998,0.8571428571428572,-0.12827713366795018,0.12827713366795018,0.078828022437045,0.9682910446753313,0.5439789951068147,higher_in_false_positives,0.4,0.485,-0.08499999999999996,0.5,0.5,0.0,0.5,0.6,-0.09999999999999998,0.6,0.7,-0.09999999999999998,0.7,0.7,0.0,0.8,0.8,0.0,0.8,0.8,0.0,>=,0.8880000000000052,0,20,-400
feature_entry_close_to_previous_bar_close,441,38,1.1485115575080698,1.1179409768549406,0.03057058065312912,1.1157857142857144,1.1029881858973782,0.012797528388336143,1.011602597880887,0.2559116373533656,0.2559116373533656,0.15777539085809764,0.3121283697493689,0.5437403031387994,higher_in_positives,1.030066815144766,1.044699714074977,-0.014632898930210914,1.0445920953489964,1.052439428408237,-0.007847333059240569,1.068630523346913,1.0703811369509044,-0.0017506136039913134,1.1157857142857144,1.1029881858973782,0.012797528388336143,1.1927286217770356,1.1473928635467097,0.045335758230325984,1.2891432969358796,1.1996707357718666,0.08947256116401303,1.3768812039705411,1.235416586587824,0.1414646173827172,<=,1.020737199097012,0,10,-200
feature_current_day_high_to_recent_days_highs,441,38,2.0622386357101767,1.8482345504129618,0.21400408529721493,1.7726267836805785,1.753646046628858,0.018980737051720542,1.0108235850034895,0.1945310816817916,0.1945310816817916,0.12238930659983291,0.6235190648224975,0.5420097863706885,higher_in_positives,1.0669848834090654,1.0537290148135627,0.013255868595502651,1.237911025145068,1.1394194612550175,0.09849156389005054,1.4470542863439362,1.421614033380132,0.025440252963804255,1.7726267836805785,1.753646046628858,0.018980737051720542,2.2472370036839946,2.1327210623146335,0.11451594136936105,3.321374527112232,2.543032391461936,0.7783421356502962,4.182805092148897,3.1608377788592263,1.0219673132896703,<=,0.9169236146054767,0,10,-200
feature_crossed_at_least_one_bar_from_recent_bars,441,38,0.6031746031746031,0.6842105263157895,-0.08103592314118635,1.0,1.0,0.0,1.0,-0.1659320859579125,0.1659320859579125,0.0810359231411863,0.959957858190011,0.5405179615705932,higher_in_false_positives,0.0,0.0,0.0,0.0,0.0,0.0,0.0,0.0,0.0,1.0,1.0,0.0,1.0,1.0,0.0,1.0,1.0,0.0,1.0,1.0,0.0,<=,0.0,12,175,-3488
feature_near_high_weak_followthrough,441,38,0.8538293966788582,0.872494591212846,-0.01866519453398785,0.8736117397260275,0.8846343019101779,-0.01102256218415043,0.9875399787682327,-0.21858104977571122,0.21858104977571122,0.1473326172574293,0.3920240841032885,0.5395631936985321,higher_in_false_positives,0.6867291265367043,0.7783757179792631,-0.09164659144255882,0.7363763826141142,0.8009807424983121,-0.06460435988419788,0.8065984512390089,0.8308877431285937,-0.02428929188958484,0.8736117397260275,0.8846343019101779,-0.01102256218415043,0.9203673005222096,0.9159606282312319,0.004406672290977687,0.9472453910864506,0.9371263951146912,0.01011899597175936,0.958672642085551,0.9414487413420427,0.017223900743508325,<=,0.6415308378315819,0,10,-200
feature_entry_followthrough_after_near_reclaim,441,38,1.1860676837424011,1.1509489650474816,0.03511871869491956,1.1446732621903744,1.1305578245583425,0.014115437632031824,1.0124853743217832,0.24155984252598736,0.24155984252598736,0.1473326172574293,0.3920240841032885,0.539563193698532,higher_in_positives,1.043108936356568,1.062195192541701,-0.019086256185133044,1.0556926530442572,1.0670920621136226,-0.01139940906936543,1.0865227387289915,1.0917585119152036,-0.005235773186212045,1.1446732621903744,1.1305578245583425,0.014115437632031824,1.2397742624770831,1.2035879353037844,0.03618632717329873,1.3580011847338582,1.2485384770506776,0.10946270768318067,1.4561782242194616,1.2847300306602876,0.17144819355917407,<=,1.0328158364641573,0,10,-200
feature_emas_distances_to_recent_bars_ema_distances,441,38,0.2819685733747497,0.294259750524363,-0.012291177149613308,0.164792831559916,0.17274676810163864,-0.007953936541722634,0.9539560905877973,-0.029090846860253004,0.029090846860253004,0.10395035207065283,0.8040069843757928,0.5391156462585034,higher_in_false_positives,0.0936039156689365,0.1036489612927035,-0.010045045623766999,0.1022270519764394,0.11134462205662218,-0.009117570080182782,0.1246723311537839,0.1343876160495167,-0.009715284895732812,0.164792831559916,0.17274676810163864,-0.007953936541722634,0.2455225379943954,0.26900114520235324,-0.02347860720795783,0.4795290379092064,0.6679998340999117,-0.18847079619070528,1.0,0.8394731739593838,0.1605268260406162,<=,0.08479575692227606,1,9,-179
feature_entry_breakout_efficiency_from_ema_9,441,38,0.4881512792417533,0.46586199477138485,0.02228928447036843,0.4827335142725313,0.4405962214608272,0.042137292811704086,1.0956369817970635,0.12040064232074711,0.12040064232074711,0.12644707005609263,0.583325668783468,0.5385487528344671,higher_in_positives,0.1783988590074834,0.2576593996480042,-0.07926054064052082,0.2528344320163072,0.30201965244493145,-0.04918522042862428,0.3550613881427644,0.3542249177367391,0.0008364704060253025,0.4827335142725313,0.4405962214608272,0.042137292811704086,0.6135343171095242,0.563634816640505,0.04989950046901925,0.7576125031341508,0.6436634199827124,0.11394908315143848,0.7993683779586122,0.7719677479486179,0.027400630009994265,<=,0.14023704231538056,0,10,-200
feature_entry_close_position_vs_previous_close_position,441,38,14.731067096730216,1.5400136249941354,13.191053471736081,1.2799999999999894,1.20530828136966,0.0746917186303293,1.0619689748961592,0.08963042174879655,0.08963042174879655,0.11922663802363051,0.6551476521042684,0.5381608783864423,higher_in_positives,0.8244444444444252,0.7762019030971536,0.04824254134727157,0.8762499999999999,0.9109155477558306,-0.03466554775583075,1.0,1.0,0.0,1.2799999999999894,1.20530828136966,0.0746917186303293,2.1136211138447787,1.7046974133883546,0.4089237004564241,4.500000000000022,2.506360431845674,1.9936395681543484,7.250000000000179,3.196085045226744,4.053914954773435,<=,0.737436634118572,2,8,-158
feature_entry_extension_pressure,441,38,0.24985946853739846,0.25316855645653624,-0.003309087919137782,0.2256900702372903,0.23729039688282294,-0.01160032664553265,0.9511133750125546,-0.021028165177184265,0.021028165177184265,0.17317102279508295,0.21625317859685605,0.5380116959064327,higher_in_false_positives,0.0628632839765822,0.11087900441149443,-0.04801572043491223,0.0900223102586152,0.11743288411047197,-0.02741057385185676,0.1439464365583979,0.17898622073382203,-0.03503978417542414,0.2256900702372903,0.23729039688282294,-0.01160032664553265,0.3138540874342215,0.31238934184534883,0.0014647455888726624,0.4109977023232803,0.4031664690760329,0.007831233247247438,0.4887087635378032,0.4368045622869294,0.051904201250873805,<=,0.045162720921985644,0,10,-200
feature_entry_bar_macd_to_previous,441,38,1.0864601647261976,0.9688971731408897,0.11756299158530781,1.0629802130251398,1.008928348946764,0.05405186407837581,1.0535735408116953,0.14792111515087178,0.14792111515087178,0.10329394915861081,0.8095084011242448,0.5377133309464137,higher_in_positives,0.3879214975909907,0.3988476978153277,-0.01092620022433699,0.4429331754766286,0.4450720133890468,-0.002138837912418201,0.7073794261146545,0.6367685822203318,0.0706108438943227,1.0629802130251398,1.008928348946764,0.05405186407837581,1.2723081187394032,1.2061724669729896,0.06613565176641356,1.5619307002987133,1.4591103818165183,0.10282031848219497,1.751298809216105,1.5308770325264058,0.2204217766896992,<=,0.2571744536199174,1,9,-179
feature_entry_upper_wick_to_recent_upper_wick_average,441,38,0.6930053382674306,0.7054794758246496,-0.012474137557219045,0.4335967550178314,0.4977758205879579,-0.06417906557012648,0.8710683345480299,-0.006750217047714668,0.006750217047714668,0.14279746986513903,0.43029258861113046,0.5358037952022914,higher_in_false_positives,0.0,0.0,0.0,0.0,0.0015444090279292506,-0.0015444090279292506,0.1227214264368585,0.24662406574278434,-0.12390263930592584,0.4335967550178314,0.4977758205879579,-0.06417906557012648,0.9266227929641792,0.8833500262553075,0.0432727667088717,1.3389558167418556,1.099658697599778,0.23929711914207763,1.8929742814299384,1.24225560257848,0.6507186788514585,>=,2.6637463630362115,1,9,-179
feature_entry_bar_ema_9_to_vwap,441,38,1.122185523024098,1.0977120051967872,0.024473517827310776,1.090584379882915,1.0899473550749215,0.000637024807993436,1.0005844546573992,0.21292613530807702,0.21292613530807702,0.17722878625134264,0.19520703472741055,0.5348490273302303,higher_in_positives,1.0221529159630651,1.0260330745834674,-0.003880158620402252,1.0322461422733418,1.036222655112435,-0.0039765128390931714,1.0541168588891394,1.0589319329406677,-0.004815074051528256,1.090584379882915,1.0899473550749215,0.000637024807993436,1.1548683950760072,1.1121925205027832,0.04267587457322408,1.2363830369920026,1.1740661186524433,0.062316918339559324,1.334369861547141,1.2316982411830408,0.10267162036410027,<=,1.011276995962279,0,10,-200
feature_profit_since_open_to_bars_count_since_open,441,38,0.007311951423630913,0.0056394113753802586,0.0016725400482506545,0.0044191919191919,0.004290411116525851,0.0001287808026660493,1.0300159586502118,0.19676977846496777,0.19676977846496777,0.15001790189760114,0.3705050311439845,0.5338345864661653,higher_in_positives,0.0009890663213926,0.0012447745577536,-0.0002557082363609999,0.001259763164525,0.00136009191888761,-0.00010032875436260993,0.0022677719736543,0.002602951507997925,-0.000335179534343625,0.0044191919191919,0.004290411116525851,0.0001287808026660493,0.0088738269030239,0.006433332921322249,0.0024404939817016507,0.0166063738156761,0.010577034454718921,0.006029339360957179,0.0225805662868599,0.013842469075242732,0.008738097211617168,<=,0.000791567489114652,1,9,-179
feature_minutes_since_market_open,441,38,139.6077097505669,147.97368421052633,-8.365974459959432,109.0,150.0,-41.0,0.7266666666666667,-0.08384200370045339,0.08384200370045339,0.12000238691968015,0.6477881992930432,0.5336854039861558,higher_in_false_positives,21.0,20.95,0.05000000000000071,30.0,35.800000000000004,-5.800000000000004,54.0,69.75,-15.75,109.0,150.0,-41.0,211.0,202.75,8.25,297.0,258.1,38.89999999999998,330.0,315.3499999999999,14.650000000000091,>=,345.0,2,9,-178
feature_fake_reclaim_pressure,441,38,0.22500813882162018,0.2038364584921601,0.021171680329460096,0.1262286032399417,0.16835625529888726,-0.04212765205894556,0.7497707941759857,0.06388161222949332,0.06388161222949332,0.13181763933643634,0.5311872627036444,0.5334168755221387,higher_in_false_positives,0.0,0.0,0.0,0.0,0.0,0.0,0.0,0.0,0.0,0.1262286032399417,0.16835625529888726,-0.04212765205894556,0.3052265336606678,0.3388983600828038,-0.03367182642213595,0.5748217643165194,0.48408868241852215,0.09073308189799728,0.93095429784796,0.6316622511301246,0.2992920467178354,>=,1.2412861515233662,0,10,-200
feature_failed_pressure_to_followthrough,441,38,0.2250081388216202,0.20383645849216012,0.021171680329460096,0.1262286032399417,0.16835625529888726,-0.04212765205894556,0.7497707941759857,0.0638816122294933,0.0638816122294933,0.13181763933643634,0.5311872627036444,0.5334168755221387,higher_in_false_positives,0.0,0.0,0.0,0.0,0.0,0.0,0.0,0.0,0.0,0.1262286032399417,0.16835625529888726,-0.04212765205894556,0.3052265336606678,0.3388983600828038,-0.03367182642213595,0.5748217643165194,0.4840886824185222,0.09073308189799723,0.93095429784796,0.6316622511301248,0.29929204671783527,>=,1.2412861515233662,0,10,-200
feature_entry_bar_volume_to_recent_bars_average,441,38,4.7476384636050275,4.181510635485455,0.5661278281195727,2.963284305159708,3.208198311920188,-0.2449140067604798,0.9236599539839878,0.09826690725702923,0.09826690725702923,0.10090702947845805,0.8306703373702609,0.5325814536340852,higher_in_false_positives,1.2553262678041857,1.5325077281877832,-0.2771814603835976,1.433040992020879,1.6603075779854004,-0.22726658596452132,2.0651466740139406,2.19331402710101,-0.12816735308706928,2.963284305159708,3.208198311920188,-0.2449140067604798,4.685145041953046,5.431234206021476,-0.7460891640684304,8.635611630424783,6.898278666036329,1.7373329643884547,14.4117902507871,8.030891799315414,6.380898451471685,<=,1.0130147439793877,0,10,-200
feature_gains_until_entry_bar,441,38,0.8941386530761768,0.6445630390926218,0.249575613983555,0.5734806629834253,0.5400869963369963,0.033393666646428954,1.0618301623125777,0.2529384392218029,0.2529384392218029,0.2149421171977563,0.06670655193061353,0.5313879937940088,higher_in_positives,0.1697157331832254,0.2420656604442343,-0.07234992726100892,0.2164781906300484,0.2841619318181817,-0.06768374118813333,0.3428184281842819,0.39952306643516783,-0.05670463825088595,0.5734806629834253,0.5400869963369963,0.033393666646428954,1.0902180685358256,0.7127325766675655,0.3774854918682601,1.765613861668457,1.044734919217342,0.7208789424511148,2.615107913669066,1.0965922162576682,1.5185156974113976,<=,0.1107374786324785,0,10,-200
feature_failed_attempts_pressure,441,38,0.2541789503633918,0.22807546950780802,0.026103480855583755,0.1430865476486121,0.18584516845906068,-0.042758620810448594,0.769923419774737,0.07267675194106393,0.07267675194106393,0.1386203604248717,0.4676921378217373,0.5291800930898675,higher_in_false_positives,0.0,0.0,0.0,0.0,0.0,0.0,0.0,0.0,0.0,0.1430865476486121,0.18584516845906068,-0.042758620810448594,0.3596704956052984,0.36954814199018904,-0.009877646384890637,0.644147801759684,0.5518686062752863,0.09227919548439767,0.9819280818182416,0.6602098565369353,0.32171822528130634,>=,1.2989348301401373,0,10,-200
feature_entry_rejection_pressure,441,38,0.2067625595646512,0.189466558399666,0.017296001164985197,0.1307189542483654,0.14285714285714102,-0.012138188608775607,0.9150326797385696,0.07520474713752962,0.07520474713752962,0.16093805943430003,0.29037292728754716,0.5275092493137606,higher_in_false_positives,0.0,0.0,0.0,0.0,0.0004117647058831601,-0.0004117647058831601,0.0256410256410273,0.0773552290406235,-0.051714203399596204,0.1307189542483654,0.14285714285714102,-0.012138188608775607,0.3108224783212578,0.3238542404913768,-0.013031762170118977,0.4736842105263146,0.40302812170074065,0.07065608882557395,0.6280193236714949,0.45786490136772706,0.17015442230376787,>=,0.848975512243877,0,10,-200
feature_current_day_low_to_ema_9,441,38,1.0009663187479256,1.027791888779109,-0.026825570031183466,1.0051129567733206,1.0030469212321858,0.0020660355411348252,1.002059759615828,-0.12265195064478775,0.12265195064478775,0.19047619047619047,0.13701573239035117,0.5275092493137605,higher_in_false_positives,0.6294941478373133,0.8587693306810485,-0.22927518284373527,0.7350183782612252,0.8808187756346497,-0.14580039737342454,0.8949584575869747,0.9276812985354717,-0.03272284094849698,1.0051129567733206,1.0030469212321858,0.0020660355411348252,1.1325217573900843,1.1456513560633668,-0.01312959867328245,1.248217778172768,1.1718174168060098,0.0764003613667581,1.3657922778008904,1.2218789148721632,0.14391336292872725,<=,0.49670460360877244,0,10,-200
feature_positive_vs_negative_volume_during_pullback,441,38,0.9976181752191681,0.9592559228576174,0.038362252361550664,0.9137447242078608,0.8760677994103316,0.037676924797529154,1.0430068595408815,0.037426384105973154,0.037426384105973154,0.13319011815252416,0.5181096584242614,0.5274495763217568,higher_in_positives,0.0,0.0,0.0,0.2049445417846971,0.0,0.2049445417846971,0.6520169528145446,0.6576874898768641,-0.005670537062319458,0.9137447242078608,0.8760677994103316,0.037676924797529154,1.1328022417172543,1.046748441659299,0.08605380005795538,1.647983901192995,1.8664907142928617,-0.21850681309986664,1.9650585026988032,2.4081904149122297,-0.4431319122134265,>=,2.7706910028594214,1,9,-179
feature_breakout_attempts_during_pullback,441,38,0.9750566893424036,0.9736842105263158,0.0013724788160878187,1.0,1.0,0.0,1.0,0.0011583102898870218,0.0011583102898870218,0.08419859171738871,0.9457466658033371,0.5274197398257547,higher_in_false_positives,0.0,0.0,0.0,0.0,0.0,0.0,0.0,0.0,0.0,1.0,1.0,0.0,1.0,1.0,0.0,2.0,2.3000000000000043,-0.30000000000000426,3.0,3.0,0.0,>=,3.8800000000000523,0,20,-400
feature_entry_body_to_previous_bar_body,441,38,24.250425921947492,56.083386675101615,-31.832960753154122,4.422000000000013,4.030700628243645,0.391299371756368,1.0970797406819257,-0.2132992054090174,0.2132992054090174,0.16547320682659028,0.26100187232730926,0.5270617018737319,higher_in_positives,1.0,1.0,0.0,1.0,1.4668911074994229,-0.46689110749942286,2.076923076923082,2.413637304269842,-0.3367142273467598,4.422000000000013,4.030700628243645,0.391299371756368,10.10101010100996,6.562030075187976,3.538980025821984,23.736842105264454,14.97600000000012,8.760842105264334,47.090000000001034,23.190099009901108,23.899900990099926,>=,187.12689604142184,1,9,-179
feature_gains_since_lowest_low,441,38,0.22617795418171693,0.14858114128543598,0.07759681289628095,0.1443298969072166,0.13477921028595516,0.009550686621261434,1.0708617197043828,0.1140445932046109,0.1140445932046109,0.14512471655328799,0.41024180018851203,0.5269423558897243,higher_in_positives,0.0308400974457717,0.04618802321026785,-0.015347925764496152,0.0467289719626168,0.05974950817904976,-0.013020536216432961,0.0757684210526315,0.08611619267013335,-0.010347771617501847,0.1443298969072166,0.13477921028595516,0.009550686621261434,0.2390624999999999,0.2096169269236213,0.0294455730763786,0.4209523809523809,0.2482077417789105,0.1727446391734704,0.5051194539249146,0.2859651162790696,0.21915433764584502,>=,0.7014458874458873,0,10,-200
feature_entry_bar_upper_wick,441,38,0.13257703133964105,0.13352826272618154,-0.0009512313865404909,0.1056537324696555,0.11620057859209246,-0.010546846122436962,0.9092358553612685,-0.0081100590528383,0.0081100590528383,0.17227592791502566,0.2211029664180587,0.5267633369137128,higher_in_false_positives,0.0,0.0,0.0,0.0,0.00038888888888969015,-0.00038888888888969015,0.021739130434784,0.060935272312517,-0.039196141877733,0.1056537324696555,0.11620057859209246,-0.010546846122436962,0.2176777381279175,0.20844821130739535,0.009229526820522138,0.2926829268292684,0.2540479876160997,0.038634939213168684,0.3406243130358316,0.2861627906976743,0.05446152233815732,>=,0.3996561247909132,0,10,-200
feature_current_histogram_is_bigger_than_previous,441,38,0.3945578231292517,0.34210526315789475,0.05245255997135695,0.0,0.0,0.0,,0.10734080194349276,0.10734080194349276,0.05245255997135696,0.9998700885258431,0.5262262799856785,higher_in_positives,0.0,0.0,0.0,0.0,0.0,0.0,0.0,0.0,0.0,0.0,0.0,0.0,1.0,1.0,0.0,1.0,1.0,0.0,1.0,1.0,0.0,>=,1.0,13,174,-3467
feature_bars_above_volume_average_vs_under_since_highest_high,441,38,0.8574393931901536,0.918527339813114,-0.061087946622960354,0.5714285714285714,0.5831422018348624,-0.011713630406291031,0.9799129091164488,-0.055083818037713436,0.055083818037713436,0.09201575366988901,0.8995811161015902,0.5251820026256117,higher_in_false_positives,0.0,0.23392857142857143,-0.23392857142857143,0.1538461538461538,0.30340425531914894,-0.14955810147299514,0.375,0.4213235294117647,-0.04632352941176471,0.5714285714285714,0.5831422018348624,-0.011713630406291031,1.0,1.0,0.0,1.3333333333333333,1.7666666666666682,-0.4333333333333349,3.0,3.0,0.0,>=,4.439999999999998,1,9,-179
feature_entry_close_to_previous_bar_high,441,38,1.1326106867805659,1.1067253033030036,0.025885383477562307,1.099334209767569,1.0866914231530105,0.012642786614558421,1.0116342011588493,0.222496645809223,0.222496645809223,0.14005251223296336,0.4546026834769626,0.5247642916815849,higher_in_positives,1.0217941101587031,1.0362078748280605,-0.014413764669357398,1.029723991507431,1.0433908821149178,-0.013666890607486826,1.0563258737507433,1.0670534272350538,-0.010727553484310537,1.099334209767569,1.0866914231530105,0.012642786614558421,1.1772466584323935,1.1395587238312181,0.037687934601175366,1.2623853211009173,1.1927304015606852,0.06965491954023206,1.3641755634638195,1.2199172019887592,0.14425836147506033,<=,1.0139771085133082,0,10,-200
feature_distance_from_last_negative_macd_bar,441,38,7.2312925170068025,6.684210526315789,0.5470819906910132,4.0,5.5,-1.5,0.7272727272727273,0.06910589547044123,0.06910589547044123,0.12417949635994749,0.6058245450356131,0.5235708318415085,higher_in_false_positives,0.0,0.0,0.0,0.0,0.0,0.0,0.0,1.25,-1.25,4.0,5.5,-1.5,12.0,10.75,1.25,19.0,15.300000000000004,3.6999999999999957,24.0,16.299999999999997,7.700000000000003,>=,28.0,0,11,-220
feature_strong_vwap_volume_reentry,441,38,0.15192743764172337,0.10526315789473684,0.04666427974698653,0.0,0.0,0.0,,0.13113722028590016,0.13113722028590016,0.04666427974698652,0.9999901372402803,0.5233321398734933,higher_in_positives,0.0,0.0,0.0,0.0,0.0,0.0,0.0,0.0,0.0,0.0,0.0,0.0,0.0,0.0,0.0,1.0,0.30000000000000426,0.6999999999999957,1.0,1.0,0.0,>=,1.0,4,67,-1336
feature_entry_bar_body,441,38,0.7726484198387137,0.770472110425709,0.002176309413004729,0.7894736842105284,0.768322824716269,0.021150859494259433,1.0275286101282624,0.014803738649591877,0.014803738649591877,0.14005251223296336,0.4546026834769626,0.5232127938894857,higher_in_positives,0.5027932960893856,0.570532975295381,-0.06773967920599544,0.5797368421052632,0.5869999999999984,-0.007263157894735195,0.6730769230769247,0.696627990229111,-0.023551067152186356,0.7894736842105284,0.768322824716269,0.021150859494259433,0.8896289248334923,0.8553239948674072,0.03430492996608514,0.9483667017913592,0.906862745098039,0.04150395669332019,0.9925000000000008,0.9495862884160746,0.042913711583926206,<=,0.4386030042763936,0,10,-200
feature_reclaim_speed_from_lowest_low,441,38,0.584051382765479,0.3979835594403222,0.18606782332515676,0.2111742424242425,0.14653361344537805,0.06464062897886444,1.441131747583362,0.18213806532258228,0.18213806532258228,0.12411982336794367,0.6066079315892905,0.5232127938894856,higher_in_positives,0.0058302808302808,0.010579857927194377,-0.004749577096913577,0.0110498143831477,0.0183201543283654,-0.0072703399452177,0.0419621749408983,0.057586238648275945,-0.015624063707377643,0.2111742424242425,0.14653361344537805,0.06464062897886444,0.633474105356747,0.4604595588235293,0.17301454653321768,1.5117469178878824,1.2950310559006208,0.21671586198726156,2.25,1.584260413821852,0.6657395861781481,>=,3.258666666666668,0,10,-200
feature_inefficient_breakout_extension,441,38,0.045351473922902494,0.0,0.045351473922902494,0.0,0.0,0.0,,0.22668033442969923,0.22668033442969923,0.045351473922902494,0.9999953045263731,0.5226757369614512,higher_in_positives,0.0,0.0,0.0,0.0,0.0,0.0,0.0,0.0,0.0,0.0,0.0,0.0,0.0,0.0,0.0,0.0,0.0,0.0,0.0,0.0,0.0,>=,0.8800000000000523,0,20,-400
feature_histogram_changed_to_positive_direction_vs_negative_pct,441,38,1.1248247055589295,1.1666666666666667,-0.04184196110773719,1.0,1.0,0.0,1.0,-0.14156343624938525,0.14156343624938525,0.07315908819668218,0.9843726221419437,0.5222580260174245,higher_in_false_positives,1.0,1.0,0.0,1.0,1.0,0.0,1.0,1.0,0.0,1.0,1.0,0.0,1.0588235294117647,1.1500000000000001,-0.09117647058823541,1.5,1.6500000000000021,-0.15000000000000213,2.0,2.0,0.0,>=,1.8799999999999955,4,35,-696
feature_entry_close_to_lowest_low_recovery,441,38,1.4549568924715037,1.3201960635822239,0.13476082888927987,1.266948210713494,1.2338125778086382,0.03313563290485577,1.0268562936549954,0.17155756548106532,0.17155756548106532,0.07799260054899153,0.9711167499770625,0.5211540756653539,higher_in_positives,1.0151515151515154,1.0382478632478627,-0.023096348096347308,1.0454545454545463,1.0599019607843139,-0.014447415329767566,1.1180000000000003,1.110490279803773,0.00750972019622731,1.266948210713494,1.2338125778086382,0.03313563290485577,1.4740721242432215,1.4517314990512336,0.022340625191987984,1.9009009009009097,1.7740517241379332,0.12684917676297647,2.480904130943112,1.8500660676532796,0.6308380632898325,>=,3.258666666666668,0,10,-200
feature_pre_market_gains,441,38,0.21564594410357854,0.13911791007277247,0.07652803403080607,0.0759289176090468,0.06316229252915034,0.012766625079896454,1.202124156180754,0.18035329158264937,0.18035329158264937,0.13784461152882205,0.47433235716330574,0.5207960377133309,higher_in_positives,-0.0530164533820841,-0.018994172242607264,-0.034022281139476834,-0.0333333333333333,0.0,-0.0333333333333333,0.0090090090090089,0.00839358504114935,0.0006154239678595498,0.0759289176090468,0.06316229252915034,0.012766625079896454,0.2193877551020409,0.15655974049378255,0.06282801460825835,0.6376146788990824,0.2866741321388578,0.3509405467602246,0.949424460431655,0.36785357115225925,0.5815708892793957,<=,-0.08684418597052959,0,10,-200
feature_entry_bar_low_to_ema_9,441,38,1.00748246506656,1.0058593186020872,0.0016231464644727023,1.0038665250555463,1.0022652653313708,0.0016012597241754634,1.0015976406442122,0.08458751623988378,0.08458751623988378,0.08646616541353383,0.9339821418480176,0.5205275092493138,higher_in_positives,0.9860496323218738,0.9897687431276951,-0.003719110805821324,0.990993232254328,0.992274349725962,-0.0012811174716339524,0.9972093493205756,0.9974034028171629,-0.00019405349658729865,1.0038665250555463,1.0022652653313708,0.0016012597241754634,1.0125902439663466,1.011168919889191,0.0014213240771554503,1.0270052669462466,1.0273063677267023,-0.00030110078045564315,1.0455747480380588,1.0337019690312017,0.011872779006857126,<=,0.9767178867353045,0,10,-200
feature_clean_breakout_efficiency,441,38,0.3287981859410431,0.3684210526315789,-0.03962286669053583,0.0,0.0,0.0,,-0.08398690977871304,0.08398690977871304,0.039622866690535864,0.9999999125601325,0.5198114333452679,higher_in_false_positives,0.0,0.0,0.0,0.0,0.0,0.0,0.0,0.0,0.0,0.0,0.0,0.0,1.0,1.0,0.0,1.0,1.0,0.0,1.0,1.0,0.0,>=,1.0,14,145,-2886
feature_current_day_high_to_previous_high,441,38,1.7212073021538188,1.517290824889438,0.2039164772643809,1.4541176470588235,1.4305873324219969,0.023530314636826644,1.0164480099212045,0.21917442007088941,0.21917442007088941,0.19268409118033178,0.12892495458684,0.5195130683852488,higher_in_positives,1.024590163934426,1.123331969608416,-0.09874180567399016,1.0672947510094213,1.1864057371051038,-0.11911098609568249,1.210427135678392,1.257476168753909,-0.04704903307551711,1.4541176470588235,1.4305873324219969,0.023530314636826644,1.948469032573202,1.6354601361739511,0.3130088963992508,2.4641148325358855,1.8259389588092576,0.6381758737266279,3.190265486725664,2.0368069806817894,1.1534585060438745,<=,0.9352976927656212,0,10,-200
feature_previous_bar_already_crossed_highest_high,441,38,0.03854875283446712,0.0,0.03854875283446712,0.0,0.0,0.0,,0.20824828195876072,0.20824828195876072,0.03854875283446712,0.9999999671126429,0.5192743764172335,higher_in_positives,0.0,0.0,0.0,0.0,0.0,0.0,0.0,0.0,0.0,0.0,0.0,0.0,0.0,0.0,0.0,0.0,0.0,0.0,0.0,0.0,0.0,>=,1.0,0,17,-340
feature_entry_bar_histogram_to_highest_histogram,441,38,1.19165266364947,0.9759413212888653,0.21571134236060463,0.9758380018582736,1.0084616453083128,-0.03262364345003921,0.967650090014018,0.04684516696003796,0.04684516696003796,0.09249313760591957,0.8963451132805085,0.5180212435851534,higher_in_false_positives,-0.0107347161423294,0.12149756847156523,-0.13223228461389464,0.1161623785888495,0.2559545035325782,-0.13979212494372872,0.46031213183085,0.3751246952377699,0.08518743659308009,0.9758380018582736,1.0084616453083128,-0.03262364345003921,1.2715795255080928,1.3210211904174975,-0.049441664909404714,1.7667837981738208,1.72836046509902,0.038423333074800725,2.1432047751205294,2.23118425402964,-0.0879794789091104,<=,-0.39285484950055166,1,9,-179
feature_entry_bar_volume_to_highest_high_volume,441,38,3.4087761874684346,1.5137105904398707,1.895065597028564,1.2568618880280975,1.2412150786522331,0.01564680937586438,1.0126060419704652,0.0878706647730311,0.0878706647730311,0.1114094760711302,0.7332373298514783,0.5170664757130923,higher_in_positives,0.5135446216806957,0.5494953049396267,-0.03595068325893103,0.682533175174963,0.6833494820537369,-0.0008163068787738759,0.9129201476588304,0.9884063345144924,-0.075486186855662,1.2568618880280975,1.2412150786522331,0.01564680937586438,1.871244323342416,1.6350079097328103,0.2362364136096058,3.1268533673879286,3.054529291341461,0.07232407604646784,5.276109386548411,3.3765340394822068,1.8995753470662042,<=,0.37223785146388727,0,10,-200
feature_entry_bar_volume_to_total_volume,441,38,0.06376377005482033,0.05578866048623434,0.007975109568585985,0.0440068193425712,0.0407193625656867,0.0032874567768845023,1.0807344852606993,0.13774948151139252,0.13774948151139252,0.09613319011815252,0.8694575161266813,0.5157536698890082,higher_in_positives,0.0088469402019205,0.012971354402236611,-0.004124414200316111,0.0116921179523196,0.01510017989222313,-0.0034080619399035304,0.0223483553313596,0.019227489341419223,0.0031208659899403766,0.0440068193425712,0.0407193625656867,0.0032874567768845023,0.0843367024747372,0.07866621569715543,0.005670486777581765,0.1458574225498099,0.11834841018882071,0.027509012360989196,0.1941329244673166,0.13798799668702352,0.056144927780293064,<=,0.007185954944890441,0,10,-200
feature_volume_since_highest_high_to_volume_before,441,38,28.15514492491571,0.48264886945345786,27.672496055462254,0.1192200423148899,0.13677902030004216,-0.017558977985152255,0.8716252101628276,0.08649180405832578,0.08649180405832578,0.11152882205513784,0.7317790155405749,0.5153359589449815,higher_in_false_positives,0.0061152128015523,0.010517051406447016,-0.004401838604894716,0.0115457259193433,0.02554893158842645,-0.014003205669083151,0.0376837582423621,0.04805270313553975,-0.010368944893177648,0.1192200423148899,0.13677902030004216,-0.017558977985152255,0.4128867224169991,0.4464310270688991,-0.0335443046519,1.6865461108722648,0.7544224457233873,0.9321236651488775,6.676053342677744,0.8229005732055034,5.853152769472241,<=,0.002656729449155624,1,9,-179
feature_entry_bar_volume_to_previous_bar_volume,441,38,6.730221414979486,3.5509315823056333,3.1792898326738523,2.476185823848371,2.216803374215359,0.25938244963301216,1.117007422782736,0.106019602194293,0.106019602194293,0.08998687194175917,0.9132882040918737,0.51515693996897,higher_in_positives,0.9229993742612806,1.1778544912593762,-0.2548551169980956,1.1526579807517705,1.2975804650430274,-0.14492248429125687,1.5490757034584894,1.5103493116989541,0.038726391759535295,2.476185823848371,2.216803374215359,0.25938244963301216,4.003559801281979,4.111776334875555,-0.10821653359357608,7.264930362116992,6.907026003004425,0.3579043591125668,12.008120078740156,8.370452502041731,3.6376675766984246,<=,0.7859751609517712,0,10,-200
entry_bar_volume,441,38,460402.7703161851,389650.5482681579,70752.22204802721,189253.0,218261.5,-29008.5,0.8670929137754483,0.11051616749382631,0.11051616749382631,0.12662608903210407,0.5819481367178428,0.5133965867048574,higher_in_positives,30824.251915,25258.25,5566.001915000001,42796.0,28544.55,14251.45,73219.0,61133.75,12085.25,189253.0,218261.5,-29008.5,534245.0,602691.25,-68446.25,1324404.0,1033971.2000000005,290432.79999999946,1991455.0,1309475.0,681980.0,<=,20908.2208,1,9,-179
feature_entry_bar_volume,441,38,460402.7703161851,389650.5482681579,70752.22204802721,189253.0,218261.5,-29008.5,0.8670929137754483,0.11051616749382631,0.11051616749382631,0.12662608903210407,0.5819481367178428,0.5133965867048574,higher_in_positives,30824.251915,25258.25,5566.001915000001,42796.0,28544.55,14251.45,73219.0,61133.75,12085.25,189253.0,218261.5,-29008.5,534245.0,602691.25,-68446.25,1324404.0,1033971.2000000005,290432.79999999946,1991455.0,1309475.0,681980.0,<=,20908.2208,1,9,-179
feature_macd_recovery_age_quality,441,38,8.634072994860194,7.278814767594062,1.3552582272661322,4.025712518893787,5.6122491762303035,-1.5865366573365165,0.7173082292824748,0.1302796163297247,0.1302796163297247,0.14005251223296336,0.4546026834769626,0.5130683852488364,higher_in_false_positives,0.0,0.0,0.0,0.0,0.0,0.0,0.0,0.8682139132121285,-0.8682139132121285,4.025712518893787,5.6122491762303035,-1.5865366573365165,15.10485281020876,10.804784693145674,4.300068117063086,24.06867467495516,17.127035917486587,6.941638757468574,32.20232393692383,20.912545564427525,11.289778372496308,>=,34.759479198369036,1,9,-179
feature_entry_bar_histogram_to_lowest_histogram,441,38,1.4961385241652954,1.4077146391465198,0.08842388501877552,1.0,1.0,0.0,1.0,0.0293623631878947,0.0293623631878947,0.07906671440506027,0.9675762997280635,0.5124119823367943,higher_in_false_positives,1.0,1.0,0.0,1.0,1.0,0.0,1.0,1.0,0.0,1.0,1.0,0.0,1.206123649610322,1.2272060617201457,-0.021082412109823645,1.7068689196005573,1.8992883426887845,-0.19241942308822724,2.4350365667914353,2.8620221114785283,-0.42698554468709293,>=,6.036882532429725,1,9,-179
feature_entry_bar_vwap_to_ema_20,441,38,0.9307223436369774,0.9392014725519161,-0.008479128914938738,0.944150875804776,0.935934758433415,0.008216117371360965,1.008778515059226,-0.10468683665400594,0.10468683665400594,0.13008712256832558,0.547572549579548,0.5113975414727294,higher_in_false_positives,0.7726562204492171,0.8374035620390855,-0.06474734158986839,0.8366887193138852,0.8787474450749554,-0.04205872576107017,0.8947472119050895,0.9163053305712525,-0.021558118666162973,0.944150875804776,0.935934758433415,0.008216117371360965,0.977794551367926,0.9752009281323919,0.002593623235534137,1.0020378382412718,0.9995817615949509,0.0024560766463208594,1.0312673730284454,1.0075000956901892,0.023767277338256232,<=,0.7160138319794556,0,10,-200
feature_entry_bar_volume_to_highest_volume_in_pullback,441,38,1.8119040001643714,1.639023649870116,0.1728803502942553,1.3962536124590088,1.4048638211984912,-0.008610208739482372,0.9938711435161474,0.08421049721352271,0.08421049721352271,0.10054899152643514,0.8335944299149897,0.5101444086406492,higher_in_false_positives,0.6123726483172071,0.7406143785916458,-0.12824173027443875,0.7574782741720062,0.8613828130922082,-0.10390453892020202,1.000582848779233,1.1178007296220174,-0.1172178808427844,1.3962536124590088,1.4048638211984912,-0.008610208739482372,1.920907212531834,1.7968972551538565,0.1240099573779776,2.9257510729613734,2.6405979431416777,0.28515312981969565,3.8410210644713287,2.8799649643211285,0.9610561001502003,>=,6.653813263530132,1,9,-179
feature_volume_without_macd_confirmation,441,38,12.451289495361054,8.225433190571819,4.225856304789236,1.7183748071064693,1.4197530336393984,0.29862177346707086,1.210333604783068,0.1097984952085517,0.1097984952085517,0.11224489795918367,0.7251564937155572,0.5091896407685881,higher_in_positives,0.4948250345657344,0.6818383242449,-0.18701328967916558,0.678054021441137,0.7523717610985081,-0.0743177396573711,0.9331824277042912,1.105908605402172,-0.1727261776978809,1.7183748071064693,1.4197530336393984,0.29862177346707086,3.7529239126862497,3.55190296292579,0.2010209497604598,13.817204798583866,6.0207637316749425,7.7964410669089235,105.74051493164303,18.696907306222254,87.04360762542078,<=,0.362421509123984,0,10,-200
feature_macd_recovery_followthrough_quality,441,38,10.592432457343834,8.626931774346444,1.9655006829973907,4.825535033995616,6.212035789638323,-1.3865007556427074,0.7768041262808899,0.15172932257486196,0.15172932257486196,0.14279746986513903,0.43029258861113046,0.5090106217925767,higher_in_false_positives,0.0,0.0,0.0,0.0,0.0,0.0,0.0,0.9498692618209301,-0.9498692618209301,4.825535033995616,6.212035789638323,-1.3865007556427074,18.73881769760095,13.815477981699196,4.923339715901754,30.95080932704284,20.643792138900636,10.307017188142204,38.06929055477588,23.939487507417912,14.12980304735797,>=,46.48588501045292,0,10,-200
feature_entry_bar_lower_wick,441,38,0.09477454882164506,0.09599962684810945,-0.0012250780264643907,0.0609999999999998,0.072562837679117,-0.011562837679117206,0.8406506960181231,-0.011786188521444429,0.011786188521444429,0.07053347654851415,0.9893292805913615,0.5090106217925767,higher_in_false_positives,0.0,0.0,0.0,0.0,0.0,0.0,0.0144404332129969,0.020319148936172576,-0.005878715723175675,0.0609999999999998,0.072562837679117,-0.011562837679117206,0.1423809523809504,0.1590759698275839,-0.016695017446633514,0.2333333333333333,0.24130490566037696,-0.007971572327043652,0.2916666666666676,0.26257142857142846,0.029095238095239118,>=,0.37500000000000067,0,10,-200
feature_pullback_health,441,38,6.692347228068406,2.9861319600061957,3.70621526806221,1.7834562703782584,1.907630216695274,-0.12417394631701573,0.9349066998256448,0.11064002898209246,0.11064002898209246,0.1313999283924096,0.5350332513489116,0.5087719298245614,higher_in_false_positives,0.0,0.0,0.0,0.2681683483749088,0.0,0.2681683483749088,0.8852282882923226,1.1773638744450394,-0.29213558615271684,1.7834562703782584,1.907630216695274,-0.12417394631701573,3.917015777650823,3.7539495783006664,0.16306619935015654,7.100832019417547,7.833308985554777,-0.7324769661372299,16.11126600025623,8.804239621702978,7.307026378553251,>=,38.240807286453986,0,10,-200
feature_entry_bar_open_to_ema_9,441,38,1.0146622963246872,1.0116235843276542,0.0030387119970329834,1.009287968469915,1.0091828165431114,0.00010515192680360386,1.0001041951221126,0.13337477977145037,0.13337477977145037,0.11648168039145483,0.6827770705306359,0.50859291084855,higher_in_positives,0.9911157983294048,0.9926710847334632,-0.0015552864040584424,0.995013953226726,0.9981924257345425,-0.0031784725078164433,1.001001191238246,1.0027494304187008,-0.001748239180454858,1.009287968469915,1.0091828165431114,0.00010515192680360386,1.0227475107441817,1.0183122603057482,0.004435250438433513,1.0398251275504498,1.0304882912922249,0.009336836258224901,1.060253758966111,1.0375992772567713,0.022654481709339702,<=,0.983567434804577,0,10,-200
feature_pullback_depth_vs_pre_high_move,441,38,1.6532653149153742,1.5803947092069823,0.07287060570839188,1.2671934408412084,1.240333630666751,0.026859810174457488,1.0216553107247595,0.04908608461540125,0.04908608461540125,0.0829454588853085,0.9515884495656368,0.5081155269125194,higher_in_false_positives,0.5170877208747501,0.6442335072602606,-0.12714578638551055,0.6138434791842818,0.7527349467911086,-0.1388914676068268,0.8624428549435136,0.870177898230452,-0.0077350432869384145,1.2671934408412084,1.240333630666751,0.026859810174457488,1.908258802565218,1.793689907287806,0.11456889527741199,2.82969738880185,2.71093197412055,0.1187654146813002,4.127795533842607,3.540765033273031,0.5870305005695764,>=,5.906802414621524,1,9,-179
feature_previous_bar_close_to_highest_high,441,38,0.9704390708809194,0.9721724637215922,-0.001733392840672754,0.9764341033847992,0.975401804328873,0.0010322990559261669,1.0010583321164106,-0.06798366275027613,0.06798366275027613,0.08968850698174007,0.9149459947822869,0.507280105024466,higher_in_false_positives,0.9178793006204174,0.9326354952237306,-0.014756194603313122,0.939763629431948,0.9398568673666167,-9.323793466864405e-05,0.9588372093023256,0.9651045066045065,-0.006267297302180896,0.9764341033847992,0.975401804328873,0.0010322990559261669,0.9881516587677726,0.9878400296085303,0.00031162915924221046,0.996816887250796,0.9939077769677083,0.0029091102830877125,0.9998473282442748,0.9972435085760585,0.002603819668216323,<=,0.8982283817149552,0,10,-200
feature_reclaim_close_strength_since_highest_high,441,38,0.40137456502170427,0.3936295397833621,0.00774502523834214,0.3846153846153841,0.42136363636363605,-0.03674825174825197,0.9127873205543102,0.03469977284513132,0.03469977284513132,0.1267454350161117,0.5807673839214929,0.5064745196324144,higher_in_positives,0.0731707317073177,0.0632435740514069,0.00992715765591079,0.1267605633802786,0.0985714285714285,0.028189134808850103,0.2235294117647054,0.17430152585155553,0.04922788591314986,0.3846153846153841,0.42136363636363605,-0.03674825174825197,0.5487499999999996,0.5936330464071876,-0.04488304640718799,0.7195399471062165,0.6538750000000019,0.06566494710621462,0.8000000000000007,0.7151025641025643,0.08489743589743637,<=,0.04904127281537736,1,9,-179
feature_entry_bar_histogram_to_previous,441,38,1.311935360013439,0.9870790907281162,0.32485626928532274,0.9475494500485088,0.9690162906211877,-0.02146684057267889,0.9778467701931847,0.126730718403533,0.126730718403533,0.09923618570235111,0.8446786052944121,0.5062358276643991,higher_in_positives,-0.0561134806212547,0.10826991231269167,-0.16438339293394638,0.1204523987352398,0.25970191464438475,-0.13924951590914494,0.4526084291206727,0.41509300078630773,0.03751542833436494,0.9475494500485088,0.9690162906211877,-0.02146684057267889,1.3151687495601945,1.1632590344389115,0.15190971512128293,2.1998888969775767,2.103724126455621,0.09616477052195593,3.557510742029842,2.4167032103783925,1.1408075316514497,<=,-0.3774602891190465,0,10,-200
feature_entry_bar_histogram_to_highest_high,441,38,1.311935360013439,0.9870790907281162,0.32485626928532274,0.9475494500485088,0.9690162906211877,-0.02146684057267889,0.9778467701931847,0.126730718403533,0.126730718403533,0.09923618570235111,0.8446786052944121,0.5062358276643991,higher_in_positives,-0.0561134806212547,0.10826991231269167,-0.16438339293394638,0.1204523987352398,0.25970191464438475,-0.13924951590914494,0.4526084291206727,0.41509300078630773,0.03751542833436494,0.9475494500485088,0.9690162906211877,-0.02146684057267889,1.3151687495601945,1.1632590344389115,0.15190971512128293,2.1998888969775767,2.103724126455621,0.09616477052195593,3.557510742029842,2.4167032103783925,1.1408075316514497,<=,-0.3774602891190465,0,10,-200
feature_current_day_movement_to_recent_days_movement,441,38,6.571855286102433,5.554804078590759,1.017051207511674,4.483102153421717,4.20947336072477,0.27362879269694673,1.0650030940330821,0.14665426823897829,0.14665426823897829,0.09869912877431675,0.8491560821418468,0.5061463181763933,higher_in_positives,0.994353056714952,1.4003655970210096,-0.4060125403060576,1.3449399329128426,1.4733318481066775,-0.12839191519383486,2.3224241921777513,2.4411003384046683,-0.11867614622691702,4.483102153421717,4.20947336072477,0.27362879269694673,8.25742184940035,7.635635789018566,0.6217860603817842,14.053972104305636,11.538084154675774,2.515887949629862,18.06376470588235,14.450319381399817,3.613445324482532,<=,0.6780591519486205,0,10,-200
feature_late_chase_after_high,441,38,0.011337868480725623,0.0,0.011337868480725623,0.0,0.0,0.0,,0.11137344470959822,0.11137344470959822,0.011337868480725623,1.0,0.5056689342403629,higher_in_positives,0.0,0.0,0.0,0.0,0.0,0.0,0.0,0.0,0.0,0.0,0.0,0.0,0.0,0.0,0.0,0.0,0.0,0.0,0.0,0.0,0.0,<=,0.0,38,436,-8682
total_volume,441,38,16227558.075908741,12839536.025412524,3388022.050496217,4266894.2,3784861.5,482032.7000000002,1.1273580816629618,0.10711018306944366,0.10711018306944366,0.09559613319011816,0.8736798521218547,0.5039384174722521,higher_in_positives,440096.0,347004.859375,93091.140625,630428.0,621214.1000000001,9213.899999999907,1366871.0,1586519.9,-219648.8999999999,4266894.2,3784861.5,482032.7000000002,17043230.32,12111607.9,4931622.42,40166185.0,43461217.900000036,-3295032.9000000358,66761713.0,53825390.14999999,12936322.850000009,<=,289718.8,0,10,-200
feature_weak_wick_volume_rejection,441,38,0.006802721088435374,0.0,0.006802721088435374,0.0,0.0,0.0,,0.08607231162915557,0.08607231162915557,0.006802721088435374,1.0,0.5034013605442177,higher_in_positives,0.0,0.0,0.0,0.0,0.0,0.0,0.0,0.0,0.0,0.0,0.0,0.0,0.0,0.0,0.0,0.0,0.0,0.0,0.0,0.0,0.0,<=,0.0,38,438,-8722
feature_previous_bar_high_to_highest_high,441,38,0.9818922598388801,0.9816599667264946,0.00023229311238548433,0.9865168539325844,0.987594323429541,-0.00107746949695664,0.9989089958585272,0.009793517095364376,0.009793517095364376,0.08921112304570951,0.9180083461153382,0.5030134860961929,higher_in_positives,0.9395498392282956,0.9441844729344729,-0.004634633706177338,0.953216374269006,0.9522790738010581,0.0009373004679478214,0.9714563273236378,0.9737398535340344,-0.0022835262103965137,0.9865168539325844,0.987594323429541,-0.00107746949695664,0.996816887250796,0.9950635031663174,0.0017533840844785598,1.0054054054054054,1.000878698224852,0.004526707180553258,1.0117416829745598,1.0044179292195903,0.00732375375496952,<=,0.9190972334574603,0,10,-200
feature_distance_from_highest_high,441,38,46.26077097505669,30.394736842105264,15.866034132951423,12.0,11.0,1.0,1.0909090909090908,0.18943339925538022,0.18943339925538022,0.08933046902971715,0.9171556535642902,0.5029836496001909,higher_in_false_positives,2.0,2.0,0.0,2.0,2.0,0.0,4.0,5.25,-1.25,12.0,11.0,1.0,39.0,39.0,0.0,143.0,87.00000000000009,55.999999999999915,231.0,123.35,107.65,>=,336.44,0,10,-200
feature_highest_high_to_entry_elapsed_minutes,441,38,46.26077097505669,30.394736842105264,15.866034132951423,12.0,11.0,1.0,1.0909090909090908,0.18943339925538022,0.18943339925538022,0.08933046902971715,0.9171556535642902,0.5029836496001909,higher_in_false_positives,2.0,2.0,0.0,2.0,2.0,0.0,4.0,5.25,-1.25,12.0,11.0,1.0,39.0,39.0,0.0,143.0,87.00000000000009,55.999999999999915,231.0,123.35,107.65,>=,336.44,0,10,-200
feature_clean_reentry_confirmation,441,38,0.15192743764172337,0.15789473684210525,-0.005967299200381887,0.0,0.0,0.0,,-0.016568556968413427,0.016568556968413427,0.005967299200381907,1.0,0.5029836496001909,higher_in_false_positives,0.0,0.0,0.0,0.0,0.0,0.0,0.0,0.0,0.0,0.0,0.0,0.0,0.0,0.0,0.0,1.0,1.0,0.0,1.0,1.0,0.0,>=,1.0,6,67,-1334
feature_bars_since_highest_high_to_bars_before,441,38,0.24707884156170604,0.11358434565655351,0.13349449590515253,0.0316139767054908,0.0422926972092521,-0.0106787205037613,0.747504387083045,0.16074539995540016,0.16074539995540016,0.11689939133548156,0.6786461962340353,0.5028941401121853,higher_in_positives,0.0019801980198019,0.00275679899968735,-0.0007766009798854498,0.003003003003003,0.00324392504118614,-0.00024092203818314,0.0079365079365079,0.011707326102247,-0.0037708181657391,0.0316139767054908,0.0422926972092521,-0.0106787205037613,0.125,0.07220929171230372,0.052790708287696275,0.5109983079526227,0.2450347567030785,0.2659635512495442,1.0725806451612905,0.3137210892104363,0.7588595559508542,<=,0.001638834034515268,1,9,-179
feature_entry_volume_spike_without_high_context,441,38,3.838583799259926,2.8339745148482924,1.0046092844116337,1.8600871188550092,1.879722574151255,-0.019635455296245885,0.9895540674106593,0.10875573969722929,0.10875573969722929,0.07751521661296097,0.972615152797206,0.5014321518080916,higher_in_positives,0.5249792909541294,0.685887113224631,-0.1609078222705016,0.7923649849624522,0.9717096061112699,-0.17934462114881766,1.2339543608638357,1.2412234315487818,-0.0072690706849460884,1.8600871188550092,1.879722574151255,-0.019635455296245885,3.1981737145341884,3.1962042146167056,0.001969499917482853,6.028786893771941,4.711241358258784,1.3175455355131573,10.977752496523827,7.982870060718491,2.9948824358053363,<=,0.21361900117634505,0,10,-200
feature_volume_confirmation_quality,441,38,1.7218197207849648,0.6157944715504392,1.1060252492345257,0.5376092280105448,0.5329978842174595,0.004611343793085254,1.0086517112537052,0.07656473166245194,0.07656473166245194,0.07751521661296097,0.972615152797206,0.5014321518080916,higher_in_false_positives,0.0910933271921238,0.1332936066084798,-0.042200279416356,0.1658708489154017,0.21263244536612286,-0.04676159645072117,0.3126784500339905,0.3129183403888555,-0.00023989035486504662,0.5376092280105448,0.5329978842174595,0.004611343793085254,0.810402743987991,0.8062514873020818,0.004151256685909099,1.2620446624700192,1.029165272216564,0.23287939025345517,1.9048370425860777,1.4582595003224819,0.4465775422635958,<=,0.04911179598627404,0,10,-200
feature_previous_bar_volume_to_its_previous_volume,441,38,1.417113121739442,1.0793033394434486,0.33780978229599334,0.8436001834768148,0.8304328395322169,0.013167343944597842,1.0158560010126947,0.09283063493597413,0.09283063493597413,0.05967299200381907,0.9987972518261227,0.5013128058240841,higher_in_false_positives,0.195718730553827,0.2778388570398296,-0.08212012648600259,0.2885211517404111,0.31948604079294657,-0.03096488905253547,0.4971067151123671,0.5405352586141101,-0.04342854350174302,0.8436001834768148,0.8304328395322169,0.013167343944597842,1.3630629408572978,1.4089295170014722,-0.04586657614417433,2.1093309650680876,2.026484137963935,0.0828468271041527,3.235286564342424,2.4060798422350156,0.8292067221074082,<=,0.117028998095295,0,10,-200
feature_uptrend_histogram_vs_downtrend_since_highest_high,441,38,0.33014693758133806,0.2893068512450256,0.040840086336312476,0.2272727272727272,0.28645833333333337,-0.05918560606060616,0.7933884297520658,0.09920983957012945,0.09920983957012945,0.09177706170187373,0.9014561203906274,0.5007160759040458,higher_in_positives,0.0,0.0,0.0,0.0,0.0,0.0,0.0,0.0,0.0,0.2272727272727272,0.28645833333333337,-0.05918560606060616,0.4074074074074074,0.40097723899059873,0.006430168416808657,1.0,0.766666666666668,0.23333333333333195,1.0,1.0,0.0,>=,1.0,4,69,-1376
