fold,best_threshold,positive_pass_rate,false_positive_reject_rate,balanced_score,trading_score,tn,fp,fn,tp
1,0.6,0.8548387096774194,0.8947368421052632,0.8747877758913413,0.8747877758913413,51,6,9,53
2,0.8,0.8225806451612904,0.9473684210526315,0.884974533106961,0.884974533106961,54,3,11,51
3,0.7,0.8548387096774194,0.9649122807017544,0.9098754951895869,0.9098754951895869,55,2,9,53
4,0.6,0.8387096774193549,0.9649122807017544,0.9018109790605546,0.9018109790605546,55,2,10,52
5,0.6,0.9344262295081968,0.8620689655172413,0.8982475975127191,0.8982475975127191,50,8,4,57
6,0.6,0.8387096774193549,0.8947368421052632,0.866723259762309,0.866723259762309,51,6,10,52
7,0.6,0.8225806451612904,0.9649122807017544,0.8937464629315224,0.8937464629315224,55,2,11,51
8,0.65,0.9354838709677419,0.8947368421052632,0.9151103565365025,0.9151103565365025,51,6,4,58
9,0.55,0.8870967741935484,0.8771929824561403,0.8821448783248443,0.8821448783248443,50,7,7,55
10,0.7,0.9016393442622951,0.9482758620689655,0.9249576031656304,0.9249576031656304,55,3,6,55
11,0.6,0.9516129032258065,0.8947368421052632,0.9231748726655349,0.9231748726655349,51,6,3,59
12,0.65,0.8548387096774194,0.9298245614035088,0.892331635540464,0.892331635540464,53,4,9,53
13,0.6,0.7741935483870968,0.8421052631578947,0.8081494057724957,0.8081494057724957,48,9,14,48
14,0.6,0.8709677419354839,0.9649122807017544,0.9179400113186191,0.9179400113186191,55,2,8,54
15,0.7,0.8852459016393442,0.9482758620689655,0.9167608818541548,0.9167608818541548,55,3,7,54
16,0.5,0.7903225806451613,0.8771929824561403,0.8337577815506507,0.8337577815506507,50,7,13,49
17,0.65,0.9032258064516129,0.9649122807017544,0.9340690435766836,0.9340690435766836,55,2,6,56
18,0.6,0.8709677419354839,0.9122807017543859,0.8916242218449348,0.8916242218449348,52,5,8,54
19,0.65,0.8870967741935484,0.9122807017543859,0.8996887379739671,0.8996887379739671,52,5,7,55
20,0.6,0.9508196721311475,0.8793103448275862,0.9150650084793668,0.9150650084793668,51,7,3,58
21,0.55,0.9032258064516129,0.8947368421052632,0.898981324278438,0.898981324278438,51,6,6,56
22,0.55,0.9032258064516129,0.9298245614035088,0.9165251839275608,0.9165251839275608,53,4,6,56
23,0.55,0.8709677419354839,0.9649122807017544,0.9179400113186191,0.9179400113186191,55,2,8,54
24,0.65,0.8548387096774194,0.8947368421052632,0.8747877758913413,0.8747877758913413,51,6,9,53
25,0.6,0.8688524590163934,0.8448275862068966,0.856840022611645,0.856840022611645,49,9,8,53
26,0.6,0.8225806451612904,0.8771929824561403,0.8498868138087153,0.8498868138087153,50,7,11,51
27,0.6,0.8870967741935484,0.9122807017543859,0.8996887379739671,0.8996887379739671,52,5,7,55
28,0.7,0.9032258064516129,0.8947368421052632,0.898981324278438,0.898981324278438,51,6,6,56
29,0.6,0.9032258064516129,0.8947368421052632,0.898981324278438,0.898981324278438,51,6,6,56
30,0.6,0.8852459016393442,0.9482758620689655,0.9167608818541548,0.9167608818541548,55,3,7,54
31,0.5,0.8387096774193549,0.9649122807017544,0.9018109790605546,0.9018109790605546,55,2,10,52
32,0.7,0.8870967741935484,0.9122807017543859,0.8996887379739671,0.8996887379739671,52,5,7,55
33,0.75,0.8709677419354839,0.8947368421052632,0.8828522920203735,0.8828522920203735,51,6,8,54
34,0.6,0.8709677419354839,0.9473684210526315,0.9091680814940577,0.9091680814940577,54,3,8,54
35,0.6,0.8852459016393442,0.9137931034482759,0.8995195025438101,0.8995195025438101,53,5,7,54
36,0.55,0.7741935483870968,0.8771929824561403,0.8256932654216185,0.8256932654216185,50,7,14,48
37,0.6,0.8870967741935484,0.9473684210526315,0.91723259762309,0.91723259762309,54,3,7,55
38,0.75,0.8548387096774194,0.9122807017543859,0.8835597057159026,0.8835597057159026,52,5,9,53
39,0.6,0.9193548387096774,0.9824561403508771,0.9509054895302773,0.9509054895302773,56,1,5,57
40,0.7,0.8852459016393442,0.896551724137931,0.8908988128886377,0.8908988128886377,52,6,7,54
41,0.75,0.7419354838709677,0.9298245614035088,0.8358800226372383,0.8358800226372383,53,4,16,46
42,0.6,0.9354838709677419,0.9473684210526315,0.9414261460101867,0.9414261460101867,54,3,4,58
43,0.7,0.8870967741935484,0.8771929824561403,0.8821448783248443,0.8821448783248443,50,7,7,55
44,0.6,0.9354838709677419,0.8771929824561403,0.9063384267119411,0.9063384267119411,50,7,4,58
45,0.55,0.8688524590163934,0.9655172413793104,0.9171848501978519,0.9171848501978519,56,2,8,53
46,0.55,0.9032258064516129,0.9824561403508771,0.9428409734012451,0.9428409734012451,56,1,6,56
47,0.75,0.8387096774193549,1.0,0.9193548387096775,0.9193548387096775,57,0,10,52
48,0.7,0.7580645161290323,0.9122807017543859,0.8351726089417091,0.8351726089417091,52,5,15,47
49,0.6,0.9516129032258065,0.8771929824561403,0.9144029428409735,0.9144029428409735,50,7,3,59
50,0.6,0.8524590163934426,0.8448275862068966,0.8486433013001695,0.8486433013001695,49,9,9,52
