symbol,original_bar_time,expected_confirmation_bar_time,feature_bars_with_at_least_50_pct_wick_pct,feature_positive_vs_negative_volume,feature_overlapped_bars_since_market_open_pct,feature_entry_bar_volume,feature_distance_from_highest_high,feature_bars_with_rejection_since_market_open,feature_entry_point_size_to_bars_size_average,feature_histogram_changed_directions_pct,feature_strong_negative_bars_pct,feature_price_action_is_stuck_pct,feature_entry_bar_close_to_crossed_highest_high_pct,feature_total_volume,feature_current_macd_to_previous,feature_late_volume_spike,feature_entry_bar_price_action_to_total_price_pct,feature_entry_volume_vs_total_volume,feature_entry_bar_price_action_pct_to_volume_pct,feature_bars_above_vwap_pct,feature_distance_between_highest_high_to_entry_bar_high,feature_fibonacci_retracement,label,probability,score,model_pass,rules_pass,pass_recommended
SER,2026-03-19 00:00:00,2026-03-19 12:38:00,0.4497354497354497,0.9157643277846316,0.6613756613756614,1796521.0,187,0.1269841269841269,9.969696969696964,0.2857142857142857,0.2358490566037736,0.2275132275132275,1.0495867768595042,69016454.0,1.4254722706076524,0.0260303289415593,0.1377952755905512,0.0267260159274481,5.155847993379085,0.9470899470899472,0.7142857142857141,1.0,0,0.4521545525380661,45.22,False,True,False
AGRZ,2026-03-12 00:00:00,2026-03-12 13:19:00,0.4757709251101321,1.223141506412502,0.5418502202643172,1273230.0,29,0.2158590308370044,3.4486737445806135,0.2643171806167401,0.2830188679245283,0.2511013215859031,1.0175892857142856,197849481.0,1.4387976247386178,0.0064353466764969,0.0526454330086863,0.0064770286009778,8.128022315778935,0.9251101321585904,0.4999999999999981,0.1961151079136691,0,0.46302176829247566,46.3,False,True,False
TMDE,2026-03-05 00:00:00,2026-03-05 13:23:00,0.4487179487179487,1.4242530152606825,0.5384615384615384,221801.0,110,0.188034188034188,4.718310093513912,0.2777777777777778,0.2,0.329059829059829,1.019774011299435,9946618.0,1.2501003383213658,0.0222991372544919,0.0415512465373961,0.0228077299552269,1.8218054413553624,0.9786324786324786,0.5999999999999994,0.4528301886792452,0,0.3101699464357209,31.02,False,True,False
HPAI,2026-04-01 00:00:00,2026-04-01 10:03:00,0.4705882352941176,1.5517623949656252,0.5,70598.0,2,0.2647058823529412,3.854960212201594,0.2058823529411764,0.875,0.3235294117647059,0.9744017094017094,841806.0,1.1322112092843344,0.0838649284989653,0.0526292706460243,0.0915421001856827,0.5749187591203595,0.6176470588235294,0.0,0.2273243919072518,0,0.3304519217439071,33.05,False,True,False
MNTS,2026-04-15 00:00:00,2026-04-15 10:56:00,0.4367816091954023,0.8096305296388905,0.6091954022988506,215073.0,81,0.1724137931034483,2.7891891891891847,0.2988505747126437,0.25,0.3103448275862069,1.001492537313433,4856909.0,1.2512211421418475,0.044281867335789,0.0357675111773472,0.0463336059266204,0.7719561312364313,0.4827586206896552,0.1666666666666666,0.8515624999999998,0,0.3778566987537827,37.79,False,True,False
SKYQ,2026-04-06 00:00:00,2026-04-06 13:43:00,0.5099601593625498,1.3655767394021094,0.4382470119521912,363239.0,6,0.1354581673306772,19.383333102579407,0.2948207171314741,0.3684210526315789,0.3306772908366533,1.0353535353535352,5604910.0,1.346930389053254,0.0648072850411514,0.095219512195122,0.0692983210888283,1.3740522237626394,0.2350597609561753,0.4439890710382522,0.1601941747572816,0,0.37100879632311967,37.1,False,True,False
ANNA,2026-03-30 00:00:00,2026-03-30 15:57:00,0.4597402597402597,0.9880980409554264,0.5116883116883116,62693.0,43,0.1246753246753246,2.50843767011434,0.2441558441558441,0.1976744186046511,0.3220779220779221,1.0069513406156902,5691372.0,1.5118221361830364,0.0110154458362588,0.0197238658777121,0.0111381373853438,1.7708405988658202,0.4415584415584415,0.6999999999999991,0.2951807228915664,0,0.43370264466405195,43.37,False,True,False
SUNE,2026-03-20 00:00:00,2026-03-20 10:32:00,0.5555555555555556,1.6061867394518368,0.5396825396825397,198994.0,48,0.1904761904761904,5.424639702463973,0.2539682539682539,0.217391304347826,0.3015873015873015,1.0385853658536588,1260391.0,1.7020985829857231,0.1578827522570376,0.0563148748297402,0.1874831001029775,0.3003730725532517,0.7936507936507936,0.8340283569641382,0.8000000000000007,0,0.442007530236955,44.2,False,True,False
EDSA,2026-03-17 00:00:00,2026-03-17 10:43:00,0.4166666666666667,2.5240293577629807,0.4305555555555556,109979.0,41,0.2083333333333333,3.682850460238422,0.2222222222222222,0.2,0.3055555555555556,1.0193409742120343,2205327.0,1.6763562860114378,0.0498697018628076,0.0421644413211524,0.052487224079246,0.8033277061383918,0.7916666666666666,0.5333333333333312,0.3837209302325581,0,0.39846372950410425,39.85,False,True,False
SKYQ,2026-04-09 00:00:00,2026-04-09 09:47:00,0.3333333333333333,3.094216977773257,0.5,505074.0,3,0.6111111111111112,5.21169194989164,0.2222222222222222,0.0,0.7777777777777778,1.0337995337995336,2817374.0,1.2115619903311363,0.1792711936718376,0.0732807215332582,0.2184292695584483,0.3354894775841817,0.5555555555555556,0.9386153846153829,0.1148648648648647,0,0.2831422172729262,28.31,False,True,False
SST,2026-04-01 00:00:00,2026-04-01 13:50:00,0.4341085271317829,1.2296219243587616,0.5155038759689923,112684.0,5,0.1821705426356589,6.685504126300677,0.3023255813953488,0.2300884955752212,0.3023255813953488,1.0611353711790394,4781995.0,1.3670495995949603,0.0235642237183434,0.0596707818930041,0.024132896695037,2.472590946998731,0.9302325581395348,0.3793103448275872,0.126984126984127,0,0.3141306838778424,31.41,False,True,False
NRXP,2026-04-20 00:00:00,2026-04-20 09:55:00,0.2692307692307692,1.54615213377506,0.3461538461538461,22099.0,10,0.1923076923076923,2.3531626506024237,0.1923076923076923,0.5833333333333334,0.5,1.0105633802816902,583326.0,1.0681221040512534,0.0378844762619872,0.0174216027874565,0.0393762238808895,0.4424396519116643,1.0,0.6000000000000018,0.2758620689655174,0,0.293968474968713,29.4,False,True,False
SKYQ,2026-04-08 00:00:00,2026-04-08 13:16:00,0.504424778761062,1.5738967399161483,0.4911504424778761,122135.0,7,0.163716814159292,9.623835471963446,0.3008849557522124,0.1858407079646017,0.2876106194690265,1.0405533331297523,2848583.0,1.8732685442639525,0.0428757034637923,0.0850917094644167,0.0447963797585723,1.8995220132299515,1.0,0.9827556475254358,0.0964244223570414,0,0.27519977848731175,27.52,False,True,False
CDIO,2026-02-25 00:00:00,2026-02-25 13:39:00,0.4596774193548387,1.3890552109772183,0.5241935483870968,263635.0,30,0.2016129032258064,5.356198484261787,0.2862903225806452,0.2346938775510204,0.2983870967741935,1.0274747474747474,8074180.0,1.5842175549110258,0.0326516129192066,0.0530869052300433,0.0337537265325275,1.5727716813396888,0.935483870967742,0.7407407407407401,0.1973684210526314,0,0.36858520152204055,36.86,False,True,False
FUSE,2026-04-13 00:00:00,2026-04-13 10:55:00,0.4186046511627907,0.9725280928116564,0.5813953488372093,91648.0,56,0.1395348837209302,3.064987889036147,0.2558139534883721,0.2162162162162162,0.2093023255813953,1.014018691588785,5381605.0,1.696389587458625,0.0170298637674076,0.0460829493087558,0.01732490453136,2.65992515141081,0.8953488372093024,0.4999999999999978,0.7631578947368419,0,0.45209791235297286,45.21,False,True,False
SKYQ,2026-04-07 00:00:00,2026-04-07 09:51:00,0.3636363636363636,2.056765012502825,0.6363636363636364,1802961.0,4,0.3636363636363636,5.021832061068696,0.2272727272727272,0.5,0.5909090909090909,1.0068119891008174,10482335.0,1.4429704357633328,0.1719999408528729,0.0906630581867388,0.2077293823264212,0.4364479264867449,0.6818181818181818,0.3134328358208955,0.2987012987012991,0,0.3793598459471299,37.94,False,True,False
JCSE,2026-01-05 00:00:00,2026-01-05 11:43:00,0.4402985074626865,1.2882064921719156,0.4925373134328358,637608.0,3,0.1194029850746268,9.600275355667726,0.2761194029850746,0.3333333333333333,0.2537313432835821,0.9659090909090908,4920994.0,1.159966973840738,0.1295689448107435,0.122764705882353,0.1488560685401689,0.824720866850147,0.1194029850746268,0.0,0.1944444444444445,0,0.36682122362336883,36.68,False,True,False
SYNX,2026-03-06 00:00:00,2026-03-06 11:21:00,0.5625,1.125873148463647,0.5535714285714286,1351457.0,3,0.1517857142857142,4.064776010090737,0.25,0.5333333333333333,0.2142857142857142,1.0112359550561798,26434682.0,1.1648674952694305,0.0511243902990775,0.0555555555555556,0.0538789170850239,1.0311186371449488,0.3214285714285714,0.2,0.2077922077922079,0,0.36318422714165755,36.32,False,True,False
BIRD,2026-04-15 00:00:00,2026-04-15 09:46:00,0.3846153846153846,2.281110673987379,0.5384615384615384,1699754.0,3,0.6153846153846154,3.25714285714286,0.1538461538461538,0.0,0.4615384615384615,1.0339892665474062,23811135.0,1.1513375886574433,0.0713848373880539,0.121107266435986,0.0768723581760904,1.575433215650382,1.0,0.4357142857142858,0.3075268817204301,0,0.3341802025213316,33.42,False,True,False
VMAR,2025-12-16 00:00:00,2025-12-16 10:17:00,0.3636363636363636,7.931655180429637,0.4545454545454545,55463.35,12,0.2272727272727272,25.655865921787708,0.2727272727272727,0.1428571428571428,0.3636363636363636,1.25,130636.175,1.381943316566634,0.4245634871045482,0.2534117647058823,0.7378111704595379,0.3434642559668044,0.5227272727272727,0.9289693593314764,0.0776340110905727,0,0.29173350101073814,29.17,False,True,False
AGPU,2026-04-07 00:00:00,2026-04-07 10:15:00,0.391304347826087,1.5305782693408538,0.4347826086956521,38416.0,15,0.1304347826086956,3.816793893129783,0.3043478260869565,0.2083333333333333,0.2608695652173913,1.0310559006211182,481855.0,1.4610845600856832,0.0797252285438565,0.0361445783132531,0.0866319832040032,0.4172197954667496,0.9565217391304348,0.8333333333333325,0.3859649122807011,0,0.33039135770817074,33.04,False,True,False
ANNA,2026-03-24 00:00:00,2026-03-24 09:52:00,0.391304347826087,2.7884563004298983,0.5652173913043478,822760.0,9,0.391304347826087,2.2733333333333254,0.2608695652173913,0.5,0.391304347826087,1.010882708585248,12893492.0,1.091538419306965,0.0638120378870208,0.0430622009569377,0.0681615663407985,0.6317665991070773,1.0,0.388888888888891,0.3591549295774646,0,0.3719146424187456,37.19,False,True,False
SST,2026-04-01 00:00:00,2026-04-01 11:17:00,0.4166666666666667,1.1464745077549796,0.6111111111111112,94801.0,23,0.2407407407407407,4.360866112109692,0.3148148148148148,0.2857142857142857,0.3148148148148148,1.030379746835443,2062337.0,1.525948382344191,0.045967754057654,0.0614250614250614,0.0481825999625928,1.274839080347461,0.8703703703703703,0.6799999999999997,0.3947368421052634,0,0.4267022500780198,42.67,False,True,False
RMSG,2026-04-20 00:00:00,2026-04-20 10:04:00,0.4,3.6635963266837392,0.5428571428571428,329904.0,29,0.3428571428571428,1.3724372607401107,0.2571428571428571,0.5,0.2857142857142857,1.0082142857142855,2859111.0,1.201566064371822,0.1153869157231041,0.0762963568489604,0.1304377221793234,0.5849255535455424,0.5428571428571428,0.4999999999999992,0.5766511627906975,0,0.3436428278099799,34.36,False,True,False
EVTV,2026-01-13 00:00:00,2026-01-13 12:49:00,0.47,0.9669238966259124,0.61,2082727.0,3,0.16,4.196691936595456,0.265,0.2567567567567567,0.22,0.988095238095238,132704746.0,1.309677774616722,0.0156944424579961,0.0915662650602408,0.0159446854056053,5.742745167493298,0.7,0.0,0.3035714285714288,0,0.34389524590699005,34.39,False,True,False
AIFF,2026-03-26 00:00:00,2026-03-26 11:42:00,0.5037593984962406,1.4298778139909332,0.5639097744360902,792377.0,93,0.1954887218045112,4.050643776824031,0.2706766917293233,0.35,0.2932330827067669,1.007944978062374,42753445.0,1.1438582632988696,0.0185336409732595,0.05878431372549,0.0188836232671675,3.11297852609127,0.7518796992481203,0.4009339559706467,0.978718876356672,0,0.3819523657364936,38.2,False,True,False
NXTT,2026-03-27 00:00:00,2026-03-27 11:54:00,0.4857142857142857,1.2648022716458525,0.4428571428571428,139521.0,101,0.1285714285714285,5.022932592077834,0.2642857142857143,0.2195121951219512,0.1785714285714285,1.002403846153846,3384174.0,1.259251431791641,0.0412274900758648,0.0622541966426858,0.0430002838516168,1.4477624579760786,0.6571428571428571,0.8474576271186437,0.6438356164383562,0,0.35818924973413774,35.82,False,True,False
SKYX,2026-01-22 00:00:00,2026-01-22 09:40:00,0.3636363636363636,9.191172208940085,0.3636363636363636,52997.0,3,0.4545454545454545,1.535897435897441,0.1818181818181818,0.5,0.4545454545454545,1.003448275862069,562675.0,1.039499862337546,0.0941875860843293,0.0240549828178693,0.1039813372364512,0.2313394254891035,1.0,0.2857142857142866,0.2105817320347461,0,0.26094511843069107,26.09,False,True,False
SST,2026-03-27 00:00:00,2026-03-27 11:30:00,0.4196428571428571,1.6857120366620058,0.4464285714285714,659438.0,8,0.2321428571428571,4.803143293933405,0.2589285714285714,0.5238095238095238,0.2678571428571428,1.0811836734693876,9382629.0,1.198726564501971,0.0702828599532178,0.1698818377439691,0.0755959602397792,2.2472343390457508,0.4732142857142857,0.7777777777777775,0.4059405940594061,0,0.38156744302583495,38.16,False,True,False
INBS,2026-01-05 00:00:00,2026-01-05 10:00:00,0.4814814814814814,1.6210055340776617,0.4814814814814814,154353.0,16,0.3703703703703703,2.328933766798,0.2592592592592592,0.2727272727272727,0.2592592592592592,1.0203482142857143,1706424.0,1.1308448863573637,0.0904540723759159,0.0761294726065157,0.0994497030097205,0.7655072896404183,0.9629629629629628,0.5172413793103454,0.3804560260586319,0,0.33720983262434395,33.72,False,True,False
INBS,2026-01-05 00:00:00,2026-01-05 10:10:00,0.4054054054054054,1.8854247168439713,0.4324324324324324,217117.0,10,0.2972972972972973,2.535068314899152,0.2432432432432432,0.3571428571428571,0.2972972972972973,1.0313304721030043,2516477.0,1.1635039277120904,0.0862781579168019,0.0820640865584686,0.0944249704265534,0.869093060741814,0.972972972972973,0.5456389452332656,0.3835227272727272,0,0.3181163522386099,31.81,False,True,False
JXG,2025-12-09 00:00:00,2025-12-09 15:45:00,0.2403846153846154,1.4938315833355045,0.2692307692307692,27387.0,6,0.0865384615384615,10.075357136205325,0.2980769230769231,0.1363636363636363,0.2019230769230769,1.061153846153846,382863.0,1.104957093400576,0.0715321146206345,0.0852275669238337,0.07704317591061,1.1062312257573563,0.9134615384615384,0.7721749696233289,0.3119658119658122,0,0.28674265052158665,28.67,False,True,False
AGPU,2026-04-01 00:00:00,2026-04-01 10:26:00,0.2962962962962963,1.4411105758036498,0.3703703703703703,494089.0,13,0.2777777777777778,2.964217973035321,0.2592592592592592,0.75,0.3703703703703703,1.0497122302158275,4550069.0,1.1831651791725508,0.1085893422715128,0.0959152902474128,0.1218174152732508,0.7873692774736968,0.7037037037037037,0.464094319399786,0.4694373825577541,0,0.4290443237207993,42.9,False,True,False
RECT,2026-04-16 00:00:00,2026-04-16 09:57:00,0.4285714285714285,2.4621299240118155,0.3571428571428571,213863.0,8,0.2857142857142857,3.704429635437085,0.2142857142857142,0.5555555555555556,0.5357142857142857,1.0072252260873726,921252.0,1.145593064004243,0.2321438650879455,0.0761045130641329,0.3023272909247952,0.2517288890173801,0.8214285714285714,0.3751560549313349,0.3670222066794897,0,0.37284673379622424,37.28,False,True,False
PRFX,2026-01-16 00:00:00,2026-01-16 10:46:00,0.3896103896103896,2.7895015753388424,0.4415584415584415,344853.4,3,0.2337662337662337,6.2819356777877955,0.2207792207792207,0.6,0.3116883116883117,1.0684931506849316,2464209.7999999984,1.1575160031108744,0.1399448212566966,0.0897435897435897,0.1627160962639413,0.551534800822759,0.2077922077922078,0.9285714285714288,0.2357563850687621,0,0.26474681838539993,26.47,False,True,False
PLYX,2026-03-13 00:00:00,2026-03-13 12:06:00,0.4452054794520548,1.2774072928295694,0.4452054794520548,94832.0,11,0.1575342465753424,4.374057315233791,0.2808219178082192,0.2096774193548387,0.273972602739726,1.015,1693184.0,2.473006942133806,0.0560080889023284,0.0443349753694582,0.0593311110443757,0.7472466736093751,0.8287671232876712,0.5555555555555559,0.1379310344827587,0,0.3961080067255745,39.61,False,True,False
XWEL,2026-02-25 00:00:00,2026-02-25 11:42:00,0.472,1.805520970483983,0.536,3107180.0,87,0.208,4.59111397295557,0.256,0.2307692307692307,0.216,1.0466666666666666,197998986.0,3.8222346156756624,0.0156929086495422,0.0764331210191083,0.015943102297487,4.794118459062748,0.968,0.5833333333333334,0.4444444444444445,0,0.4119529657044372,41.2,False,True,False
SXTP,2026-01-26 00:00:00,2026-01-26 13:21:00,0.3640552995391705,1.848871857553434,0.391705069124424,124139.0,12,0.1290322580645161,13.561091672498227,0.2857142857142857,0.1724137931034483,0.2442396313364055,1.0953829787234042,862382.0,2.9516826601985597,0.1439489692502858,0.1048889924829555,0.1681546591027615,0.6237650092041547,1.0,0.8333333333333336,0.0472440944881893,0,0.2979191537065933,29.79,False,True,False
TMDE,2026-03-03 00:00:00,2026-03-03 10:21:00,0.4583333333333333,1.4027410880600235,0.625,617106.0,7,0.2083333333333333,3.434114823703151,0.2916666666666667,0.4545454545454545,0.2916666666666667,1.0162412993039445,8859089.0,1.2116298814870583,0.069657952414746,0.0661872146118722,0.074873486150117,0.8839873500636882,0.6458333333333334,0.3104518799586087,0.1499999999999996,0,0.32487412135986554,32.49,False,True,False
EONR,2026-03-12 00:00:00,2026-03-12 10:05:00,0.5,0.6023136793680515,0.6666666666666666,591532.0,16,0.0833333333333333,4.961527079017439,0.25,0.2916666666666667,0.25,1.0088073394495412,12743691.0,1.316239677847439,0.0464176352047456,0.0454710803928701,0.0486771116144876,0.93413678184095,1.0,0.2,0.7142857142857143,0,0.36497292389730374,36.5,False,True,False
EDSA,2026-03-20 00:00:00,2026-03-20 09:43:00,0.3571428571428571,3.4234784321449676,0.5,22934.0,7,0.1428571428571428,2.5089479963506145,0.2857142857142857,0.5,0.5714285714285714,1.0191831683168315,157206.0,1.123191909684913,0.1458850171113062,0.0352155434122647,0.1708025500476644,0.2061769183331128,1.0,0.4137931034482731,0.4895833333333331,0,0.2847986293258964,28.48,False,True,False
QCLS,2026-01-23 00:00:00,2026-01-23 11:55:00,0.396694214876033,1.924848976580122,0.4462809917355372,471469.0,3,0.1735537190082644,4.463933780055178,0.2892561983471074,0.2051282051282051,0.3388429752066115,1.0223236081415512,7800970.0,1.0967745006349523,0.0604372276780964,0.0559901193906957,0.0643248428508298,0.8704276125561252,0.6446280991735537,0.647352941176472,0.12968268555057,0,0.22313530999749653,22.31,False,True,False
BIYA,2026-02-20 00:00:00,2026-02-20 10:49:00,0.45,1.9336405459983903,0.375,78185.0,23,0.15,7.784052185765754,0.225,1.3333333333333333,0.15,1.1020408163265307,386425.0,1.75488065454895,0.2023290418580578,0.1419753086419754,0.2536497534388788,0.5597297325037092,0.425,0.6521739130434783,0.6761482863138261,0,0.41448113411369236,41.45,False,True,False
TURB,2026-03-03 00:00:00,2026-03-03 10:27:00,0.4482758620689655,0.9623141160868928,0.5689655172413793,301479.0,29,0.2758620689655172,4.393305439330542,0.2758620689655172,0.3888888888888889,0.3275862068965517,1.0198863636363635,3326405.0,1.417110131107117,0.0906320787757353,0.1058495821727019,0.0996649174227733,1.0620545815905669,0.7758620689655172,0.6315789473684206,0.5714285714285715,0,0.4376008621075498,43.76,False,True,False
VLN,2026-01-09 00:00:00,2026-01-09 12:30:00,0.4198895027624309,1.463693887682585,0.5524861878453039,326284.0,6,0.1712707182320442,3.023516237402013,0.3038674033149171,0.2602739726027397,0.3535911602209944,1.0178571428571426,14724200.0,1.2097423712851962,0.0221597098653916,0.0219298245614034,0.022661890790306,0.9676961540554349,0.9668508287292816,0.7999999999999947,0.0892857142857147,0,0.2522881318037291,25.23,False,True,False
LVLU,2026-01-12 00:00:00,2026-01-12 11:23:00,0.3692307692307692,1.4327411475632734,0.3230769230769231,105264.0,2,0.1846153846153846,3.3353922174181534,0.2307692307692307,0.1785714285714285,0.2769230769230769,1.0019531249999998,2003917.0,1.077174720799616,0.0525291217151209,0.0955165692007797,0.0554414103050952,1.7228380135921872,0.7692307692307693,0.0204081632653049,0.1980198019801981,0,0.22950679953170663,22.95,False,True,False
RAYA,2026-04-10 00:00:00,2026-04-10 12:56:00,0.4927536231884058,1.132984604314761,0.5410628019323671,390109.1,115,0.1690821256038647,5.6867685529395695,0.2753623188405797,0.2794117647058823,0.1980676328502415,1.0198019801980198,20737548.000000004,2.5521635533062814,0.0188117274038377,0.1370873786407767,0.0191723932391314,7.150248637764079,0.6908212560386473,0.5665722379603402,1.0,0,0.5851757901578487,58.52,True,True,True
ONCO,2026-04-09 00:00:00,2026-04-09 10:56:00,0.4942528735632184,1.6017676016783955,0.4942528735632184,1525642.0,2,0.2758620689655172,2.3195303823576077,0.2528735632183908,0.25,0.3103448275862069,1.0084388185654007,70085453.0,1.0725701125805556,0.0217683118920555,0.0502092050209205,0.0222527159533739,2.256318065899184,0.367816091954023,0.2499999999999981,0.1234567901234569,0,0.2997565557494507,29.98,False,True,False
DXST,2026-03-04 00:00:00,2026-03-04 11:27:00,0.5084745762711864,1.0854919251109072,0.4915254237288136,372221.56,72,0.1610169491525423,4.734541922952413,0.2796610169491525,0.1951219512195122,0.2711864406779661,1.0026223776223775,13675276.200000005,1.266089963664342,0.027218577128263,0.1120313862249346,0.0279801571949342,4.0039584282685,0.6440677966101694,0.0466926070038914,0.6428571428571428,0,0.3430551594945724,34.31,False,True,False
UGRO,2026-03-30 00:00:00,2026-03-30 11:48:00,0.539568345323741,1.3136774809573135,0.5035971223021583,138242.0,93,0.2014388489208633,3.407113259668509,0.2446043165467626,0.2539682539682539,0.237410071942446,1.0175375805297064,4599061.0,1.1831602271232726,0.0300587446002564,0.054871614491734,0.0309902733107978,1.7706076336091965,0.9280575539568344,0.3974358974358961,0.5934530095036958,0,0.3656627325731441,36.57,False,True,False
CJMB,2026-01-15 00:00:00,2026-01-15 11:26:00,0.4690265486725664,1.2474172413384883,0.5575221238938053,2763068.0,18,0.1769911504424778,4.845192498435904,0.2743362831858407,0.3888888888888889,0.1415929203539823,1.0409267241379312,87517149.0,1.4659671176520803,0.0315717323012887,0.1407689600198761,0.0326010024225264,4.317933485462662,0.7256637168141593,0.3822620973672599,0.3566408268733849,0,0.4357373246328974,43.57,False,True,False
CYCN,2026-04-01 00:00:00,2026-04-01 09:40:00,0.4545454545454545,5.768135030026267,0.6363636363636364,3348152.0,10,0.4545454545454545,7.200597785476518,0.1818181818181818,0.5,0.6363636363636364,1.1153262518968132,21875763.0,1.2781760483862925,0.1530530386528689,0.1619047619047618,0.1807114797477127,0.895929589701736,1.0,0.638655462184874,0.8934426229508198,0,0.29811779662334725,29.81,False,True,False
FUSE,2026-02-02 00:00:00,2026-02-02 09:40:00,0.2727272727272727,1.3235605708486546,0.5454545454545454,2516978.0,8,0.4545454545454545,4.0994198312236225,0.2727272727272727,0.2,0.6363636363636364,1.0247902097902095,16896886.0,1.336166311242661,0.1489610570847196,0.2081271964243066,0.1750343604423616,1.18906479789631,1.0,0.5245901639344264,0.6999999999999997,0,0.3115294083278299,31.15,False,True,False
UCAR,2026-04-10 00:00:00,2026-04-10 11:10:00,0.495049504950495,1.5036772926444817,0.5148514851485149,312852.0,7,0.1485148514851485,3.3474218089602776,0.2574257425742574,0.3076923076923077,0.2376237623762376,1.0179372197309418,7244563.0,1.122908375625136,0.0431843853107495,0.0396475770925109,0.0451334454076345,0.8784522593926399,0.6039603960396039,0.5555555555555545,0.3181818181818185,0,0.305014842773442,30.5,False,True,False
ACXP,2026-03-10 00:00:00,2026-03-10 14:43:00,0.4777070063694267,1.024253970347092,0.5636942675159236,340911.0,284,0.1592356687898089,4.599868764919496,0.2707006369426751,0.3097345132743362,0.2515923566878981,1.0399666666666667,25298031.0,1.4585699839599733,0.0134757918511523,0.048078464053335,0.0136598694080086,3.519686947017751,0.7738853503184714,0.3340000000000004,0.5934718100890206,0,0.4561691084968739,45.62,False,True,False
FLYE,2025-12-01 00:00:00,2025-12-01 10:52:00,0.2121212121212121,4.637253736076426,0.3636363636363636,129164.0,12,0.1212121212121212,5.372262773722629,0.2424242424242424,0.2307692307692307,0.1515151515151515,1.151046405823476,853266.0,1.1182572356197105,0.1513760070130533,0.1138339920948616,0.1783781842889537,0.6381609530819229,0.9393939393939394,0.0,0.4550898203592816,0,0.2756832960365556,27.57,False,True,False
TMDE,2026-03-05 00:00:00,2026-03-05 11:26:00,0.452991452991453,1.3889423392952116,0.5042735042735043,89715.0,5,0.2478632478632478,1.5831218064941437,0.2649572649572649,0.175438596491228,0.376068376068376,1.0030091185410337,4397448.0,1.0355681766816054,0.0204016056585546,0.0242431588836025,0.0208264996925296,1.1640534531253175,0.9572649572649572,0.5,0.1168831168831167,0,0.28938325141290255,28.94,False,True,False
LWLG,2026-03-12 00:00:00,2026-03-12 12:55:00,0.4757281553398058,1.371242965475036,0.558252427184466,226603.0,5,0.1553398058252427,3.487018800358103,0.2572815533980582,0.25,0.3058252427184466,1.0121649233433918,20384881.0,1.234452242150925,0.0111162287383477,0.0213903743315508,0.0112411883594422,1.9028570332231507,0.883495145631068,0.6868749999999973,0.1224489795918365,0,0.299740201276751,29.97,False,True,False
PLYX,2026-03-13 00:00:00,2026-03-13 14:21:00,0.494661921708185,1.083808179577937,0.4875444839857651,112659.0,129,0.1352313167259786,14.92385786802031,0.2597864768683274,0.1965811965811965,0.2740213523131672,1.0312499999999998,3620052.0,-1.389587269112223,0.0311208236787758,0.0954545454545454,0.0321204381715992,2.9717697169818167,0.7651245551601423,0.3174603174603164,0.4810810810810813,0,0.36578620981589693,36.58,False,True,False
CDIO,2026-02-18 00:00:00,2026-02-18 14:18:00,0.3857142857142857,1.5488544298239082,0.4,811335.0,2,0.2,4.671534400544959,0.2666666666666666,0.1780821917808219,0.3,1.0072992700729926,24814487.0,1.0977675012373125,0.0326960214813225,0.0489130434782609,0.0338011857776012,1.4470806971119283,0.7380952380952381,0.3703703703703684,0.0592105263157896,0,0.18535278150310444,18.54,False,True,False
MOBX,2026-03-06 00:00:00,2026-03-06 12:31:00,0.4725274725274725,1.26380423971912,0.4615384615384615,233990.6,179,0.1593406593406593,2.4392913634925555,0.2582417582417582,0.6666666666666666,0.3406593406593406,1.0185217391304346,8607874.299999997,1.1460586979179488,0.0271833198121863,0.0341500896439853,0.0279429006161143,1.2221383210407066,0.0769230769230769,0.7500000000000011,1.0,0,0.3930507720155646,39.31,False,True,False
LWLG,2026-03-13 00:00:00,2026-03-13 15:03:00,0.4640718562874251,1.2706495131293685,0.4341317365269461,133952.0,3,0.1526946107784431,4.556118270018336,0.2574850299401197,0.2905982905982906,0.3263473053892216,1.0105960264900662,7949385.0,1.1140216476342468,0.0168506117139879,0.0155439056356487,0.0171394214498416,0.9069095874173964,0.7305389221556886,0.674536256323779,0.0737704918032786,0,0.19516712166075303,19.52,False,True,False
HBIO,2025-10-30 00:00:00,2025-10-30 09:52:00,0.391304347826087,0.5375607115428377,0.4782608695652174,70222.3,21,0.217391304347826,10.381526104417688,0.217391304347826,0.0,0.3043478260869565,0.8338461538461538,691897.4000000001,-5.0586284594491175,0.1014923599944153,0.0852063066085206,0.1129565909910176,0.7543278870313666,0.0434782608695652,0.767716535433072,1.0,0,0.37424423157853737,37.42,False,True,False
RRGB,2026-02-26 00:00:00,2026-02-26 09:42:00,0.3846153846153846,2.6733737828005766,0.3846153846153846,76385.0,6,0.3076923076923077,0.8219178082191914,0.2307692307692307,1.25,0.6153846153846154,1.0108695652173914,568495.0,1.1593090498001966,0.1343635388174038,0.0258064516129032,0.1552193615248623,0.1662579420465512,0.9230769230769232,0.833333333333337,0.6250000000000009,0,0.3251087374752175,32.51,False,True,False
RECT,2026-04-13 00:00:00,2026-04-13 09:51:00,0.4090909090909091,1.5271939474239742,0.5454545454545454,1787488.0,13,0.3636363636363636,5.166629389398347,0.3636363636363636,1.25,0.3636363636363636,1.0260869565217392,14293905.0,-21.566349324413743,0.1250524611713873,0.1694915254237287,0.1429256676792402,1.1858718463649849,0.5909090909090909,0.1500000000000001,1.0,0,0.31926588927536104,31.93,False,True,False
FNKO,2026-02-20 00:00:00,2026-02-20 10:21:00,0.3461538461538461,1.5748535576203493,0.4230769230769231,40164.0,13,0.2115384615384615,1.0408163265306092,0.2884615384615384,0.3181818181818182,0.4038461538461538,1.008849557522124,1613653.0,1.1022575895335731,0.0248901095836589,0.012280701754386,0.0255254405972968,0.4811161518476022,1.0,0.8571428571428481,0.2526315789473679,0,0.3007303206544364,30.07,False,True,False
SER,2026-03-25 00:00:00,2026-03-25 10:41:00,0.375,1.3235383205591746,0.6111111111111112,41833.0,20,0.1805555555555555,1.9722222222222257,0.2777777777777778,0.1666666666666666,0.2916666666666667,1.0135593220338983,606009.0,1.156515248177193,0.0690303279324234,0.020066889632107,0.0741488471682595,0.2706298263352765,0.9861111111111112,0.8333333333333296,0.1842105263157902,0,0.3279765061676166,32.8,False,True,False
ZCMD,2026-02-04 00:00:00,2026-02-04 11:23:00,0.3103448275862069,1.1089961218947824,0.3793103448275862,150842.875,10,0.2068965517241379,0.922789433449419,0.3448275862068966,1.0,0.2758620689655172,1.0025537348371996,1890322.75,1.0361592983170922,0.0797974181922108,0.0891530460624071,0.0867172291947327,1.028089191620785,0.5862068965517241,0.3595238095238097,0.436584494462308,0,0.32275210343187277,32.28,False,True,False
SORA,2026-02-02 00:00:00,2026-02-02 15:19:00,0.3231707317073171,1.7395455219413616,0.2804878048780488,263478.0,16,0.0914634146341463,7.233848570387912,0.3048780487804878,0.4285714285714285,0.1768292682926829,1.019975,1995474.0,1.0996433680189552,0.1320378015448961,0.120100982867227,0.1521239079074085,0.7894944622401332,0.2804878048780488,0.8775510204081631,0.338095238095238,0,0.2983595683536444,29.84,False,True,False
ARTL,2026-03-27 00:00:00,2026-03-27 12:33:00,0.4117647058823529,1.3943533487449122,0.4607843137254901,444775.0,10,0.2941176470588235,3.42460827125609,0.2450980392156862,0.1363636363636363,0.2352941176470588,1.012993762993763,29257523.0,1.072389851706497,0.0152020729847841,0.0800410466906105,0.0154367434859042,5.185099225344937,1.0,0.3141025641025656,0.2646310432569972,0,0.26013991201112047,26.01,False,True,False
CAMP,2026-03-09 00:00:00,2026-03-09 13:51:00,0.2957746478873239,1.5491645792481337,0.380281690140845,123831.0,65,0.1619718309859155,4.534981439472065,0.2887323943661972,0.2615384615384615,0.2323943661971831,1.0411789772727271,2061800.0,1.1868762593358229,0.0600596566107284,0.064721210384862,0.0638973069228661,1.0128941813305283,0.8169014084507042,0.8220910623946027,0.5403157894736844,0,0.34128392789865025,34.13,False,True,False
SUNE,2026-03-20 00:00:00,2026-03-20 13:59:00,0.4324324324324324,1.132558356720558,0.4247104247104247,193661.0,143,0.1081081081081081,10.315249556125442,0.2548262548262548,0.1692307692307692,0.2741312741312741,1.0555682597758975,3128397.0,1.718350064018361,0.0619042276283988,0.0823223570190641,0.0659892405994951,1.2475118105798282,0.9498069498069498,0.5578947368421071,0.4221411192214109,0,0.41039853164331747,41.04,False,True,False
ANNA,2026-03-24 00:00:00,2026-03-24 09:40:00,0.2727272727272727,4.994374429195254,0.3636363636363636,1167105.0,3,0.5454545454545454,2.7083333333333317,0.1818181818181818,0.6666666666666666,0.5454545454545454,1.0149068322981365,7685873.0,1.1474604678029965,0.1518506746078161,0.0526315789473683,0.1790376647857386,0.2939693109288185,1.0,0.8372093023255807,0.3583333333333335,0,0.3028829535567748,30.29,False,True,False
AGPU,2026-04-01 00:00:00,2026-04-01 10:13:00,0.2682926829268293,1.7345243011750329,0.3414634146341463,249049.0,6,0.2195121951219512,1.4897314936331718,0.2439024390243902,0.5555555555555556,0.3414634146341463,1.0248091603053435,1933429.0,1.1343900240061051,0.1288120742990821,0.0799627560521415,0.1478579655422173,0.5408079014134014,0.7073170731707317,0.4876571960875628,0.4749999999999998,0,0.33368411712914026,33.37,False,True,False
VMAR,2025-12-16 00:00:00,2025-12-16 11:28:00,0.4563106796116505,1.6544203669823063,0.4757281553398058,86237.45,52,0.2427184466019417,7.976561803760799,0.2621359223300971,0.375,0.3009708737864077,1.080183486238532,2016834.6999999995,1.238865334802918,0.042758809137903,0.1698658060132495,0.0446687935559837,3.8027847293514943,0.4854368932038835,0.5499999999999998,0.679499835472195,0,0.4612076433152815,46.12,False,True,False
