symbol,original_bar_time,expected_confirmation_bar_time,highest_high_one_minute_bar_time,feature_total_volume,feature_entry_bar_price_action_pct_to_volume_pct,feature_distance_between_highest_high_to_entry_bar_high,feature_positive_bars_above_volume_average_pct,feature_volume_quality,feature_price_action_is_stuck_pct,feature_previous_historgam_to_current_histogram,feature_efficiency_balance,feature_trap_signal,feature_clean_move,feature_fake_momentum,feature_structure_adjusted_strength
ANTX,2026-03-12 00:00:00,2026-03-12 14:35:00,2026-03-12 13:08:00,916278.0,0.33806679656631583,0.4800000000000004,0.45454545454545453,0.3056937251191337,0.07042253521126761,0.563408666856539,0.31582555995011086,3.2712373417967404,0.314259275681364,0.7437453162061992,0.04960555122309577
TMDE,2026-03-05 00:00:00,2026-03-05 11:26:00,2026-03-05 04:08:00,4397448.0,1.1640534531253177,0.5,0.5932203389830508,0.665806336847078,0.1623931623931624,1.1401104851513217,1.001428338350457,0.936832572247942,0.9750191316776166,1.9622582274616664,0.3875170827597798
AGPU,2026-04-01 00:00:00,2026-04-01 10:26:00,2026-04-01 10:24:00,4550069.0,0.7873692774736968,0.464094319399786,0.8,1.3550017900563254,0.25925925925925924,0.5026453677518133,0.625263837993818,0.628056434302814,0.583236501832368,0.9842103665791626,0.4951360942320357
TMDE,2026-03-03 00:00:00,2026-03-03 10:21:00,2026-03-03 05:59:00,8859089.0,0.8839873500636882,0.3104518799586087,0.5,1.2075463585234494,0.1875,0.5192955024654916,0.7444104000536322,0.7709931099356143,0.7182397219267467,1.767971164185048,0.3313936305606027
DXST,2026-03-04 00:00:00,2026-03-04 11:27:00,2026-03-04 10:15:00,13675276.200000005,4.0039584282685,0.04669260700389143,0.5849056603773585,3.434855257736928,0.16101694915254236,0.7694693366273211,3.4486649236181237,0.2843361186652766,3.359253257615097,6.845465609308167,0.6421642486738485
VLN,2026-01-09 00:00:00,2026-01-09 12:30:00,2026-01-09 12:24:00,14724200.0,0.9676961540554347,0.7999999999999947,0.4519230769230769,0.5154916196140855,0.16574585635359115,0.4723656988070101,0.8301090231470791,1.939891982835045,0.80730452631144,2.141280368693763,0.39907140619868353
UCAR,2026-04-23 00:00:00,2026-04-23 10:15:00,2026-04-23 10:13:00,554741.0,0.22968451530167686,0.8181818181818182,0.7916666666666666,0.4866651944375417,0.15555555555555556,0.6485316071109912,0.19876544593414344,1.8679968312604482,0.193955812921416,0.29012744232534887,0.09145592124429526
RAYA,2026-04-10 00:00:00,2026-04-10 12:56:00,2026-04-10 11:01:00,20737548.000000004,7.150248637764079,0.5665722379603402,0.42424242424242425,4.170788511672922,0.12077294685990338,0.372072649677644,6.3797477069705355,0.1378805667177105,6.286692039000302,16.854117775737716,16.896416359201922
XWEL,2026-02-25 00:00:00,2026-02-25 11:42:00,2026-02-25 10:15:00,197998986.0,4.794118459062748,0.5833333333333334,0.4507042253521127,2.0923083072730653,0.128,0.6059377834739516,4.250105016899599,0.4779408075679371,4.180471296302716,10.636926730364289,5.8512847621364115
AGIG,2026-03-05 00:00:00,2026-03-05 13:57:00,2026-03-05 13:19:00,1800979.0,0.8773420710648613,0.6250000000000028,0.44554455445544555,0.5253548676210552,0.08433734939759036,-0.6068610075020245,0.8091043544264832,1.6655376934538095,0.8033493662762585,1.9691411176510691,0.2880724547516654
UCAR,2026-04-10 00:00:00,2026-04-10 11:10:00,2026-04-10 11:03:00,7244563.0,0.8784522593926399,0.5555555555555545,0.4423076923076923,0.8134976741561077,0.15841584158415842,0.011081930417478653,0.7583220358859541,1.0926740474543368,0.7392915054294494,1.9860614875313012,0.39701048326282723
EONR,2026-03-12 00:00:00,2026-03-12 10:05:00,2026-03-12 09:58:00,12743691.0,0.93413678184095,0.2,0.3333333333333333,0.37337294660476855,0.2222222222222222,2.0425193065095,0.7642937305971408,2.6568538298417184,0.7265508303207389,2.8024019383170353,0.06975628055357028
FUSE,2026-04-13 00:00:00,2026-04-13 10:58:00,2026-04-13 10:56:00,5781837.0,0.8587724930933902,0.20000000000000356,0.36363636363636365,0.35588454113992646,0.14606741573033707,0.8810045875473832,0.749321096914821,2.6918767110668758,0.7333338143269399,2.3616178615577037,0.06112477092962746
AIXI,2026-04-23 00:00:00,2026-04-23 09:53:00,2026-04-23 09:45:00,14857255.0,0.628183696814791,0.5,0.8461538461538461,0.43043509588217765,0.4166666666666667,2.4261573246549046,0.4434237859869113,2.3232252349805904,0.36644048980862803,0.742398037037982,0.1351961548850477
BIYA,2026-02-20 00:00:00,2026-02-20 10:49:00,2026-02-20 10:26:00,386425.0,0.5597297325037092,0.6521739130434783,0.65,1.2604397792569844,0.125,0.3379633791121368,0.49753754000329703,0.7933732520059282,0.4897635159407455,0.8611213405882593,0.46011236118296484
JXG,2025-12-09 00:00:00,2025-12-09 15:45:00,2025-12-09 15:39:00,382863.0,1.1062312257573563,0.7721749696233289,0.5666666666666667,1.1610467762633832,0.11538461538461539,0.6110214934985861,0.9917935127479746,0.7786154360021401,0.9785891612468921,1.9521693063318528,0.9917708737862411
CYCN,2026-04-01 00:00:00,2026-04-01 09:40:00,2026-04-01 09:30:00,21875763.0,0.895929589701736,0.638655462184874,0.7777777777777778,0.6417509968686026,0.45454545454545453,0.4166010279002819,0.6159515929199435,1.5582343411153388,0.4886888671100378,1.1519079914491,0.36720371223489673
NAMM,2026-02-25 00:00:00,2026-02-25 11:19:00,2026-02-25 11:02:00,1194705.0,0.36270179018289345,0.5800000000000004,0.3225806451612903,0.117070254547254,0.10909090909090909,0.2275926222619944,0.32702620426326456,6.833445179124616,0.3231343221629414,1.1243720640135713,0.024627722722844525
SKYQ,2026-04-06 00:00:00,2026-04-06 13:43:00,2026-04-06 04:02:00,5604910.0,1.3740522237626394,0.44398907103825225,0.4336283185840708,2.951284063644583,0.12749003984063745,0.0794083802772133,1.2186823610050266,0.3388354491128302,1.198874251012024,3.1687253718206376,1.8004726638619921
ACXP,2026-03-10 00:00:00,2026-03-10 14:43:00,2026-03-10 09:59:00,25298031.0,3.519686947017751,0.3340000000000004,0.4050632911392405,1.3364668632120966,0.14331210191082802,0.5087324007760368,3.0785005609013196,0.7477421349522854,3.015273212572532,8.689205698973504,1.571117621172173
SER,2026-03-19 00:00:00,2026-03-19 12:38:00,2026-03-19 09:31:00,69016454.0,5.155847993379085,0.7142857142857141,0.40540540540540543,2.2604681406802714,0.15873015873015872,0.547802533697283,4.449567446340855,0.2780712274542554,4.3374594230014525,12.71772701327511,8.324735805159804
LWLG,2026-03-12 00:00:00,2026-03-12 12:55:00,2026-03-12 10:06:00,20384881.0,1.9028570332231507,0.6868749999999973,0.4205607476635514,0.6161618055021979,0.1650485436893204,0.33069290714284993,1.6332856201832044,1.4200792261175874,1.5887932510406888,4.524560409486963,0.8053388374365358
TRT,2026-04-23 00:00:00,2026-04-23 11:35:00,2026-04-23 11:33:00,12713039.0,2.35938124690867,0.7163755784445448,0.4852941176470588,1.3542278813389161,0.16666666666666666,0.7173400632678635,2.022326783064574,0.6062624078624261,1.9661510390905583,4.861745278518503,2.288920170628132
CDIO,2026-02-18 00:00:00,2026-02-18 14:18:00,2026-02-18 14:16:00,24814487.0,1.4470806971119283,0.3703703703703684,0.5490196078431373,1.1633919330139701,0.1380952380952381,0.9014376945406903,1.271493499554414,0.6685426356878487,1.2472457437012334,2.635749326053311,0.6235266701630521
MOBX,2026-03-06 00:00:00,2026-03-06 12:31:00,2026-03-06 08:53:00,8607874.299999997,1.2221383210407066,0.7500000000000011,0.5108695652173914,0.8895920372950957,0.11538461538461539,0.8850283216609149,1.0957102188640817,0.8796156975095856,1.081122360920625,2.3922660733460903,0.8154033891532587
ANNA,2026-03-30 00:00:00,2026-03-30 15:57:00,2026-03-30 15:14:00,5691372.0,1.7708405988658202,0.6999999999999991,0.3953488372093023,0.72596752458506,0.14545454545454545,0.667737551322246,1.5459719513907955,0.8953556221621582,1.5132637844853372,4.479173714515327,0.8999009361953401
VMAR,2025-12-16 00:00:00,2025-12-16 10:17:00,2025-12-16 10:11:00,130636.17499999999,0.34346425596680447,0.9289693593314765,0.7666666666666667,1.116916334879832,0.22727272727272727,0.6349210986294296,0.2798597641210999,0.8953214072083401,0.2654041977925307,0.44799627126591285,0.35637200404423414
RECT,2026-04-13 00:00:00,2026-04-13 09:51:00,2026-04-13 08:46:00,14293905.0,1.1858718463649847,0.49975,0.6153846153846154,1.7113559569711088,0.2727272727272727,0.32367589080610776,0.9317564507153451,0.5843316298955403,0.8624522519018071,1.9270386189053441,1.014217062028402
LWLG,2026-03-13 00:00:00,2026-03-13 15:03:00,2026-03-13 15:00:00,7949385.0,0.9069095874173964,0.674536256323779,0.4591194968553459,0.34544810431982353,0.11676646706586827,0.7879771760131927,0.8120852605828696,2.8947824368193484,0.8010129589465028,1.9753193195012908,0.21132559714186416
MNTS,2026-04-16 00:00:00,2026-04-16 14:56:00,2026-04-16 04:15:00,3106673.0,1.0841486700761542,0.16666666666666666,0.39344262295081966,1.66823914500249,0.13125,0.13591467641062935,0.9583634652606887,0.5994340820748606,0.941854157128659,2.755537532785663,0.30143654173723833
RRGB,2026-02-26 00:00:00,2026-02-26 09:42:00,2026-02-26 09:36:00,568495.0,0.16625794204655125,0.833333333333337,1.0,0.12115407932710517,0.38461538461538464,0.9261913173667683,0.1200751803669537,4.814765807369911,0.10231257972095463,0.16625777578877549,0.016785689916224346
SST,2026-04-01 00:00:00,2026-04-01 11:17:00,2026-04-01 10:54:00,2062337.0,1.274839080347461,0.6799999999999997,0.39655172413793105,1.543657329689108,0.2222222222222222,0.184353291736875,1.0430501566479224,0.5182493979487808,0.9915415069369141,3.2148034870239344,1.3381819895756857
ZCMD,2026-02-04 00:00:00,2026-02-04 11:23:00,2026-02-04 11:21:00,1890322.75,1.028089191620785,0.4761904761904755,0.9333333333333333,0.8832952682367271,0.3448275862068966,-0.15709888170629346,0.7644765783846863,0.7574441816483618,0.6735756772687902,1.1015229536762479,0.43243158013521904
AGPU,2026-04-01 00:00:00,2026-04-01 10:13:00,2026-04-01 10:07:00,1933429.0,0.5408079014134014,0.4876571960875628,0.8260869565217391,0.6822219427078953,0.24390243902439024,0.4484322931339524,0.4347671364303815,1.1947572756361304,0.4089035352150108,0.6546614039629443,0.17992161850923571
TPET,2026-03-05 00:00:00,2026-03-05 12:02:00,2026-03-05 11:44:00,96514833.0,4.120484402830751,0.14285714285714285,0.525,1.7925150565042198,0.13725490196078433,6.53886578542935,3.623184561109799,0.5578750585644452,3.554927720089276,7.84852677010282,1.0551471903092742
CAMP,2026-03-09 00:00:00,2026-03-09 13:51:00,2026-03-09 12:38:00,2061800.0,1.0128941813305283,0.8220910623946027,0.5645161290322581,1.299607296173954,0.1056338028169014,-0.7490208982018958,0.9161208519040447,0.6071034092668732,0.9058983171054725,1.794266514227682,1.08217162866911
ARTL,2026-03-27 00:00:00,2026-03-27 12:33:00,2026-03-27 12:23:00,29257523.0,5.185099225344937,0.31410256410256565,0.4482758620689655,3.1663513516947197,0.14705882352941177,0.6493790946832071,4.520342914403279,0.26723300257501653,4.422584633382446,11.566734007670535,5.156887507059429
NXTT,2026-03-27 00:00:00,2026-03-27 11:54:00,2026-03-27 10:13:00,3384174.0,1.4477624579760786,0.8474576271186437,0.4027777777777778,0.754212776862372,0.11428571428571428,0.6817106254614083,1.2992740007477628,1.2748099123397274,1.282303891350241,3.5944357991344873,0.9253567319213822
VMAR,2025-12-16 00:00:00,2025-12-16 11:28:00,2025-12-16 11:22:00,2016834.6999999997,3.8027847293514943,0.75,0.625,4.362157997128358,0.21359223300970873,0.6500592493997246,3.1334946169856317,0.2033396766564259,2.9905394473540876,6.0844458318490595,12.441260863873666
SGMT,2026-04-27 00:00:00,2026-04-27 10:24:00,2026-04-27 07:49:00,16670247.0,0.9063511638230037,0.485714285714286,0.5925925925925926,0.7453945684156688,0.23636363636363636,0.7612038958773707,0.7330781472097825,0.996594525556516,0.6921227069193847,1.5294650079791179,0.3281433425155738
ANNA,2026-03-24 00:00:00,2026-03-24 09:40:00,2026-03-24 09:37:00,7685873.0,0.2939693109288185,0.8372093023255807,1.0,0.3175570222447865,0.36363636363636365,0.9123867652095058,0.21557749468113355,2.9293309977301587,0.1870713796819754,0.29396901695980154,0.0781551787059689
CJMB,2026-01-15 00:00:00,2026-01-15 11:26:00,2026-01-15 08:48:00,87517149.0,4.317933485462662,0.38226209736725997,0.44642857142857145,3.546539661042798,0.1504424778761062,-0.24377085344678698,3.753280645056006,0.25293483668414624,3.6683328726054474,9.672149341821838,5.8538556278098435
TMDE,2026-03-05 00:00:00,2026-03-05 13:23:00,2026-03-05 11:33:00,9946618.0,1.8218054413553624,0.5999999999999994,0.4915254237288136,1.61699868223351,0.14957264957264957,0.8405771413769346,1.5847675586511332,0.5359720698705194,1.5493131744859705,3.7064242193426704,1.767514198774474
EDSA,2026-03-17 00:00:00,2026-03-17 10:43:00,2026-03-17 10:02:00,2205327.0,0.8033277061383918,0.5333333333333312,0.5952380952380952,0.6662632936668138,0.125,0.47747690333525644,0.714069072123015,1.3758303955052948,0.7029117428710928,1.3495882790041893,0.2854548071389702
GNPX,2026-02-23 00:00:00,2026-02-23 10:25:00,2026-02-23 10:23:00,1102500.0,0.521056914522815,0.44444444444444553,0.35294117647058826,0.31542075260551733,0.16981132075471697,0.8208998296524347,0.4454196204791806,2.434130720014096,0.4325755516793181,1.4763237415640413,0.07304540627959796
SNBR,2026-04-28 00:00:00,2026-04-28 09:55:00,2026-04-28 09:31:00,8081985.0,0.7884416284894435,0.9357798165137613,0.46153846153846156,0.8548102892176948,0.15384615384615385,0.38488037872822506,0.6833160780241845,1.169848845720298,0.6671429164141446,1.7082864937730577,0.6306856667981082
SYNX,2026-03-06 00:00:00,2026-03-06 11:22:00,2026-03-06 11:20:00,28165107.0,1.3813775117968492,0.7647058823529409,0.49056603773584906,1.7348778231678919,0.20353982300884957,0.7028427325045362,1.1477621973017937,0.47468987503169785,1.1002121775373135,2.815879187832156,1.8326338669593851
PLYX,2026-03-13 00:00:00,2026-03-13 12:06:00,2026-03-13 11:55:00,1693184.0,0.7472466736093751,0.5555555555555559,0.4461538461538462,0.8076280065615585,0.1232876712328767,-0.7415558211616925,0.6652317947985901,0.9630384390094254,0.6551203713835617,1.6748594799566616,0.33527630078716425
MNTS,2026-04-15 00:00:00,2026-04-15 10:56:00,2026-04-15 09:35:00,4856909.0,0.7719561312364313,0.16666666666666666,0.4878048780487805,0.4040734735031943,0.1839080459770115,-0.023948169664235856,0.6520406157045584,2.165442405737818,0.6299871875607658,1.582506824895693,0.051987832556798744
RFIL,2026-03-17 00:00:00,2026-03-17 10:47:00,2026-03-17 10:10:00,481212.0,1.269405793655347,0.5370370370370363,0.375,0.20579581969348643,0.1095890410958904,0.003401054033735436,1.1440323819363003,4.85916158223144,1.1302928299670898,3.3850730895526864,0.140294699426665
SKYQ,2026-04-08 00:00:00,2026-04-08 13:16:00,2026-04-08 13:09:00,2848583.0,1.8995220132299517,0.9827556475254358,0.4336283185840708,1.532585010178826,0.11946902654867257,-0.15093391976782664,1.6968062252567948,0.44444613106302777,1.6725879674015947,4.380520255024403,2.8609775678095057
AIFF,2026-03-26 00:00:00,2026-03-26 11:42:00,2026-03-26 10:09:00,42753445.0,3.11297852609127,0.4009339559706467,0.4225352112676056,1.1910131679659837,0.11278195488721804,0.7792128686285207,2.797473945744182,0.6155723892101599,2.761890722396766,7.367365075651994,1.4865021001455592
SKYQ,2026-04-07 00:00:00,2026-04-07 09:51:00,2026-04-07 07:50:00,10482335.0,0.43644792648674496,0.3134328358208955,0.7692307692307693,1.1343172893767919,0.5,0.203172711491749,0.29096528432449664,0.6710585882106822,0.21822396324337248,0.5673815668367315,0.15517132846952064
TPET,2026-03-05 00:00:00,2026-03-05 11:15:00,2026-03-05 10:50:00,67122963.0,1.663355670187863,0.20040080160320725,0.5517241379310345,0.9759967485386062,0.1509433962264151,0.603340969922943,1.4452106642615858,0.9219279455774343,1.4122831161972422,3.0148266878421297,0.32533661839010325
SKYQ,2026-04-09 00:00:00,2026-04-09 09:47:00,2026-04-09 06:59:00,2817374.0,0.3354894775841817,0.9386153846153829,0.9230769230769231,0.4693667036036281,0.4444444444444444,0.8056239055055677,0.2322619460198181,1.933861875717882,0.18638304310232318,0.3634465403157781,0.14780150272819514
ANTX,2026-03-12 00:00:00,2026-03-12 13:00:00,2026-03-12 09:59:00,433223.0,0.8123451378173651,0.7688235294117632,0.4883720930232558,0.9219875682256653,0.06474820143884892,0.48098553835347807,0.7629457713284712,1.0367616105921322,0.7597472511960968,1.6633699714875203,0.5758273873272114
TPET,2026-03-05 00:00:00,2026-03-05 10:46:00,2026-03-05 10:42:00,45289081.0,1.4772960002935256,0.6666666666666666,0.5853658536585366,0.8338100182645323,0.16883116883116883,0.015028706716108465,1.2639088002511276,1.0314087738849669,1.227882389854359,2.523709689164054,0.8211894699912433
BATL,2026-04-21 00:00:00,2026-04-21 10:24:00,2026-04-21 10:12:00,1288491.0,0.18540120428724935,0.44444444444444114,0.4482758620689655,0.09815049852331283,0.14545454545454545,2.4210883183825866,0.1618581942190272,9.056294628835998,0.15843375639092216,0.4135863792557872,0.008087653612273756
UGRO,2026-03-30 00:00:00,2026-03-30 11:48:00,2026-03-30 10:15:00,4599061.0,1.7706076336091965,0.39743589743589613,0.4305555555555556,1.5090401006473486,0.1223021582733813,0.5416359506639605,1.5776568017415278,0.6074497681166109,1.5540584985634673,4.112369468685819,1.0619160970575112
CDIO,2026-02-25 00:00:00,2026-02-25 13:39:00,2026-02-25 13:09:00,8074180.0,1.5727716813396888,0.7407407407407401,0.40441176470588236,1.5841585627339683,0.12096774193548387,0.33441338770987794,1.40304811860519,0.4816200216891216,1.3825170424679523,3.8890258137215823,1.8455701675701972
SUNE,2026-03-20 00:00:00,2026-03-20 10:32:00,2026-03-20 10:00:00,1260391.0,0.3003730725532517,0.8340283569641382,0.41935483870967744,0.4039770154072842,0.12698412698412698,0.5413648128576543,0.2665282193078149,2.043893583075436,0.2622304601655372,0.7162725419001541,0.1012041846194983
CAST,2026-04-27 00:00:00,2026-04-27 13:22:00,2026-04-27 13:20:00,3309682.0,1.0227835837056176,0.9166666666666649,0.40336134453781514,0.8366153476743102,0.13793103448275862,0.4492172342119261,0.8988098159837246,0.9462720503458997,0.8817099859531186,2.5356446816510707,0.784370073187663
NRXP,2026-04-20 00:00:00,2026-04-20 09:55:00,2026-04-20 09:45:00,586020.0,0.44456344927396163,0.6000000000000018,0.6428571428571429,0.1272591666516228,0.15384615384615385,4.234276268930641,0.38528832270410013,7.85791835977647,0.3761690724625829,0.6915420675829462,0.033944864447025304
EDSA,2026-03-20 00:00:00,2026-03-20 09:43:00,2026-03-20 09:36:00,157206.0,0.20617691833311283,0.41379310344827314,1.0,0.13071436515319315,0.35714285714285715,0.4466567433365006,0.15191983456124103,7.254509528834826,0.13254230464271538,0.20617671215640068,0.01115184206447769
SORA,2026-02-02 00:00:00,2026-02-02 15:19:00,2026-02-02 15:03:00,1995474.0,0.7894944622401332,0.8775510204081631,0.5660377358490566,1.0789969236304993,0.10365853658536585,4.856948435426763,0.7153430486595681,0.7374567348906018,0.7076566216420707,1.3947710858619835,0.7475524515746533
AGPU,2026-04-07 00:00:00,2026-04-07 10:15:00,2026-04-07 10:00:00,481855.0,0.41721979546674964,0.8333333333333325,0.5,0.24335234748873652,0.10869565217391304,0.004421052428409999,0.3763158939504016,4.109251055386795,0.37186981769862465,0.8344379220576551,0.08460951387133661
FUSE,2026-04-13 00:00:00,2026-04-13 10:55:00,2026-04-13 09:59:00,5381605.0,2.65992515141081,0.4999999999999978,0.3333333333333333,0.6770619169964752,0.13953488372093023,0.3536886965883298,2.3342200308298944,1.1815740899662428,2.2887728047023246,7.979751514977886,0.9004670110406673
EPSM,2026-03-09 00:00:00,2026-03-09 13:34:00,2026-03-09 13:24:00,319511.0,0.7701317380008497,0.34615384615384703,0.6153846153846154,1.052621074945082,0.10101010101010101,0.33284631036394874,0.6994774501108635,0.9500085774395076,0.6923406533542992,1.2514620406255645,0.28061200312053947
TZOO,2026-04-23 00:00:00,2026-04-23 10:17:00,2026-04-23 09:34:00,1221903.0,0.42037713747979955,0.6296296296296303,0.43478260869565216,0.24228246300567763,0.16666666666666666,0.6825804029814699,0.360323260696971,2.5987313447590754,0.3503142812331663,0.9668651924135965,0.06412778297844442
ROLR,2026-04-22 00:00:00,2026-04-22 09:56:00,2026-04-22 09:37:00,417399.0,0.41614885525842,0.6713346670477272,0.5,0.18940170319230645,0.07407407407407407,0.09986680398076755,0.3874489342061152,4.021305777514999,0.38532301412816666,0.832296045924748,0.052914129843267994
RECT,2026-04-16 00:00:00,2026-04-16 09:57:00,2026-04-16 09:49:00,921252.0,0.2517288890173801,0.37515605493133497,0.8235294117647058,0.31534381087115726,0.25,0.6429269331316722,0.2013831112139041,2.280364536866644,0.18879666676303508,0.30567042263559124,0.02978031800788448
SST,2026-03-27 00:00:00,2026-03-27 11:30:00,2026-03-27 11:22:00,9382629.0,2.2472343390457508,0.8444444444444447,0.5333333333333333,3.600972267147923,0.17857142857142858,0.5037045830637144,1.9067442876751823,0.18445630471128313,1.845942492787581,4.213556485292372,6.833437427601716
INBS,2026-01-05 00:00:00,2026-01-05 10:00:00,2026-01-05 09:44:00,1706424.0,0.7655072896404183,0.5172413793103454,0.6666666666666666,0.6944690122243037,0.18518518518518517,5.902222563740373,0.645896775634103,1.0723467256605295,0.6237466804477483,1.1482592120718094,0.274976426527803
BIYA,2026-04-28 00:00:00,2026-04-28 10:25:00,2026-04-28 10:08:00,89185527.0,2.3603545368306817,0,0.5,1.9217098201834755,0.15384615384615385,-0.4096527907378651,2.045640598586591,0.26018482840839807,1.9972230696259614,4.720699632262098,0.0
PLYX,2026-03-13 00:00:00,2026-03-13 14:21:00,2026-03-13 12:12:00,3620052.0,2.9717697169818167,0.3174603174603164,0.40336134453781514,2.714684455642307,0.11743772241992882,0.07898490867036662,2.6594499696557024,0.3683668020991387,2.6227718498629558,7.367494158104821,2.5610847798219205
INBS,2026-01-05 00:00:00,2026-01-05 10:10:00,2026-01-05 10:00:00,2516477.0,0.869093060741814,0.5456389452332656,0.6818181818181818,1.1090434934882651,0.1891891891891892,-0.26545733705510555,0.7308282556237982,0.7434720747354687,0.7046700492501194,1.2746679529083296,0.5259206473502156
ONCO,2026-04-09 00:00:00,2026-04-09 10:56:00,2026-04-09 10:54:00,70085453.0,2.256318065899184,0.24999999999999814,0.4897959183673469,1.2238172595885652,0.1839080459770115,0.0835858541949557,1.9058220556624177,0.7490218906971058,1.8413630192970354,4.606639979320877,0.6903302480422228
ENVB,2026-04-27 00:00:00,2026-04-27 10:46:00,2026-04-27 09:50:00,2254472.0,0.8497689584376218,0.5277777777777772,0.425,0.9091906191888359,0.16883116883116883,-0.60068090502785,0.7270245533299653,0.854849743242955,0.7063014719481532,1.9994516682022438,0.40776214845271397
ELPW,2026-04-22 00:00:00,2026-04-22 09:54:00,2026-04-22 09:52:00,22473978.0,0.8733260602079576,0.3333333333333333,1.0,1.0405932104459665,0.42857142857142855,0.47952723073120224,0.6113282421455702,0.7367585356236955,0.49904346297597574,0.8733251868827707,0.30292572291930864
SKYX,2026-01-22 00:00:00,2026-01-22 09:40:00,2026-01-22 09:37:00,562675.0,0.2313394254891035,0.28571428571428664,0.7777777777777778,0.11496362260439794,0.18181818181818182,1.1704484978392853,0.19574874464462602,7.455709745530624,0.18927771176381195,0.2974360217825336,0.007598748115842177
QCLS,2026-01-23 00:00:00,2026-01-23 11:55:00,2026-01-23 11:52:00,7800970.0,0.8704276125561252,0.647352941176472,0.6444444444444445,1.025567066428315,0.1652892561983471,0.8005742153707227,0.7469627029736962,0.7241323936790477,0.7265552799022202,1.3506614408710618,0.5778802490639423
BIRD,2026-04-15 00:00:00,2026-04-15 09:46:00,2026-04-15 09:43:00,23811135.0,1.5754332156503819,0.4357142857142858,0.8888888888888888,0.7820075863205195,0.46153846153846156,0.9102855320887261,1.0779279896555243,1.068676610887946,0.8483101930425133,1.7723603737012592,0.5368003164941122
SXTP,2026-01-26 00:00:00,2026-01-26 13:21:00,2026-01-26 11:30:00,862382.0,0.6237650092041547,0.8333333333333336,0.40594059405940597,2.0123067691682577,0.12903225806451613,-0.006314282668613735,0.5524775795808228,0.4953774303937003,0.5432792015649089,1.536588066688412,1.0460054586598513
AGIG,2026-03-05 00:00:00,2026-03-05 11:20:00,2026-03-05 10:35:00,750962.0,0.7050332451597378,0.06666666666666825,0.4444444444444444,0.40936092063267965,0.09615384615384616,-0.09826562513909107,0.6431882236544976,2.3907125146230284,0.6372415869713014,1.5863212323866374,0.01924087055434952
TURB,2026-03-03 00:00:00,2026-03-03 10:27:00,2026-03-03 04:00:00,3326405.0,1.0620545815905669,0.6315789473684206,0.5151515151515151,0.7514366421106372,0.2413793103448276,0.565899646478286,0.8555439685035122,0.7354323871707271,0.8056965791376713,2.06163136227375,0.5040421443338733
ANNA,2026-03-24 00:00:00,2026-03-24 09:52:00,2026-03-24 09:43:00,12893492.0,0.6317665991070773,0.38888888888889106,0.6666666666666666,0.4453689146060885,0.21739130434782608,1.8736461449663728,0.5189511349808135,1.9334739120686375,0.49442603408379965,0.9476484771879002,0.10942135731671684
FUSE,2026-02-02 00:00:00,2026-02-02 09:40:00,2026-02-02 09:32:00,16896886.0,1.18906479789631,0.5245901639344264,1.0,0.9993608634535004,0.5454545454545454,0.6430384824455988,0.7693948692270242,0.5920171320303973,0.5404839990437773,1.1890636088327013,0.6233730219686918
ALDX,2026-03-23 00:00:00,2026-03-23 14:39:00,2026-03-23 11:28:00,4923725.0,0.746675966268206,0.14285714285715193,0.3333333333333333,0.48246553995457164,0.08387096774193549,0.7903917591486337,0.6888974688784043,2.072682594930124,0.6840515303876468,2.240021178741082,0.0514636318909592
LVLU,2026-01-12 00:00:00,2026-01-12 11:23:00,2026-01-12 11:21:00,2003917.0,1.7228380135921872,0.02040816326530497,0.7037037037037037,0.892923784651738,0.15384615384615385,0.6004610706630262,1.4931262784465624,1.1199151565604977,1.4577860115010814,2.4482400139215095,0.031395164070174106
