feature,impact,verdict,mutual_information,importance,is_highly_correlated
feature_volume_quality,0.016840675664204996,KEEP,0.016581947096538263,0.08468857986737015,False
feature_entry_bar_price_action_pct_to_volume_pct,0.01218911807147105,KEEP,0.005207854918874544,0.08645518790826826,True
feature_trap_signal,-0.0015533486121722673,REMOVE_HARMFUL,0.011834569150670049,0.09955817178346012,False
feature_distance_between_highest_high_to_entry_bar_high,-0.0018801459977931811,REMOVE_HARMFUL,0.0,0.07196386571223784,False
feature_structure_adjusted_strength,-0.011654358713182322,REMOVE_HARMFUL,0.0,0.11906576021689796,False
feature_fake_momentum,-0.011981156098803125,REMOVE_HARMFUL,0.02074949864929332,0.07212485107480385,True
feature_price_action_is_stuck_pct,-0.014396061454885145,REMOVE_HARMFUL,0.06991485993200208,0.08265838610503798,False
feature_clean_move,-0.017863509039979575,REMOVE_HARMFUL,0.07038211518242043,0.08803301196138949,True
feature_efficiency_balance,-0.01807995925642991,REMOVE_HARMFUL,0.0,0.08105568974211971,True
feature_positive_bars_above_volume_average_pct,-0.023092267209914308,REMOVE_HARMFUL,0.06367336952263392,0.10158398235275315,False
feature_total_volume,0.0017613105848398591,REMOVE_OR_TEST,0.035784506158790474,0.11281251327566141,False
