feature,mutual_information
feature_clean_move,0.07038211518242043
feature_price_action_is_stuck_pct,0.06991485993200208
feature_positive_bars_above_volume_average_pct,0.06367336952263392
feature_total_volume,0.035784506158790474
feature_fake_momentum,0.02074949864929332
feature_volume_quality,0.016581947096538263
feature_trap_signal,0.011834569150670049
feature_entry_bar_price_action_pct_to_volume_pct,0.005207854918874544
feature_distance_between_highest_high_to_entry_bar_high,0.0
feature_efficiency_balance,0.0
feature_structure_adjusted_strength,0.0
