feature,importance
feature_structure_adjusted_strength,0.11906576021689796
feature_total_volume,0.11281251327566141
feature_positive_bars_above_volume_average_pct,0.10158398235275315
feature_trap_signal,0.09955817178346012
feature_clean_move,0.08803301196138949
feature_entry_bar_price_action_pct_to_volume_pct,0.08645518790826826
feature_volume_quality,0.08468857986737015
feature_price_action_is_stuck_pct,0.08265838610503798
feature_efficiency_balance,0.08105568974211971
feature_fake_momentum,0.07212485107480385
feature_distance_between_highest_high_to_entry_bar_high,0.07196386571223784
