threshold,positive_pass_rate,false_positive_reject_rate,precision,balanced_score,trading_score,tp,fp,tn,fn,features,num_features,trial
0.55,0.39904761904761904,0.711111111111111,0.6200598421186656,0.5550793650793651,1.5197768652915713,8.2,5.2,12.8,12.4,"(np.str_('feature_entry_bar_price_action_to_total_price_pct'), np.str_('feature_entry_bar_lowest_wick_to_bar_body_pct'), np.str_('feature_entry_bar_price_action_pct_to_volume_pct'), np.str_('feature_entry_bar_volume'), np.str_('feature_current_histogram_vs_highest_histogram_in_the_last_30_minutes'), np.str_('feature_total_volume'), np.str_('feature_histogram_changed_directions_pct'), np.str_('feature_distance_between_highest_high_to_entry_bar_high'), np.str_('feature_bars_above_vwap_pct'), np.str_('feature_price_action_is_stuck_pct'), np.str_('feature_positive_vs_negative_volume'))",11,286
0.55,0.35952380952380947,0.7555555555555555,0.6526029526029526,0.5575396825396826,1.5155316905316905,7.4,4.4,13.6,13.2,"(np.str_('feature_entry_bar_price_action_to_total_price_pct'), np.str_('feature_entry_bar_price_action_pct_to_volume_pct'), np.str_('feature_entry_bar_volume'), np.str_('feature_total_volume'), np.str_('feature_positive_bars_above_volume_average_pct'), np.str_('feature_current_macd_to_previous'))",6,198
0.55,0.39904761904761904,0.7,0.622034632034632,0.5495238095238095,1.5036038961038962,8.2,5.4,12.6,12.4,"(np.str_('feature_distance_from_highest_high'), np.str_('feature_positive_bars_above_volume_average_pct'), np.str_('feature_entry_bar_price_action_to_total_price_pct'), np.str_('feature_distance_between_highest_high_to_entry_bar_high'), np.str_('feature_entry_bar_volume'), np.str_('feature_entry_bar_lowest_wick_to_bar_body_pct'), np.str_('feature_histogram_changed_directions_pct'), np.str_('feature_entry_bar_price_action_pct_to_volume_pct'), np.str_('feature_bars_above_vwap_pct'))",9,216
0.55,0.35809523809523813,0.7444444444444445,0.6173160173160173,0.5512698412698412,1.4871861471861472,7.4,4.6,13.4,13.2,"(np.str_('feature_entry_volume_vs_total_volume'), np.str_('feature_positive_bars_above_volume_average_pct'), np.str_('feature_entry_bar_price_action_pct_to_volume_pct'), np.str_('feature_current_macd_to_previous'), np.str_('feature_entry_point_size_to_bars_size_average'), np.str_('feature_current_histogram_vs_highest_histogram_in_the_last_30_minutes'), np.str_('feature_histogram_changed_directions_pct'))",7,290
0.55,0.39,0.7,0.6012320032908268,0.545,1.4803080008227067,8.0,5.4,12.6,12.6,"(np.str_('feature_entry_bar_volume'), np.str_('feature_distance_between_highest_high_to_entry_bar_high'), np.str_('feature_price_action_is_stuck_pct'), np.str_('feature_entry_bar_price_action_pct_to_volume_pct'), np.str_('feature_bars_with_rejection_since_market_open'), np.str_('feature_bars_above_vwap_pct'), np.str_('feature_entry_bar_lowest_wick_to_bar_body_pct'), np.str_('feature_current_macd_to_previous'), np.str_('feature_entry_volume_vs_total_volume'))",9,159
0.55,0.38857142857142857,0.7,0.6,0.5442857142857143,1.477142857142857,8.0,5.4,12.6,12.6,"(np.str_('feature_entry_bar_close_to_crossed_highest_high_pct'), np.str_('feature_entry_bar_price_action_to_total_price_pct'), np.str_('feature_entry_bar_price_action_pct_to_volume_pct'), np.str_('feature_entry_bar_lowest_wick_to_bar_body_pct'), np.str_('feature_entry_point_size_to_bars_size_average'), np.str_('feature_distance_from_highest_high'), np.str_('feature_overlapped_bars_since_market_open_pct'), np.str_('feature_bars_with_rejection_since_market_open'), np.str_('feature_volume_quality'), np.str_('feature_bars_above_vwap_pct'), np.str_('feature_current_macd_to_previous'))",11,259
0.55,0.379047619047619,0.711111111111111,0.6003663003663003,0.545079365079365,1.4748534798534798,7.8,5.2,12.8,12.8,"(np.str_('feature_positive_bars_above_volume_average_pct'), np.str_('feature_distance_between_highest_high_to_entry_bar_high'), np.str_('feature_distance_from_highest_high'), np.str_('feature_histogram_changed_directions_pct'), np.str_('feature_entry_bar_price_action_pct_to_volume_pct'), np.str_('feature_volume_quality'), np.str_('feature_total_volume'))",7,40
0.55,0.38,0.7,0.5983333333333334,0.54,1.4595833333333332,7.8,5.4,12.6,12.8,"(np.str_('feature_current_macd_to_previous'), np.str_('feature_entry_point_size_to_bars_size_average'), np.str_('feature_positive_vs_negative_volume'), np.str_('feature_bars_above_vwap_pct'), np.str_('feature_entry_bar_price_action_pct_to_volume_pct'), np.str_('feature_entry_bar_price_action_to_total_price_pct'), np.str_('feature_total_volume'), np.str_('feature_entry_bar_close_to_crossed_highest_high_pct'), np.str_('feature_distance_from_highest_high'), np.str_('feature_entry_bar_volume'), np.str_('feature_entry_bar_lowest_wick_to_bar_body_pct'))",11,86
0.55,0.36952380952380953,0.711111111111111,0.6103514132925898,0.5403174603174603,1.458302139037433,7.6,5.2,12.8,13.0,"(np.str_('feature_entry_bar_volume'), np.str_('feature_positive_vs_negative_volume'), np.str_('feature_volume_quality'), np.str_('feature_entry_bar_lowest_wick_to_bar_body_pct'), np.str_('feature_distance_between_highest_high_to_entry_bar_high'), np.str_('feature_entry_bar_price_action_pct_to_volume_pct'), np.str_('feature_price_action_is_stuck_pct'), np.str_('feature_entry_point_size_to_bars_size_average'), np.str_('feature_bars_with_rejection_since_market_open'), np.str_('feature_positive_bars_above_volume_average_pct'))",10,52
0.55,0.35952380952380947,0.7222222222222222,0.6146128707893415,0.5408730158730158,1.4560341700782877,7.4,5.0,13.0,13.2,"(np.str_('feature_entry_bar_price_action_to_total_price_pct'), np.str_('feature_volume_quality'), np.str_('feature_entry_bar_volume'), np.str_('feature_entry_bar_close_to_crossed_highest_high_pct'), np.str_('feature_distance_from_highest_high'), np.str_('feature_entry_bar_lowest_wick_to_bar_body_pct'), np.str_('feature_overlapped_bars_since_market_open_pct'), np.str_('feature_current_histogram_vs_highest_histogram_in_the_last_30_minutes'), np.str_('feature_entry_point_size_to_bars_size_average'), np.str_('feature_distance_between_highest_high_to_entry_bar_high'), np.str_('feature_bars_above_vwap_pct'), np.str_('feature_entry_bar_price_action_pct_to_volume_pct'), np.str_('feature_entry_volume_vs_total_volume'), np.str_('feature_histogram_changed_directions_pct'))",14,209
0.55,0.3604761904761905,0.7222222222222222,0.6030740501328736,0.5413492063492062,1.4550542268189326,7.4,5.0,13.0,13.2,"(np.str_('feature_current_macd_to_previous'), np.str_('feature_entry_volume_vs_total_volume'), np.str_('feature_entry_bar_volume'), np.str_('feature_entry_bar_price_action_to_total_price_pct'), np.str_('feature_entry_bar_lowest_wick_to_bar_body_pct'), np.str_('feature_entry_bar_price_action_pct_to_volume_pct'), np.str_('feature_distance_between_highest_high_to_entry_bar_high'))",7,128
0.55,0.369047619047619,0.711111111111111,0.5976923076923077,0.540079365079365,1.4541849816849817,7.6,5.2,12.8,13.0,"(np.str_('feature_current_macd_to_previous'), np.str_('feature_bars_with_at_least_50_pct_wick_pct'), np.str_('feature_entry_bar_price_action_to_total_price_pct'), np.str_('feature_total_volume'), np.str_('feature_entry_bar_price_action_pct_to_volume_pct'), np.str_('feature_distance_between_highest_high_to_entry_bar_high'), np.str_('feature_positive_vs_negative_volume'), np.str_('feature_current_histogram_vs_highest_histogram_in_the_last_30_minutes'))",8,282
0.55,0.35,0.7333333333333333,0.6040992340992342,0.5416666666666666,1.4510248085248085,7.2,4.8,13.2,13.4,"(np.str_('feature_overlapped_bars_since_market_open_pct'), np.str_('feature_histogram_changed_directions_pct'), np.str_('feature_entry_point_size_to_bars_size_average'), np.str_('feature_volume_quality'), np.str_('feature_current_histogram_vs_highest_histogram_in_the_last_30_minutes'), np.str_('feature_positive_bars_above_volume_average_pct'), np.str_('feature_entry_bar_price_action_to_total_price_pct'), np.str_('feature_positive_vs_negative_volume'), np.str_('feature_entry_bar_lowest_wick_to_bar_body_pct'))",9,68
0.55,0.33999999999999997,0.7444444444444445,0.6040584415584416,0.5422222222222223,1.447681277056277,7.0,4.6,13.4,13.6,"(np.str_('feature_entry_bar_volume'), np.str_('feature_entry_point_size_to_bars_size_average'), np.str_('feature_positive_bars_above_volume_average_pct'), np.str_('feature_distance_from_highest_high'), np.str_('feature_volume_quality'), np.str_('feature_current_macd_to_previous'))",6,129
0.55,0.3604761904761905,0.711111111111111,0.5898626373626373,0.5357936507936507,1.435084706959707,7.4,5.2,12.8,13.2,"(np.str_('feature_positive_vs_negative_volume'), np.str_('feature_entry_bar_price_action_pct_to_volume_pct'), np.str_('feature_entry_bar_price_action_to_total_price_pct'), np.str_('feature_overlapped_bars_since_market_open_pct'), np.str_('feature_bars_with_rejection_since_market_open'), np.str_('feature_entry_bar_lowest_wick_to_bar_body_pct'), np.str_('feature_distance_from_highest_high'))",7,161
0.55,0.36857142857142855,0.7,0.5858288770053476,0.5342857142857144,1.433600076394194,7.6,5.4,12.6,13.0,"(np.str_('feature_volume_quality'), np.str_('feature_entry_bar_close_to_crossed_highest_high_pct'), np.str_('feature_entry_bar_volume'), np.str_('feature_distance_from_highest_high'), np.str_('feature_current_macd_to_previous'), np.str_('feature_entry_bar_lowest_wick_to_bar_body_pct'))",6,276
0.55,0.32,0.7555555555555555,0.6030769230769231,0.5377777777777778,1.424102564102564,6.6,4.4,13.6,14.0,"(np.str_('feature_overlapped_bars_since_market_open_pct'), np.str_('feature_entry_volume_vs_total_volume'), np.str_('feature_histogram_changed_directions_pct'), np.str_('feature_entry_bar_price_action_pct_to_volume_pct'), np.str_('feature_entry_bar_close_to_crossed_highest_high_pct'), np.str_('feature_current_macd_to_previous'), np.str_('feature_entry_point_size_to_bars_size_average'), np.str_('feature_entry_bar_lowest_wick_to_bar_body_pct'), np.str_('feature_volume_quality'), np.str_('feature_positive_vs_negative_volume'), np.str_('feature_distance_from_highest_high'), np.str_('feature_current_histogram_vs_highest_histogram_in_the_last_30_minutes'))",12,294
0.55,0.31999999999999995,0.7555555555555555,0.5954545454545455,0.5377777777777777,1.4221969696969698,6.6,4.4,13.6,14.0,"(np.str_('feature_positive_vs_negative_volume'), np.str_('feature_distance_between_highest_high_to_entry_bar_high'), np.str_('feature_price_action_is_stuck_pct'), np.str_('feature_entry_volume_vs_total_volume'), np.str_('feature_volume_quality'), np.str_('feature_bars_with_at_least_50_pct_wick_pct'), np.str_('feature_entry_bar_price_action_to_total_price_pct'), np.str_('feature_entry_point_size_to_bars_size_average'), np.str_('feature_positive_bars_above_volume_average_pct'), np.str_('feature_entry_bar_volume'), np.str_('feature_bars_above_vwap_pct'), np.str_('feature_entry_bar_price_action_pct_to_volume_pct'), np.str_('feature_bars_with_rejection_since_market_open'), np.str_('feature_current_macd_to_previous'))",14,4
0.55,0.35857142857142854,0.7,0.6054590017825312,0.5292857142857142,1.4185076075884901,7.4,5.4,12.6,13.2,"(np.str_('feature_positive_vs_negative_volume'), np.str_('feature_entry_bar_price_action_to_total_price_pct'), np.str_('feature_distance_from_highest_high'), np.str_('feature_positive_bars_above_volume_average_pct'), np.str_('feature_bars_with_rejection_since_market_open'), np.str_('feature_bars_above_vwap_pct'), np.str_('feature_entry_bar_volume'), np.str_('feature_histogram_changed_directions_pct'))",8,215
0.55,0.3223809523809524,0.7444444444444445,0.6072222222222222,0.5334126984126983,1.4132341269841269,6.6,4.6,13.4,14.0,"(np.str_('feature_entry_bar_volume'), np.str_('feature_entry_point_size_to_bars_size_average'), np.str_('feature_positive_bars_above_volume_average_pct'), np.str_('feature_positive_vs_negative_volume'), np.str_('feature_price_action_is_stuck_pct'), np.str_('feature_entry_bar_price_action_pct_to_volume_pct'), np.str_('feature_entry_bar_close_to_crossed_highest_high_pct'), np.str_('feature_histogram_changed_directions_pct'), np.str_('feature_current_histogram_vs_highest_histogram_in_the_last_30_minutes'))",9,57
0.55,0.3495238095238095,0.711111111111111,0.581038961038961,0.5303174603174603,1.4109740259740258,7.2,5.2,12.8,13.4,"(np.str_('feature_entry_bar_lowest_wick_to_bar_body_pct'), np.str_('feature_distance_from_highest_high'), np.str_('feature_entry_volume_vs_total_volume'), np.str_('feature_entry_bar_price_action_to_total_price_pct'), np.str_('feature_histogram_changed_directions_pct'), np.str_('feature_entry_bar_price_action_pct_to_volume_pct'), np.str_('feature_current_histogram_vs_highest_histogram_in_the_last_30_minutes'), np.str_('feature_total_volume'), np.str_('feature_positive_bars_above_volume_average_pct'), np.str_('feature_bars_above_vwap_pct'))",10,272
0.55,0.34904761904761905,0.711111111111111,0.5833333333333333,0.530079365079365,1.410595238095238,7.2,5.2,12.8,13.4,"(np.str_('feature_entry_volume_vs_total_volume'), np.str_('feature_bars_above_vwap_pct'), np.str_('feature_total_volume'), np.str_('feature_current_macd_to_previous'), np.str_('feature_entry_bar_volume'), np.str_('feature_positive_vs_negative_volume'), np.str_('feature_positive_bars_above_volume_average_pct'), np.str_('feature_current_histogram_vs_highest_histogram_in_the_last_30_minutes'), np.str_('feature_volume_quality'), np.str_('feature_entry_bar_price_action_pct_to_volume_pct'))",10,78
0.55,0.34904761904761905,0.711111111111111,0.5812125782714018,0.530079365079365,1.410065049329755,7.2,5.2,12.8,13.4,"(np.str_('feature_entry_point_size_to_bars_size_average'), np.str_('feature_distance_from_highest_high'), np.str_('feature_overlapped_bars_since_market_open_pct'), np.str_('feature_positive_vs_negative_volume'), np.str_('feature_entry_bar_price_action_to_total_price_pct'), np.str_('feature_bars_with_at_least_50_pct_wick_pct'), np.str_('feature_distance_between_highest_high_to_entry_bar_high'))",7,165
0.55,0.3480952380952381,0.711111111111111,0.5866666666666667,0.5296031746031746,1.4095238095238094,7.2,5.2,12.8,13.4,"(np.str_('feature_bars_with_rejection_since_market_open'), np.str_('feature_bars_with_at_least_50_pct_wick_pct'), np.str_('feature_entry_point_size_to_bars_size_average'), np.str_('feature_distance_between_highest_high_to_entry_bar_high'), np.str_('feature_positive_bars_above_volume_average_pct'), np.str_('feature_entry_bar_price_action_to_total_price_pct'), np.str_('feature_histogram_changed_directions_pct'))",7,115
0.55,0.3504761904761905,0.7,0.5838383838383838,0.5252380952380953,1.3969119769119769,7.2,5.4,12.6,13.4,"(np.str_('feature_volume_quality'), np.str_('feature_current_histogram_vs_highest_histogram_in_the_last_30_minutes'), np.str_('feature_entry_point_size_to_bars_size_average'), np.str_('feature_entry_bar_price_action_pct_to_volume_pct'), np.str_('feature_histogram_changed_directions_pct'), np.str_('feature_total_volume'), np.str_('feature_entry_bar_volume'))",7,37
0.55,0.34904761904761905,0.7,0.5766515837104073,0.5245238095238095,1.39225813402284,7.2,5.4,12.6,13.4,"(np.str_('feature_distance_from_highest_high'), np.str_('feature_entry_bar_close_to_crossed_highest_high_pct'), np.str_('feature_positive_bars_above_volume_average_pct'), np.str_('feature_histogram_changed_directions_pct'), np.str_('feature_overlapped_bars_since_market_open_pct'), np.str_('feature_entry_point_size_to_bars_size_average'))",6,208
0.55,0.3314285714285714,0.7222222222222222,0.5787878787878789,0.5268253968253969,1.3908874458874458,6.8,5.0,13.0,13.8,"(np.str_('feature_entry_point_size_to_bars_size_average'), np.str_('feature_entry_bar_lowest_wick_to_bar_body_pct'), np.str_('feature_current_histogram_vs_highest_histogram_in_the_last_30_minutes'), np.str_('feature_price_action_is_stuck_pct'), np.str_('feature_current_macd_to_previous'), np.str_('feature_volume_quality'), np.str_('feature_positive_vs_negative_volume'), np.str_('feature_entry_bar_close_to_crossed_highest_high_pct'), np.str_('feature_entry_bar_price_action_pct_to_volume_pct'))",9,181
0.55,0.32999999999999996,0.7222222222222222,0.5785714285714285,0.5261111111111111,1.3879761904761905,6.8,5.0,13.0,13.8,"(np.str_('feature_entry_bar_price_action_to_total_price_pct'), np.str_('feature_total_volume'), np.str_('feature_current_histogram_vs_highest_histogram_in_the_last_30_minutes'), np.str_('feature_price_action_is_stuck_pct'), np.str_('feature_volume_quality'), np.str_('feature_overlapped_bars_since_market_open_pct'), np.str_('feature_entry_bar_price_action_pct_to_volume_pct'), np.str_('feature_entry_volume_vs_total_volume'), np.str_('feature_entry_point_size_to_bars_size_average'), np.str_('feature_positive_bars_above_volume_average_pct'), np.str_('feature_bars_with_rejection_since_market_open'), np.str_('feature_distance_between_highest_high_to_entry_bar_high'))",12,53
0.55,0.32999999999999996,0.7222222222222222,0.5779304029304029,0.5261111111111111,1.3878159340659342,6.8,5.0,13.0,13.8,"(np.str_('feature_entry_volume_vs_total_volume'), np.str_('feature_entry_bar_price_action_pct_to_volume_pct'), np.str_('feature_distance_from_highest_high'), np.str_('feature_entry_bar_lowest_wick_to_bar_body_pct'), np.str_('feature_positive_bars_above_volume_average_pct'), np.str_('feature_distance_between_highest_high_to_entry_bar_high'), np.str_('feature_positive_vs_negative_volume'))",7,91
0.55,0.319047619047619,0.7333333333333333,0.5815617715617716,0.5261904761904762,1.383485680985681,6.6,4.8,13.2,14.0,"(np.str_('feature_price_action_is_stuck_pct'), np.str_('feature_entry_bar_price_action_to_total_price_pct'), np.str_('feature_entry_bar_volume'), np.str_('feature_entry_bar_price_action_pct_to_volume_pct'), np.str_('feature_positive_bars_above_volume_average_pct'), np.str_('feature_distance_between_highest_high_to_entry_bar_high'))",6,230
0.55,0.3414285714285714,0.7,0.5801190476190475,0.5207142857142857,1.3778869047619047,7.0,5.4,12.6,13.6,"(np.str_('feature_total_volume'), np.str_('feature_volume_quality'), np.str_('feature_price_action_is_stuck_pct'), np.str_('feature_entry_bar_price_action_to_total_price_pct'), np.str_('feature_entry_volume_vs_total_volume'), np.str_('feature_entry_bar_lowest_wick_to_bar_body_pct'), np.str_('feature_entry_bar_price_action_pct_to_volume_pct'))",7,59
0.55,0.34095238095238095,0.7,0.5830252100840336,0.5204761904761904,1.3776610644257703,7.0,5.4,12.6,13.6,"(np.str_('feature_current_histogram_vs_highest_histogram_in_the_last_30_minutes'), np.str_('feature_total_volume'), np.str_('feature_entry_bar_lowest_wick_to_bar_body_pct'), np.str_('feature_overlapped_bars_since_market_open_pct'), np.str_('feature_distance_from_highest_high'), np.str_('feature_volume_quality'))",6,19
0.55,0.3414285714285714,0.7,0.5775737987502694,0.5207142857142857,1.3772505925447103,7.0,5.4,12.6,13.6,"(np.str_('feature_entry_bar_price_action_pct_to_volume_pct'), np.str_('feature_overlapped_bars_since_market_open_pct'), np.str_('feature_entry_bar_volume'), np.str_('feature_distance_between_highest_high_to_entry_bar_high'), np.str_('feature_entry_bar_close_to_crossed_highest_high_pct'), np.str_('feature_volume_quality'), np.str_('feature_current_macd_to_previous'))",7,170
0.55,0.3314285714285714,0.711111111111111,0.5771789321789321,0.5212698412698412,1.3738185425685425,6.8,5.2,12.8,13.8,"(np.str_('feature_entry_bar_volume'), np.str_('feature_entry_bar_price_action_pct_to_volume_pct'), np.str_('feature_distance_between_highest_high_to_entry_bar_high'), np.str_('feature_price_action_is_stuck_pct'), np.str_('feature_overlapped_bars_since_market_open_pct'), np.str_('feature_volume_quality'), np.str_('feature_current_histogram_vs_highest_histogram_in_the_last_30_minutes'), np.str_('feature_total_volume'))",8,232
0.55,0.3414285714285714,0.7,0.5615584415584415,0.5207142857142857,1.3732467532467532,7.0,5.4,12.6,13.6,"(np.str_('feature_entry_bar_close_to_crossed_highest_high_pct'), np.str_('feature_entry_point_size_to_bars_size_average'), np.str_('feature_entry_volume_vs_total_volume'), np.str_('feature_positive_vs_negative_volume'), np.str_('feature_bars_with_rejection_since_market_open'), np.str_('feature_distance_from_highest_high'), np.str_('feature_distance_between_highest_high_to_entry_bar_high'), np.str_('feature_total_volume'), np.str_('feature_price_action_is_stuck_pct'), np.str_('feature_current_macd_to_previous'), np.str_('feature_positive_bars_above_volume_average_pct'), np.str_('feature_entry_bar_volume'), np.str_('feature_bars_above_vwap_pct'), np.str_('feature_entry_bar_price_action_pct_to_volume_pct'))",14,186
0.55,0.32999999999999996,0.7111111111111111,0.5809523809523809,0.5205555555555555,1.3719047619047617,6.8,5.2,12.8,13.8,"(np.str_('feature_positive_bars_above_volume_average_pct'), np.str_('feature_positive_vs_negative_volume'), np.str_('feature_bars_with_rejection_since_market_open'), np.str_('feature_entry_volume_vs_total_volume'), np.str_('feature_bars_above_vwap_pct'), np.str_('feature_price_action_is_stuck_pct'), np.str_('feature_total_volume'), np.str_('feature_volume_quality'), np.str_('feature_current_macd_to_previous'), np.str_('feature_entry_bar_price_action_pct_to_volume_pct'), np.str_('feature_histogram_changed_directions_pct'))",11,64
0.55,0.32999999999999996,0.7111111111111111,0.5717171717171717,0.5205555555555555,1.3695959595959597,6.8,5.2,12.8,13.8,"(np.str_('feature_price_action_is_stuck_pct'), np.str_('feature_entry_point_size_to_bars_size_average'), np.str_('feature_entry_bar_volume'), np.str_('feature_entry_bar_price_action_to_total_price_pct'), np.str_('feature_current_macd_to_previous'), np.str_('feature_positive_bars_above_volume_average_pct'))",6,0
0.55,0.3395238095238095,0.7,0.5617948717948718,0.5197619047619048,1.3694963369963369,7.0,5.4,12.6,13.6,"(np.str_('feature_current_macd_to_previous'), np.str_('feature_entry_bar_volume'), np.str_('feature_entry_point_size_to_bars_size_average'), np.str_('feature_entry_bar_price_action_to_total_price_pct'), np.str_('feature_entry_bar_lowest_wick_to_bar_body_pct'), np.str_('feature_positive_vs_negative_volume'), np.str_('feature_entry_bar_close_to_crossed_highest_high_pct'))",7,124
0.55,0.32999999999999996,0.711111111111111,0.5658741258741259,0.5205555555555555,1.3681351981351981,6.8,5.2,12.8,13.8,"(np.str_('feature_bars_above_vwap_pct'), np.str_('feature_distance_between_highest_high_to_entry_bar_high'), np.str_('feature_current_histogram_vs_highest_histogram_in_the_last_30_minutes'), np.str_('feature_positive_bars_above_volume_average_pct'), np.str_('feature_current_macd_to_previous'), np.str_('feature_positive_vs_negative_volume'), np.str_('feature_entry_bar_volume'), np.str_('feature_entry_bar_price_action_to_total_price_pct'), np.str_('feature_distance_from_highest_high'), np.str_('feature_entry_bar_price_action_pct_to_volume_pct'), np.str_('feature_overlapped_bars_since_market_open_pct'), np.str_('feature_price_action_is_stuck_pct'))",12,67
0.55,0.32095238095238093,0.7222222222222222,0.5675213675213675,0.5215873015873016,1.367118437118437,6.6,5.0,13.0,14.0,"(np.str_('feature_distance_from_highest_high'), np.str_('feature_current_histogram_vs_highest_histogram_in_the_last_30_minutes'), np.str_('feature_entry_bar_lowest_wick_to_bar_body_pct'), np.str_('feature_positive_vs_negative_volume'), np.str_('feature_entry_volume_vs_total_volume'), np.str_('feature_total_volume'), np.str_('feature_entry_bar_price_action_to_total_price_pct'), np.str_('feature_entry_bar_price_action_pct_to_volume_pct'), np.str_('feature_bars_with_rejection_since_market_open'), np.str_('feature_distance_between_highest_high_to_entry_bar_high'), np.str_('feature_current_macd_to_previous'), np.str_('feature_positive_bars_above_volume_average_pct'))",12,172
0.55,0.3195238095238095,0.7222222222222221,0.5778088578088578,0.5208730158730159,1.3668331668331668,6.6,5.0,13.0,14.0,"(np.str_('feature_entry_bar_close_to_crossed_highest_high_pct'), np.str_('feature_positive_bars_above_volume_average_pct'), np.str_('feature_total_volume'), np.str_('feature_entry_volume_vs_total_volume'), np.str_('feature_distance_between_highest_high_to_entry_bar_high'), np.str_('feature_histogram_changed_directions_pct'), np.str_('feature_distance_from_highest_high'), np.str_('feature_entry_point_size_to_bars_size_average'))",8,258
0.55,0.3119047619047619,0.7333333333333333,0.567016317016317,0.5226190476190476,1.365563603063603,6.4,4.8,13.2,14.2,"(np.str_('feature_bars_with_rejection_since_market_open'), np.str_('feature_current_macd_to_previous'), np.str_('feature_entry_point_size_to_bars_size_average'), np.str_('feature_entry_bar_price_action_pct_to_volume_pct'), np.str_('feature_distance_between_highest_high_to_entry_bar_high'), np.str_('feature_volume_quality'), np.str_('feature_bars_above_vwap_pct'), np.str_('feature_total_volume'), np.str_('feature_price_action_is_stuck_pct'), np.str_('feature_overlapped_bars_since_market_open_pct'), np.str_('feature_positive_bars_above_volume_average_pct'))",11,297
0.55,0.3219047619047619,0.711111111111111,0.5792857142857143,0.5165079365079365,1.3552976190476191,6.6,5.2,12.8,14.0,"(np.str_('feature_bars_above_vwap_pct'), np.str_('feature_entry_point_size_to_bars_size_average'), np.str_('feature_entry_bar_price_action_pct_to_volume_pct'), np.str_('feature_current_histogram_vs_highest_histogram_in_the_last_30_minutes'), np.str_('feature_price_action_is_stuck_pct'), np.str_('feature_entry_volume_vs_total_volume'), np.str_('feature_positive_vs_negative_volume'), np.str_('feature_entry_bar_close_to_crossed_highest_high_pct'), np.str_('feature_entry_bar_volume'), np.str_('feature_volume_quality'), np.str_('feature_bars_with_rejection_since_market_open'), np.str_('feature_entry_bar_lowest_wick_to_bar_body_pct'))",12,28
0.55,0.3304761904761905,0.7,0.563444976076555,0.5152380952380952,1.3518136249715196,6.8,5.4,12.6,13.8,"(np.str_('feature_current_histogram_vs_highest_histogram_in_the_last_30_minutes'), np.str_('feature_total_volume'), np.str_('feature_entry_bar_lowest_wick_to_bar_body_pct'), np.str_('feature_entry_bar_price_action_pct_to_volume_pct'), np.str_('feature_bars_with_at_least_50_pct_wick_pct'), np.str_('feature_entry_bar_close_to_crossed_highest_high_pct'))",6,77
0.55,0.32904761904761903,0.7,0.5699197860962567,0.5145238095238096,1.3505751846193024,6.8,5.4,12.6,13.8,"(np.str_('feature_positive_bars_above_volume_average_pct'), np.str_('feature_entry_bar_volume'), np.str_('feature_positive_vs_negative_volume'), np.str_('feature_bars_with_rejection_since_market_open'), np.str_('feature_bars_with_at_least_50_pct_wick_pct'), np.str_('feature_volume_quality'), np.str_('feature_bars_above_vwap_pct'), np.str_('feature_distance_between_highest_high_to_entry_bar_high'), np.str_('feature_distance_from_highest_high'))",9,224
0.55,0.32904761904761903,0.7,0.5611111111111111,0.5145238095238095,1.3483730158730158,6.8,5.4,12.6,13.8,"(np.str_('feature_current_macd_to_previous'), np.str_('feature_bars_above_vwap_pct'), np.str_('feature_positive_bars_above_volume_average_pct'), np.str_('feature_histogram_changed_directions_pct'), np.str_('feature_entry_bar_close_to_crossed_highest_high_pct'), np.str_('feature_overlapped_bars_since_market_open_pct'), np.str_('feature_distance_between_highest_high_to_entry_bar_high'), np.str_('feature_volume_quality'), np.str_('feature_bars_with_rejection_since_market_open'), np.str_('feature_distance_from_highest_high'), np.str_('feature_entry_bar_price_action_pct_to_volume_pct'), np.str_('feature_entry_volume_vs_total_volume'), np.str_('feature_current_histogram_vs_highest_histogram_in_the_last_30_minutes'), np.str_('feature_entry_bar_price_action_to_total_price_pct'))",14,176
0.55,0.32904761904761903,0.7,0.5443589743589744,0.5145238095238096,1.3441849816849816,6.8,5.4,12.6,13.8,"(np.str_('feature_bars_with_rejection_since_market_open'), np.str_('feature_bars_with_at_least_50_pct_wick_pct'), np.str_('feature_distance_between_highest_high_to_entry_bar_high'), np.str_('feature_positive_bars_above_volume_average_pct'), np.str_('feature_price_action_is_stuck_pct'), np.str_('feature_histogram_changed_directions_pct'), np.str_('feature_entry_bar_price_action_to_total_price_pct'), np.str_('feature_current_macd_to_previous'), np.str_('feature_entry_bar_close_to_crossed_highest_high_pct'), np.str_('feature_positive_vs_negative_volume'), np.str_('feature_volume_quality'), np.str_('feature_entry_point_size_to_bars_size_average'))",12,240
0.55,0.31857142857142856,0.711111111111111,0.5569047619047619,0.5148412698412699,1.343035714285714,6.6,5.2,12.8,14.0,"(np.str_('feature_price_action_is_stuck_pct'), np.str_('feature_entry_bar_volume'), np.str_('feature_current_macd_to_previous'), np.str_('feature_bars_with_at_least_50_pct_wick_pct'), np.str_('feature_distance_between_highest_high_to_entry_bar_high'), np.str_('feature_entry_bar_price_action_to_total_price_pct'))",6,174
0.55,0.3119047619047619,0.711111111111111,0.5651937931349696,0.5115079365079366,1.3317746387599327,6.4,5.2,12.8,14.2,"(np.str_('feature_entry_bar_close_to_crossed_highest_high_pct'), np.str_('feature_current_macd_to_previous'), np.str_('feature_entry_bar_volume'), np.str_('feature_entry_bar_price_action_pct_to_volume_pct'), np.str_('feature_entry_volume_vs_total_volume'), np.str_('feature_price_action_is_stuck_pct'), np.str_('feature_bars_with_rejection_since_market_open'), np.str_('feature_entry_bar_lowest_wick_to_bar_body_pct'), np.str_('feature_positive_vs_negative_volume'), np.str_('feature_volume_quality'), np.str_('feature_bars_above_vwap_pct'), np.str_('feature_entry_point_size_to_bars_size_average'))",12,225
0.55,0.32142857142857145,0.7,0.5488059163059164,0.5107142857142857,1.3300586219336217,6.6,5.4,12.6,14.0,"(np.str_('feature_entry_bar_price_action_to_total_price_pct'), np.str_('feature_current_macd_to_previous'), np.str_('feature_positive_vs_negative_volume'), np.str_('feature_entry_point_size_to_bars_size_average'), np.str_('feature_current_histogram_vs_highest_histogram_in_the_last_30_minutes'), np.str_('feature_overlapped_bars_since_market_open_pct'), np.str_('feature_entry_bar_volume'), np.str_('feature_entry_bar_price_action_pct_to_volume_pct'))",8,237
0.55,0.31285714285714283,0.7111111111111111,0.5452380952380953,0.511984126984127,1.3286904761904763,6.4,5.2,12.8,14.2,"(np.str_('feature_price_action_is_stuck_pct'), np.str_('feature_current_macd_to_previous'), np.str_('feature_volume_quality'), np.str_('feature_current_histogram_vs_highest_histogram_in_the_last_30_minutes'), np.str_('feature_histogram_changed_directions_pct'), np.str_('feature_entry_bar_price_action_pct_to_volume_pct'), np.str_('feature_entry_point_size_to_bars_size_average'), np.str_('feature_bars_with_rejection_since_market_open'), np.str_('feature_entry_bar_lowest_wick_to_bar_body_pct'))",9,88
0.55,0.31999999999999995,0.7,0.5540909090909091,0.51,1.3285227272727274,6.6,5.4,12.6,14.0,"(np.str_('feature_entry_volume_vs_total_volume'), np.str_('feature_total_volume'), np.str_('feature_entry_bar_price_action_to_total_price_pct'), np.str_('feature_overlapped_bars_since_market_open_pct'), np.str_('feature_current_histogram_vs_highest_histogram_in_the_last_30_minutes'), np.str_('feature_entry_bar_close_to_crossed_highest_high_pct'), np.str_('feature_bars_with_at_least_50_pct_wick_pct'), np.str_('feature_entry_bar_lowest_wick_to_bar_body_pct'), np.str_('feature_entry_bar_price_action_pct_to_volume_pct'), np.str_('feature_histogram_changed_directions_pct'), np.str_('feature_positive_vs_negative_volume'), np.str_('feature_bars_above_vwap_pct'), np.str_('feature_entry_point_size_to_bars_size_average'))",13,189
0.55,0.31047619047619046,0.711111111111111,0.5634032634032634,0.5107936507936508,1.3284698634698635,6.4,5.2,12.8,14.2,"(np.str_('feature_entry_bar_lowest_wick_to_bar_body_pct'), np.str_('feature_entry_bar_price_action_pct_to_volume_pct'), np.str_('feature_current_histogram_vs_highest_histogram_in_the_last_30_minutes'), np.str_('feature_entry_bar_close_to_crossed_highest_high_pct'), np.str_('feature_volume_quality'), np.str_('feature_entry_bar_volume'), np.str_('feature_current_macd_to_previous'), np.str_('feature_entry_volume_vs_total_volume'), np.str_('feature_overlapped_bars_since_market_open_pct'), np.str_('feature_bars_with_at_least_50_pct_wick_pct'))",10,111
0.55,0.31999999999999995,0.7,0.5516317016317016,0.51,1.3279079254079253,6.6,5.4,12.6,14.0,"(np.str_('feature_histogram_changed_directions_pct'), np.str_('feature_entry_bar_lowest_wick_to_bar_body_pct'), np.str_('feature_entry_bar_volume'), np.str_('feature_current_macd_to_previous'), np.str_('feature_bars_with_rejection_since_market_open'), np.str_('feature_entry_volume_vs_total_volume'), np.str_('feature_positive_vs_negative_volume'), np.str_('feature_entry_bar_price_action_to_total_price_pct'), np.str_('feature_volume_quality'))",9,17
0.55,0.3119047619047619,0.7,0.5922379478107033,0.5059523809523809,1.3218690107621995,6.4,5.4,12.6,14.2,"(np.str_('feature_current_histogram_vs_highest_histogram_in_the_last_30_minutes'), np.str_('feature_total_volume'), np.str_('feature_positive_bars_above_volume_average_pct'), np.str_('feature_entry_bar_close_to_crossed_highest_high_pct'), np.str_('feature_entry_bar_volume'), np.str_('feature_price_action_is_stuck_pct'))",6,279
0.55,0.30142857142857143,0.711111111111111,0.5670238095238095,0.5062698412698412,1.3112797619047618,6.2,5.2,12.8,14.4,"(np.str_('feature_entry_bar_price_action_pct_to_volume_pct'), np.str_('feature_entry_volume_vs_total_volume'), np.str_('feature_overlapped_bars_since_market_open_pct'), np.str_('feature_distance_between_highest_high_to_entry_bar_high'), np.str_('feature_volume_quality'), np.str_('feature_entry_bar_volume'), np.str_('feature_bars_above_vwap_pct'))",7,33
0.55,0.310952380952381,0.7,0.551025641025641,0.5054761904761904,1.3096611721611722,6.4,5.4,12.6,14.2,"(np.str_('feature_positive_vs_negative_volume'), np.str_('feature_overlapped_bars_since_market_open_pct'), np.str_('feature_volume_quality'), np.str_('feature_distance_between_highest_high_to_entry_bar_high'), np.str_('feature_entry_bar_price_action_to_total_price_pct'), np.str_('feature_price_action_is_stuck_pct'), np.str_('feature_entry_point_size_to_bars_size_average'), np.str_('feature_current_histogram_vs_highest_histogram_in_the_last_30_minutes'), np.str_('feature_entry_volume_vs_total_volume'), np.str_('feature_entry_bar_price_action_pct_to_volume_pct'), np.str_('feature_histogram_changed_directions_pct'))",11,63
0.55,0.31142857142857144,0.7,0.5415909090909091,0.5057142857142857,1.3082548701298702,6.4,5.4,12.6,14.2,"(np.str_('feature_entry_bar_price_action_pct_to_volume_pct'), np.str_('feature_current_macd_to_previous'), np.str_('feature_entry_bar_price_action_to_total_price_pct'), np.str_('feature_total_volume'), np.str_('feature_current_histogram_vs_highest_histogram_in_the_last_30_minutes'), np.str_('feature_entry_volume_vs_total_volume'), np.str_('feature_volume_quality'), np.str_('feature_entry_bar_close_to_crossed_highest_high_pct'), np.str_('feature_price_action_is_stuck_pct'))",9,278
0.55,0.29238095238095235,0.7222222222222222,0.5555555555555556,0.5073015873015873,1.306984126984127,6.0,5.0,13.0,14.6,"(np.str_('feature_overlapped_bars_since_market_open_pct'), np.str_('feature_current_macd_to_previous'), np.str_('feature_volume_quality'), np.str_('feature_price_action_is_stuck_pct'), np.str_('feature_entry_bar_price_action_pct_to_volume_pct'), np.str_('feature_entry_bar_lowest_wick_to_bar_body_pct'))",6,173
0.55,0.31047619047619046,0.7,0.5436519036519036,0.5052380952380953,1.3068653568653568,6.4,5.4,12.6,14.2,"(np.str_('feature_positive_vs_negative_volume'), np.str_('feature_entry_bar_price_action_to_total_price_pct'), np.str_('feature_entry_bar_lowest_wick_to_bar_body_pct'), np.str_('feature_bars_with_rejection_since_market_open'), np.str_('feature_entry_bar_price_action_pct_to_volume_pct'), np.str_('feature_entry_point_size_to_bars_size_average'), np.str_('feature_entry_bar_volume'), np.str_('feature_current_histogram_vs_highest_histogram_in_the_last_30_minutes'), np.str_('feature_bars_with_at_least_50_pct_wick_pct'), np.str_('feature_entry_volume_vs_total_volume'), np.str_('feature_entry_bar_close_to_crossed_highest_high_pct'), np.str_('feature_histogram_changed_directions_pct'))",12,202
0.55,0.29095238095238096,0.7222222222222222,0.541880341880342,0.5065873015873016,1.3007081807081806,6.0,5.0,13.0,14.6,"(np.str_('feature_bars_with_at_least_50_pct_wick_pct'), np.str_('feature_entry_bar_price_action_pct_to_volume_pct'), np.str_('feature_positive_bars_above_volume_average_pct'), np.str_('feature_positive_vs_negative_volume'), np.str_('feature_entry_volume_vs_total_volume'), np.str_('feature_bars_with_rejection_since_market_open'), np.str_('feature_distance_between_highest_high_to_entry_bar_high'), np.str_('feature_entry_point_size_to_bars_size_average'))",8,210
0.55,0.30238095238095236,0.7,0.5429015429015429,0.5011904761904762,1.2904872904872904,6.2,5.4,12.6,14.4,"(np.str_('feature_entry_point_size_to_bars_size_average'), np.str_('feature_entry_bar_close_to_crossed_highest_high_pct'), np.str_('feature_positive_vs_negative_volume'), np.str_('feature_entry_bar_price_action_pct_to_volume_pct'), np.str_('feature_bars_above_vwap_pct'), np.str_('feature_current_histogram_vs_highest_histogram_in_the_last_30_minutes'), np.str_('feature_entry_bar_lowest_wick_to_bar_body_pct'), np.str_('feature_entry_bar_volume'), np.str_('feature_bars_with_rejection_since_market_open'), np.str_('feature_entry_volume_vs_total_volume'))",10,160
0.55,0.29095238095238096,0.7,0.5354895104895105,0.4954761904761905,1.2657771395271395,6.0,5.4,12.6,14.6,"(np.str_('feature_distance_between_highest_high_to_entry_bar_high'), np.str_('feature_entry_bar_close_to_crossed_highest_high_pct'), np.str_('feature_positive_vs_negative_volume'), np.str_('feature_overlapped_bars_since_market_open_pct'), np.str_('feature_entry_bar_price_action_to_total_price_pct'), np.str_('feature_current_macd_to_previous'), np.str_('feature_bars_with_at_least_50_pct_wick_pct'), np.str_('feature_price_action_is_stuck_pct'), np.str_('feature_volume_quality'))",9,149
0.55,0.27999999999999997,0.7111111111111111,0.5296536796536796,0.4955555555555556,1.2590800865800866,5.8,5.2,12.8,14.8,"(np.str_('feature_volume_quality'), np.str_('feature_distance_between_highest_high_to_entry_bar_high'), np.str_('feature_entry_bar_close_to_crossed_highest_high_pct'), np.str_('feature_bars_with_at_least_50_pct_wick_pct'), np.str_('feature_current_macd_to_previous'), np.str_('feature_entry_bar_volume'), np.str_('feature_overlapped_bars_since_market_open_pct'), np.str_('feature_distance_from_highest_high'))",8,273
0.55,0.2895238095238095,0.7,0.5116399286987522,0.4947619047619048,1.256957601222307,6.0,5.4,12.6,14.6,"(np.str_('feature_positive_bars_above_volume_average_pct'), np.str_('feature_entry_bar_volume'), np.str_('feature_current_histogram_vs_highest_histogram_in_the_last_30_minutes'), np.str_('feature_total_volume'), np.str_('feature_distance_from_highest_high'), np.str_('feature_entry_bar_price_action_to_total_price_pct'), np.str_('feature_entry_volume_vs_total_volume'), np.str_('feature_distance_between_highest_high_to_entry_bar_high'), np.str_('feature_current_macd_to_previous'), np.str_('feature_bars_with_rejection_since_market_open'), np.str_('feature_bars_with_at_least_50_pct_wick_pct'))",11,201
0.55,0.27285714285714285,0.711111111111111,0.5251948051948052,0.4919841269841269,1.2436796536796535,5.6,5.2,12.8,15.0,"(np.str_('feature_entry_volume_vs_total_volume'), np.str_('feature_entry_bar_price_action_to_total_price_pct'), np.str_('feature_entry_bar_price_action_pct_to_volume_pct'), np.str_('feature_volume_quality'), np.str_('feature_current_macd_to_previous'), np.str_('feature_distance_between_highest_high_to_entry_bar_high'), np.str_('feature_bars_with_rejection_since_market_open'))",7,287
0.55,0.2719047619047619,0.711111111111111,0.5223193473193473,0.49150793650793656,1.2410560273060274,5.6,5.2,12.8,15.0,"(np.str_('feature_positive_vs_negative_volume'), np.str_('feature_histogram_changed_directions_pct'), np.str_('feature_entry_volume_vs_total_volume'), np.str_('feature_entry_bar_price_action_to_total_price_pct'), np.str_('feature_entry_bar_price_action_pct_to_volume_pct'), np.str_('feature_current_histogram_vs_highest_histogram_in_the_last_30_minutes'))",6,94
0.55,0.2619047619047619,0.711111111111111,0.5124902874902875,0.48650793650793644,1.2185987623487624,5.4,5.2,12.8,15.2,"(np.str_('feature_entry_bar_price_action_to_total_price_pct'), np.str_('feature_current_histogram_vs_highest_histogram_in_the_last_30_minutes'), np.str_('feature_distance_between_highest_high_to_entry_bar_high'), np.str_('feature_entry_volume_vs_total_volume'), np.str_('feature_bars_with_rejection_since_market_open'), np.str_('feature_positive_vs_negative_volume'), np.str_('feature_positive_bars_above_volume_average_pct'), np.str_('feature_price_action_is_stuck_pct'), np.str_('feature_entry_bar_price_action_pct_to_volume_pct'))",9,44
0.55,0.26285714285714284,0.7,0.5033333333333333,0.48142857142857143,1.201547619047619,5.4,5.4,12.6,15.2,"(np.str_('feature_entry_bar_price_action_to_total_price_pct'), np.str_('feature_price_action_is_stuck_pct'), np.str_('feature_entry_bar_volume'), np.str_('feature_entry_volume_vs_total_volume'), np.str_('feature_total_volume'), np.str_('feature_bars_with_at_least_50_pct_wick_pct'), np.str_('feature_positive_vs_negative_volume'), np.str_('feature_bars_with_rejection_since_market_open'), np.str_('feature_current_histogram_vs_highest_histogram_in_the_last_30_minutes'), np.str_('feature_distance_from_highest_high'), np.str_('feature_entry_bar_close_to_crossed_highest_high_pct'))",11,107
