symbol,original_bar_time,expected_confirmation_bar_time,highest_high_one_minute_bar_time,feature_total_volume,feature_structure_volume_confirmation,label,probability,score,model_pass,rules_pass,pass_recommended
TURB,2026-03-03 00:00:00,2026-03-03 14:07:00,2026-03-03 14:04:00,12505401.0,196.18371159259252,1,0.5599665807725449,56.0,True,True,True
BAOS,2025-05-12 00:00:00,2025-05-12 12:20:00,2025-05-12 12:18:00,1365306.0,2.7791661075410232,1,0.8181883010362122,81.82,True,True,True
TORO,2026-04-22 00:00:00,2026-04-22 11:45:00,2026-04-22 10:38:00,2081621.0,3.700230136605217,1,0.49284788713553007,49.28,False,True,False
SKLZ,2026-04-23 00:00:00,2026-04-23 12:31:00,2026-04-23 12:26:00,1725851.0,0.9250751487294876,1,0.6859094012136913,68.59,True,True,True
ASTI,2026-01-22 00:00:00,2026-01-22 10:48:00,2026-01-22 09:57:00,499165.0,0.9809516888543992,1,0.6027592212775587,60.28,True,True,True
GITS,2026-01-21 00:00:00,2026-01-21 10:02:00,2026-01-21 09:53:00,4215883.0,1.6725254759150323,1,0.7338044947896563,73.38,True,True,True
CDIO,2026-02-25 00:00:00,2026-02-25 11:46:00,2026-02-25 10:12:00,3098719.0,4.377037524115538,1,0.48411269830880854,48.41,False,True,False
AFJK,2025-12-09 00:00:00,2025-12-09 14:14:00,2025-12-09 12:58:00,3534829.0,295.3115301693606,1,0.5588967753158787,55.89,True,True,True
BAOS,2025-09-03 00:00:00,2025-09-03 11:12:00,2025-09-03 07:57:00,2257980.0,5.629876182197464,1,0.3907141054128374,39.07,False,True,False
MOBX,2026-03-03 00:00:00,2026-03-03 11:20:00,2026-03-03 11:14:00,27398235.49999999,55.414754044814266,1,0.8019038132979738,80.19,True,True,True
BCG,2024-12-26 00:00:00,2024-12-26 12:36:00,2024-12-26 12:34:00,996177.0,0.9035222193962884,1,0.6629961483961256,66.3,True,True,True
CYCU,2026-04-15 00:00:00,2026-04-15 13:01:00,2026-04-15 12:59:00,1119314.0,1.8561426506074672,1,0.7546080231539675,75.46,True,True,True
MBAI,2026-01-26 00:00:00,2026-01-26 11:13:00,2026-01-26 11:02:00,35064346.0,41.14004322333505,1,0.7908055120496843,79.08,True,True,True
ANNA,2026-03-20 00:00:00,2026-03-20 10:55:00,2026-03-20 10:29:00,21666156.0,39.03014604158232,1,0.787404775067974,78.74,True,True,True
DRMA,2026-01-26 00:00:00,2026-01-26 12:17:00,2026-01-26 09:36:00,1432480.0,2.4525079192057437,1,0.6400631308269661,64.01,True,True,True
UGRO,2026-03-23 00:00:00,2026-03-23 14:27:00,2026-03-23 09:47:00,60943670.0,1071.5927811924923,1,0.5659060789443457,56.59,True,True,True
AHMA,2026-01-15 00:00:00,2026-01-15 10:31:00,2026-01-15 10:11:00,430862.0,2.9048489796047603,1,0.5216619788400094,52.17,False,True,False
AKAN,2026-04-30 00:00:00,2026-04-30 10:57:00,2026-04-30 10:24:00,1378989.0,5.319857151629872,1,0.7543210192875192,75.43,True,True,True
AGIG,2025-06-17 00:00:00,2025-06-17 10:45:00,2025-06-17 09:42:00,3348264.0,4.92842527438569,1,0.5395211507800194,53.95,False,True,False
AMCI,2025-12-24 00:00:00,2025-12-24 10:29:00,2025-12-24 10:01:00,1770088.0,8.817330315830798,1,0.4812918068456406,48.13,False,True,False
EDSA,2026-03-06 00:00:00,2026-03-06 11:12:00,2026-03-06 10:58:00,1373957.0,2.1949019643093495,1,0.6614691003190064,66.15,True,True,True
BATL,2026-03-05 00:00:00,2026-03-05 10:10:00,2026-03-05 09:43:00,4325634.0,2.3572578548686,1,0.5680066764705747,56.8,True,True,True
AGIG,2025-01-21 00:00:00,2025-01-21 11:44:00,2025-01-21 11:42:00,669751.5000000003,1.5734807311735837,1,0.7639817970339418,76.4,True,True,True
BNAI,2026-01-23 00:00:00,2026-01-23 10:32:00,2026-01-23 10:24:00,3632213.0,3.001164965272495,1,0.763512567835594,76.35,True,True,True
AQMS,2025-10-14 00:00:00,2025-10-14 15:10:00,2025-10-14 15:03:00,21256185.0,280.3384406770523,1,0.6562862173311982,65.63,True,True,True
RDAC,2026-04-29 00:00:00,2026-04-29 10:53:00,2026-04-29 10:17:00,1508024.0,7.895063754082694,1,0.7882445635066698,78.82,True,True,True
ANRO,2025-10-20 00:00:00,2025-10-20 10:02:00,2025-10-20 10:00:00,3066394.0,5.391230784801012,1,0.4228508395518827,42.29,False,True,False
AKAN,2026-04-22 00:00:00,2026-04-22 14:15:00,2026-04-22 12:54:00,15155044.0,106.75116609880814,1,0.7475728883909086,74.76,True,True,True
AEHL,2026-02-26 00:00:00,2026-02-26 11:36:00,2026-02-26 10:36:00,15337988.84258301,152.977712582126,1,0.7789873496495529,77.9,True,True,True
ACRV,2025-09-08 00:00:00,2025-09-08 14:35:00,2025-09-08 11:07:00,14110011.0,78.03542581607643,1,0.6343074795126943,63.43,True,True,True
TPET,2026-03-05 00:00:00,2026-03-05 13:39:00,2026-03-05 13:30:00,169519993.0,63.50533560773321,1,0.6990304814155999,69.9,True,True,True
BENF,2025-09-30 00:00:00,2025-09-30 12:19:00,2025-09-30 11:56:00,27696309.875,130.51866173807812,1,0.6075043494879236,60.75,True,True,True
AGRZ,2026-03-12 00:00:00,2026-03-12 10:00:00,2026-03-12 09:55:00,1366871.0,1.007863482030115,1,0.5358287072315684,53.58,False,True,False
PHIO,2026-02-13 00:00:00,2026-02-13 10:56:00,2026-02-13 10:43:00,2031092.0,1.5759355563781183,1,0.7063566837962282,70.64,True,True,True
AQMS,2025-10-13 00:00:00,2025-10-13 10:58:00,2025-10-13 10:36:00,1284919.0,7.021443927299183,1,0.7707311401408333,77.07,True,True,True
GCTS,2026-01-29 00:00:00,2026-01-29 11:07:00,2026-01-29 08:13:00,39189151.0,40.98133145149941,1,0.7822981439295777,78.23,True,True,True
EPSM,2025-11-20 00:00:00,2025-11-20 11:06:00,2025-11-20 10:42:00,1267122.0,30.855746758905525,1,0.7574465545060797,75.74,True,True,True
SWMR,2026-04-02 00:00:00,2026-04-02 10:22:00,2026-04-02 10:01:00,1166742.0,2.8335178788009427,1,0.853107227015485,85.31,True,True,True
BGL,2026-01-22 00:00:00,2026-01-22 14:07:00,2026-01-22 11:48:00,4515899.0,24.289237708174717,1,0.6329796232794415,63.3,True,True,True
AIRI,2024-08-22 00:00:00,2024-08-22 10:17:00,2024-08-22 10:14:00,23059654.0,56.115112774321254,1,0.7659933348062448,76.6,True,True,True
ASPC,2025-12-26 00:00:00,2025-12-26 12:25:00,2025-12-26 12:07:00,1594948.0,34.003303377027535,1,0.6616108915685637,66.16,True,True,True
PLYX,2026-03-10 00:00:00,2026-03-10 13:39:00,2026-03-10 13:36:00,1656218.0,2.1669390941065054,1,0.6104744293429124,61.05,True,True,True
ARAI,2026-04-14 00:00:00,2026-04-14 14:29:00,2026-04-14 12:29:00,40166185.0,46.90356803462763,1,0.7450401994511704,74.5,True,True,True
AIFF,2025-02-11 00:00:00,2025-02-11 10:54:00,2025-02-11 10:49:00,57888748.0,41.20396846511806,1,0.7668613287523673,76.69,True,True,True
AIRE,2025-10-23 00:00:00,2025-10-23 11:03:00,2025-10-23 10:46:00,1234419.960000001,5.275192201188838,1,0.7294741064247243,72.95,True,True,True
TURB,2026-03-09 00:00:00,2026-03-09 09:46:00,2026-03-09 04:00:00,1124006.0,0.7444037480236741,1,0.6378639401065567,63.79,True,True,True
SVCO,2026-03-13 00:00:00,2026-03-13 13:14:00,2026-03-13 13:12:00,4420004.0,10.844409121539954,1,0.3506439426088221,35.06,False,True,False
NXTT,2026-03-25 00:00:00,2026-03-25 15:04:00,2026-03-25 08:16:00,27139761.0,51.8974794374121,1,0.7806479863303817,78.06,True,True,True
FEED,2026-01-29 00:00:00,2026-01-29 09:40:00,2026-01-29 09:35:00,7118541.0,0.6825075372706906,1,0.6348475780784141,63.48,True,True,True
AGIG,2025-06-12 00:00:00,2025-06-12 11:56:00,2025-06-12 04:13:00,894131.0,7.92115707042059,1,0.7701767715638103,77.02,True,True,True
DXST,2026-03-06 00:00:00,2026-03-06 10:36:00,2026-03-06 10:15:00,6665408.399999999,30.25442617497116,1,0.5384618815348596,53.85,False,True,False
ANTX,2026-03-09 00:00:00,2026-03-09 11:50:00,2026-03-09 11:47:00,11119918.0,15.551946524859826,1,0.43216964053665086,43.22,False,True,False
ANTX,2026-03-09 00:00:00,2026-03-09 11:57:00,2026-03-09 11:53:00,13202187.0,21.49323593636063,1,0.6105815861092495,61.06,True,True,True
ARTV,2025-12-15 00:00:00,2025-12-15 13:22:00,2025-12-15 11:16:00,21276870.0,57.88027219731797,1,0.8143652385764822,81.44,True,True,True
BDMD,2025-01-17 00:00:00,2025-01-17 10:56:00,2025-01-17 10:54:00,790479.0,1.760071921313725,1,0.7691641778152516,76.92,True,True,True
INFQ,2026-04-17 00:00:00,2026-04-17 11:27:00,2026-04-17 10:30:00,10378390.0,4.484414493782391,1,0.5051515480406568,50.52,False,True,False
ELAB,2026-03-31 00:00:00,2026-03-31 15:06:00,2026-03-31 12:39:00,20238423.0,110.47630316504448,1,0.7754820733864162,77.55,True,True,True
BCG,2025-02-27 00:00:00,2025-02-27 12:04:00,2025-02-27 11:57:00,18107403.0,23.529886314765623,1,0.7790058233583518,77.9,True,True,True
AUST,2026-01-23 00:00:00,2026-01-23 12:45:00,2026-01-23 12:40:00,7608955.0,3.885891096514337,1,0.5287693020044414,52.88,False,True,False
VELO,2026-04-21 00:00:00,2026-04-21 10:15:00,2026-04-21 10:13:00,2398201.0,1.8199175338118097,1,0.6587329699904474,65.87,True,True,True
ABTC,2025-05-15 00:00:00,2025-05-15 09:51:00,2025-05-15 04:19:00,636019.7999999998,1.113854030359092,1,0.6284049308565663,62.84,True,True,True
NCI,2026-02-11 00:00:00,2026-02-11 11:00:00,2026-02-11 10:48:00,5281401.0,6.460893578706863,1,0.41885039148764025,41.89,False,True,False
ARTV,2025-12-15 00:00:00,2025-12-15 14:53:00,2025-12-15 13:50:00,31060397.0,66.11213314846347,1,0.7543666962735378,75.44,True,True,True
DXST,2026-03-10 00:00:00,2026-03-10 10:22:00,2026-03-10 10:17:00,1466770.0000000002,1.5814131043969308,1,0.6888870112977673,68.89,True,True,True
EDSA,2026-02-27 00:00:00,2026-02-27 10:53:00,2026-02-27 10:51:00,6676932.0,16.484093385297626,1,0.4595232627570505,45.95,False,True,False
AWX,2025-10-14 00:00:00,2025-10-14 14:50:00,2025-10-14 14:45:00,1615067.0,27.91519599224014,1,0.5653951566429731,56.54,True,True,True
RBNE,2026-03-24 00:00:00,2026-03-24 10:00:00,2026-03-24 09:27:00,22952834.0,23.17023519452812,1,0.6987528328658595,69.88,True,True,True
ACRV,2025-09-08 00:00:00,2025-09-08 14:45:00,2025-09-08 14:39:00,16788279.0,40.64274357005152,1,0.8388357698609371,83.88,True,True,True
SST,2026-04-20 00:00:00,2026-04-20 10:09:00,2026-04-20 09:58:00,1268273.0,2.096563546936782,1,0.662764222411117,66.28,True,True,True
AIFF,2025-02-11 00:00:00,2025-02-11 12:03:00,2025-02-11 11:22:00,100684808.0,250.87617697417417,1,0.6657568126104304,66.58,True,True,True
AMTD,2025-10-31 00:00:00,2025-10-31 10:08:00,2025-10-31 10:06:00,455858.0,3.5371555668009957,1,0.5979029955707338,59.79,True,True,True
EVTV,2026-03-18 00:00:00,2026-03-18 13:34:00,2026-03-18 12:57:00,1579772.0,3.137192254592207,1,0.7218272765391944,72.18,True,True,True
NAMM,2026-02-25 00:00:00,2026-02-25 13:29:00,2026-02-25 11:22:00,1972596.0,1.885132780588581,1,0.6719938774843647,67.2,True,True,True
SMX,2026-02-06 00:00:00,2026-02-06 10:16:00,2026-02-06 09:51:00,529568.7680000002,6.5175089799611525,1,0.6327925284408107,63.28,True,True,True
BNAI,2026-01-28 00:00:00,2026-01-28 10:42:00,2026-01-28 09:58:00,4108010.0,20.909136811138232,1,0.6522875515244063,65.23,True,True,True
ELAB,2026-04-01 00:00:00,2026-04-01 14:53:00,2026-04-01 04:05:00,11828560.0,96.95644949422687,1,0.5417034094496442,54.17,False,True,False
BBGI,2025-12-10 00:00:00,2025-12-10 09:45:00,2025-12-10 09:15:00,2268952.0,1.9862619831870836,1,0.6342160073838639,63.42,True,True,True
AIXC,2025-09-25 00:00:00,2025-09-25 10:59:00,2025-09-25 10:55:00,620191.0,4.036820209154878,1,0.7663042465006181,76.63,True,True,True
BNAI,2026-01-14 00:00:00,2026-01-14 09:51:00,2026-01-14 09:48:00,4958202.0,0.9971104911367202,1,0.6697323120862655,66.97,True,True,True
LRMR,2026-02-25 00:00:00,2026-02-25 10:03:00,2026-02-25 09:57:00,8128363.0,2.6494502176375367,1,0.5829200685253436,58.29,True,True,True
AGPU,2026-04-01 00:00:00,2026-04-01 10:24:00,2026-04-01 10:13:00,3768873.0,1.1485135376895526,1,0.6666164039761874,66.66,True,True,True
RIME,2026-02-13 00:00:00,2026-02-13 14:11:00,2026-02-13 14:09:00,26868293.0,91.4286838732598,1,0.691354811766636,69.14,True,True,True
EVTV,2026-01-12 00:00:00,2026-01-12 10:22:00,2026-01-12 10:20:00,120963604.0,15.020895552893624,1,0.42532801021047123,42.53,False,True,False
AKAN,2026-04-28 00:00:00,2026-04-28 13:01:00,2026-04-28 12:55:00,1108647.0,4.246296973134146,1,0.8061236545468828,80.61,True,True,True
CATX,2026-02-02 00:00:00,2026-02-02 10:22:00,2026-02-02 10:20:00,1895227.0,1.3363090832799849,1,0.6530087762407097,65.3,True,True,True
AIFF,2026-03-04 00:00:00,2026-03-04 12:32:00,2026-03-04 10:09:00,102702063.0,104.53885525853386,1,0.6340346956679999,63.4,True,True,True
MLEC,2026-01-15 00:00:00,2026-01-15 11:59:00,2026-01-15 11:53:00,1513104.0,2.122918941154004,1,0.7199354429683001,71.99,True,True,True
BIRD,2026-04-15 00:00:00,2026-04-15 11:08:00,2026-04-15 10:35:00,74720412.0,197.49747258089016,1,0.48511073190549925,48.51,False,True,False
AIRE,2025-07-21 00:00:00,2025-07-21 10:37:00,2025-07-21 10:22:00,6988632.239999998,74.94688297057861,1,0.5189322722859127,51.89,False,True,False
ASTC,2026-03-30 00:00:00,2026-03-30 10:38:00,2026-03-30 10:36:00,22670044.0,24.03719733289404,1,0.6998905213960799,69.99,True,True,True
MASK,2026-03-31 00:00:00,2026-03-31 09:55:00,2026-03-31 06:04:00,10342980.0,1.9768898380535895,1,0.47788743904281134,47.79,False,True,False
AQMS,2025-10-14 00:00:00,2025-10-14 14:56:00,2025-10-14 14:37:00,20091190.0,267.43691112927365,1,0.7864457635840907,78.64,True,True,True
CYCU,2025-11-14 00:00:00,2025-11-14 12:42:00,2025-11-14 10:16:00,2609549.712,31.772737385816605,1,0.5017314152372231,50.17,False,True,False
MLEC,2026-02-18 00:00:00,2026-02-18 10:09:00,2026-02-18 10:05:00,868667.0,6.072626835896802,1,0.7221290287925161,72.21,True,True,True
INBS,2026-01-05 00:00:00,2026-01-05 12:22:00,2026-01-05 12:07:00,6238246.0,24.641081487177424,1,0.6332303353160699,63.32,True,True,True
AIXI,2026-04-07 00:00:00,2026-04-07 12:29:00,2026-04-07 11:00:00,263021341.0,395.46058914379654,1,0.5471867382530581,54.72,False,True,False
FUSE,2026-04-10 00:00:00,2026-04-10 10:11:00,2026-04-10 09:36:00,4235491.0,4.8442529101439264,1,0.6211524019375605,62.12,True,True,True
AMC,2024-05-13 00:00:00,2024-05-13 14:27:00,2024-05-13 14:15:00,290225654.0,123.18059530165976,1,0.6116471516749443,61.16,True,True,True
AGPU,2026-04-01 00:00:00,2026-04-01 11:17:00,2026-04-01 11:01:00,26495324.0,27.19497180423917,1,0.5689277792857982,56.89,True,True,True
ACXP,2026-03-11 00:00:00,2026-03-11 10:03:00,2026-03-11 04:12:00,5984697.0,1.2087332475762305,1,0.6047596429129837,60.48,True,True,True
SKYQ,2026-04-10 00:00:00,2026-04-10 11:29:00,2026-04-10 11:26:00,4567564.0,5.553072457433267,1,0.4871739945613889,48.72,False,True,False
AQMS,2025-10-30 00:00:00,2025-10-30 14:16:00,2025-10-30 14:14:00,3199440.0,3.326329195252757,1,0.6361594694010949,63.62,True,True,True
AKAN,2026-04-28 00:00:00,2026-04-28 13:09:00,2026-04-28 13:02:00,1549089.0,9.530934327843443,1,0.6919929484068235,69.2,True,True,True
ATOM,2026-04-24 00:00:00,2026-04-24 11:30:00,2026-04-24 09:42:00,1583059.0,0.9557904845639996,1,0.6764448761372323,67.64,True,True,True
ASTI,2026-04-15 00:00:00,2026-04-15 12:03:00,2026-04-15 11:59:00,1323345.0,6.787143744831136,1,0.7750475697173026,77.5,True,True,True
UCAR,2026-04-08 00:00:00,2026-04-08 15:39:00,2026-04-08 12:15:00,216745965.0,647.7482868850678,1,0.6580418649048082,65.8,True,True,True
NAMM,2026-01-28 00:00:00,2026-01-28 14:50:00,2026-01-28 09:32:00,11291149.0,8.001962379900903,1,0.3996414079086035,39.96,False,True,False
POLA,2026-01-20 00:00:00,2026-01-20 10:02:00,2026-01-20 04:08:00,11288626.0,3.4801815954395057,1,0.5449414484635395,54.49,False,True,False
NAMM,2026-01-22 00:00:00,2026-01-22 10:30:00,2026-01-22 10:01:00,14340497.0,24.165861971108978,1,0.6728097407964866,67.28,True,True,True
ASTI,2025-12-23 00:00:00,2025-12-23 09:52:00,2025-12-23 09:50:00,679265.0,1.999165112682617,1,0.8193805880485818,81.94,True,True,True
SBLX,2026-04-28 00:00:00,2026-04-28 11:15:00,2026-04-28 11:12:00,18624431.0,12.93861471511106,1,0.3592860325173873,35.93,False,True,False
AGPU,2025-01-06 00:00:00,2025-01-06 11:24:00,2025-01-06 09:50:00,259614.564733,4.439282436756008,1,0.35056063149383065,35.06,False,True,False
BCG,2024-05-23 00:00:00,2024-05-23 10:15:00,2024-05-23 10:12:00,1443608.0,2.6805698783027037,1,0.8243586176888305,82.44,True,True,True
QCLS,2025-12-04 00:00:00,2025-12-04 09:43:00,2025-12-04 09:30:00,7171053.0,2.804265133695092,1,0.7085063343706877,70.85,True,True,True
AQMS,2025-10-14 00:00:00,2025-10-14 14:27:00,2025-10-14 12:04:00,17980616.0,242.88555209502871,1,0.8007439424945726,80.07,True,True,True
FEED,2026-01-28 00:00:00,2026-01-28 10:51:00,2026-01-28 09:30:00,61914854.0,29.879149241150472,1,0.5691683396571452,56.92,True,True,True
SMX,2026-04-06 00:00:00,2026-04-06 10:09:00,2026-04-06 10:02:00,630428.0,6.398104888675963,1,0.7310937448588045,73.11,True,True,True
ANVS,2024-07-08 00:00:00,2024-07-08 11:43:00,2024-07-08 10:12:00,8085449.0,29.619416780496937,1,0.42871192060410446,42.87,False,True,False
DXST,2026-02-11 00:00:00,2026-02-11 13:52:00,2026-02-11 12:49:00,4912355.3599999985,315.43651146331354,1,0.5303607751793955,53.04,False,True,False
BIAF,2026-03-23 00:00:00,2026-03-23 10:42:00,2026-03-23 10:38:00,1793867.0,2.545466368516271,1,0.5765081402532877,57.65,True,True,True
ANVS,2024-07-02 00:00:00,2024-07-02 13:25:00,2024-07-02 13:08:00,15193278.0,39.60674354475219,1,0.8054625200819765,80.55,True,True,True
BAOS,2025-05-12 00:00:00,2025-05-12 12:42:00,2025-05-12 12:33:00,11850398.0,56.78621400041856,1,0.44655866505793085,44.66,False,True,False
SST,2026-03-27 00:00:00,2026-03-27 12:42:00,2026-03-27 12:36:00,26002920.0,39.420327979143075,1,0.8030669418984837,80.31,True,True,True
EEIQ,2026-03-26 00:00:00,2026-03-26 09:59:00,2026-03-26 04:06:00,21410066.0,31.47209749429506,1,0.7716575081526499,77.17,True,True,True
ACXP,2026-03-11 00:00:00,2026-03-11 10:45:00,2026-03-11 10:08:00,17965317.0,4.754834750054979,1,0.45092184878548175,45.09,False,True,False
AIHS,2025-09-03 00:00:00,2025-09-03 09:41:00,2025-09-03 07:51:00,15016519.0,2.6698769368547497,1,0.5005119505950443,50.05,False,True,False
ALOY,2025-01-22 00:00:00,2025-01-22 10:41:00,2025-01-22 08:59:00,52084672.0,46.44898332434902,1,0.7274553839052409,72.75,True,True,True
RIME,2026-02-13 00:00:00,2026-02-13 15:47:00,2026-02-13 15:44:00,95926373.0,1416.8703151883085,1,0.6796316929628254,67.96,True,True,True
ASTI,2025-12-19 00:00:00,2025-12-19 12:48:00,2025-12-19 11:00:00,451840.0,0.8764458724191291,1,0.519701281242084,51.97,False,True,False
BBGI,2026-04-09 00:00:00,2026-04-09 14:13:00,2026-04-09 13:43:00,1520162.0,26.28861786564651,1,0.7404897602239826,74.05,True,True,True
XHLD,2026-01-27 00:00:00,2026-01-27 15:36:00,2026-01-27 13:16:00,113174362.0,1330.1535145287671,1,0.7289267028989133,72.89,True,True,True
SXTP,2026-03-11 00:00:00,2026-03-11 12:23:00,2026-03-11 08:14:00,4291213.0,6.102085354888316,1,0.48301451432189424,48.3,False,True,False
RMSG,2026-04-13 00:00:00,2026-04-13 11:45:00,2026-04-13 10:29:00,112382542.0,133.26071591206326,1,0.665320537564573,66.53,True,True,True
BATL,2026-04-21 00:00:00,2026-04-21 12:49:00,2026-04-21 11:36:00,5823818.0,6.916744588289987,1,0.4323150906616454,43.23,False,True,False
AGPU,2026-04-01 00:00:00,2026-04-01 11:25:00,2026-04-01 11:22:00,30235282.0,94.4694536898998,1,0.6570039567240846,65.7,True,True,True
NCI,2026-02-11 00:00:00,2026-02-11 15:01:00,2026-02-11 11:21:00,58047160.0,1424.6959993425307,1,0.5809228265962958,58.09,True,True,True
ATOM,2026-04-24 00:00:00,2026-04-24 11:32:00,2026-04-24 11:30:00,1716970.0,2.552795838218187,1,0.5804974960419338,58.05,True,True,True
BENF,2024-07-05 00:00:00,2024-07-05 11:21:00,2024-07-05 11:07:00,718023.25,20.68629385638072,1,0.7675249531053068,76.75,True,True,True
UGRO,2026-03-25 00:00:00,2026-03-25 11:17:00,2026-03-25 11:05:00,18574821.0,39.73114835231799,1,0.8629067184963989,86.29,True,True,True
EDSA,2026-03-03 00:00:00,2026-03-03 11:41:00,2026-03-03 09:47:00,10882333.0,18.873741860529865,1,0.5339828650150422,53.4,False,True,False
AEMD,2025-08-21 00:00:00,2025-08-21 12:38:00,2025-08-21 12:33:00,4266894.199999999,37.39690826105779,1,0.5310637974171196,53.11,False,True,False
EDSA,2026-03-09 00:00:00,2026-03-09 11:08:00,2026-03-09 09:35:00,1953382.0,8.093601370262016,1,0.4453294557616536,44.53,False,True,False
RDAC,2026-04-29 00:00:00,2026-04-29 11:01:00,2026-04-29 10:54:00,1996898.0,17.450209578904428,1,0.4556022093812003,45.56,False,True,False
ACXP,2026-03-19 00:00:00,2026-03-19 10:12:00,2026-03-19 09:34:00,344556.0,1.207266932538488,1,0.3342831269095417,33.43,False,True,False
AKAN,2026-04-29 00:00:00,2026-04-29 11:42:00,2026-04-29 11:36:00,1526202.0,5.243111499950187,1,0.7436772331881463,74.37,True,True,True
