symbol,original_bar_time,expected_confirmation_bar_time,highest_high_one_minute_bar_time,feature_histogram_changed_directions_pct,feature_distance_from_highest_high,feature_total_volume,feature_entry_bar_price_action_pct_to_volume_pct,feature_distance_between_highest_high_to_entry_bar_high,feature_positive_bars_above_volume_average_pct,feature_volume_quality,feature_price_action_is_stuck_pct,feature_entry_bar_buyers_vs_sellers_pct,feature_previous_historgam_to_current_histogram
ASPC,2025-12-26 00:00:00,2025-12-26 12:25:00,2025-12-26 12:07:00,0.08391608391608392,18,1594948.0,5.381827766372276,0.37230769230769256,0.3835616438356164,1.188200043112539,0.0979020979020979,1,-0.4248772934911881
SMX,2026-04-06 00:00:00,2026-04-06 10:09:00,2026-04-06 10:02:00,0.15,7,630428.0,0.6488548694021932,0.7777777777777779,0.7407407407407407,0.9493619411890555,0.275,90.00000000000196,-0.39486595617760323
SVCO,2026-03-13 00:00:00,2026-03-13 13:14:00,2026-03-13 13:12:00,0.1598173515981735,2,4420004.0,1.4962912537684898,0.5500000000000012,0.46938775510204084,0.8611697447558079,0.1780821917808219,2.4000000000000106,0.46018553686297575
NAMM,2026-02-25 00:00:00,2026-02-25 13:29:00,2026-02-25 11:22:00,0.09871244635193133,120,1972596.0,0.8466778249534342,0.5012500000000026,0.34234234234234234,0.306446950634878,0.09012875536480687,0.3780068728522572,-8.517320810876617
UGRO,2026-03-25 00:00:00,2026-03-25 10:41:00,2026-03-25 10:33:00,0.14705882352941177,8,7983055.0,1.0649114910700892,0.47761194029850795,0.53125,1.0549036795385167,0.23529411764705882,3.0,5.244957049141083
TURB,2026-03-03 00:00:00,2026-03-03 14:07:00,2026-03-03 14:04:00,0.12589928057553956,3,12505401.0,9.89081367213663,0.5624999999999987,0.3959731543624161,2.157803680235036,0.1510791366906475,2.0000000000000147,-4.693473748590267
BNAI,2026-01-14 00:00:00,2026-01-14 09:51:00,2026-01-14 09:48:00,0.13636363636363635,3,4958202.0,0.3518435158846305,0.4102564102564087,1.0,0.44807534889739575,0.5909090909090909,3.892966360856353,0.8705975406434343
BBGI,2026-04-09 00:00:00,2026-04-09 14:13:00,2026-04-09 13:43:00,0.1471698113207547,30,1520162.0,2.0892746731730973,0.5272727272727267,0.3898305084745763,1.676486006157621,0.09433962264150944,6.249999999999995,0.30793683850669185
CDIO,2026-02-25 00:00:00,2026-02-25 11:46:00,2026-02-25 10:12:00,0.1111111111111111,92,3098719.0,1.2322898864725564,0.3809523809523814,0.3918918918918919,0.6238169861685582,0.11851851851851852,1.2857142857142785,0.15233253800481364
FEED,2026-01-30 00:00:00,2026-01-30 10:08:00,2026-01-30 08:14:00,0.10256410256410256,114,16802238.0,0.8738166588281415,0.8666666666666674,0.6666666666666666,1.2293960886419864,0.3076923076923077,0.755965781179653,0.5004176547554416
ANTX,2026-03-09 00:00:00,2026-03-09 11:27:00,2026-03-09 10:54:00,0.1016949152542373,33,8495601.0,2.2430792778734685,0.2861230329041472,0.5074626865671642,1.627860657308464,0.16101694915254236,2.0000000000000444,0.5527432010282749
PLYX,2026-03-10 00:00:00,2026-03-10 13:39:00,2026-03-10 13:36:00,0.17105263157894737,3,1656218.0,0.5990084022604866,0.48387096774193583,0.49411764705882355,0.5220832454126587,0.15789473684210525,1,0.7478124780113978
UGRO,2026-03-23 00:00:00,2026-03-23 14:27:00,2026-03-23 09:47:00,0.10738255033557047,280,60943670.0,13.385525386967254,0.85,0.42028985507246375,5.254181953822778,0.1476510067114094,1.7857142857142898,0.5916904552739932
RBNE,2026-03-24 00:00:00,2026-03-24 10:00:00,2026-03-24 09:27:00,0.12903225806451613,33,22952834.0,1.2988521781337152,0.7608695652173916,0.4666666666666667,1.3833040624818818,0.0967741935483871,8.0,0.027725940855960765
INFQ,2026-04-17 00:00:00,2026-04-17 10:11:00,2026-04-17 10:06:00,0.16666666666666666,5,3057833.0,0.556558689617332,0.34615384615384354,0.4,0.15678792200604721,0.14285714285714285,1.2499999999998446,0.6104910013698468
NXTT,2026-03-25 00:00:00,2026-03-25 15:04:00,2026-03-25 08:16:00,0.13183279742765272,384,27139761.0,5.802065177751432,0.25,0.4304635761589404,2.090299055257695,0.13183279742765272,1.020202020202018,0.6819004118647791
RXT,2026-02-26 00:00:00,2026-02-26 14:06:00,2026-02-26 13:49:00,0.11913357400722022,17,56218009.0,1.92172913312525,0.8330550918196995,0.35251798561151076,1.6991419365961031,0.1299638989169675,3.4159292035398803,-1.1597843694436227
EDSA,2026-02-24 00:00:00,2026-02-24 11:16:00,2026-02-24 10:55:00,0.08411214953271028,21,22008571.0,1.0671324234144821,0.8333333333333327,0.49122807017543857,0.9450610464844733,0.18691588785046728,2.999999999999978,0.28372325508305396
BNAI,2026-01-28 00:00:00,2026-01-28 10:42:00,2026-01-28 09:58:00,0.1095890410958904,44,4108010.0,1.8888445315098998,0.3468834688346882,0.675,2.095562409426816,0.2191780821917808,1,0.566000209552305
MLEC,2026-02-18 00:00:00,2026-02-18 10:09:00,2026-02-18 10:05:00,0.13043478260869565,4,868667.0,0.9496683061710243,0.4722222222222228,0.9230769230769231,0.9902387223896759,0.34782608695652173,5.071428571428557,0.09682089255925691
TPET,2026-03-05 00:00:00,2026-03-05 13:39:00,2026-03-05 13:30:00,0.124,9,169519993.0,3.862718804301325,0.3754693366708385,0.5185185185185185,2.310831269606519,0.14,5.000000000000133,2.174726427984743
EVTV,2026-01-12 00:00:00,2026-01-12 10:22:00,2026-01-12 10:20:00,0.11320754716981132,2,120963604.0,1.6007689450903528,0.6666666666666659,0.6521739130434783,0.7562906294201412,0.1509433962264151,132.33333333334815,0.677854142115472
RXT,2026-03-03 00:00:00,2026-03-03 12:56:00,2026-03-03 12:12:00,0.11594202898550725,44,15163549.0,0.9850670164852702,0.5384615384615377,0.3877551020408163,0.9663506117555984,0.14492753623188406,7.139534883720968,0.3361520077100235
UCAR,2026-04-27 00:00:00,2026-04-27 11:08:00,2026-04-27 11:06:00,0.1724137931034483,2,855371.0,0.3036114804017886,0.09090909090909122,0.3793103448275862,0.2408799230856573,0.05747126436781609,9.358490566037782,0.49053108462406353
POLA,2026-01-20 00:00:00,2026-01-20 10:02:00,2026-01-20 04:08:00,0.15151515151515152,344,11288626.0,0.8422296527405702,0.28571428571428603,0.7222222222222222,0.890577971714868,0.2727272727272727,2.9999999999999702,5.429905940635018
AKAN,2026-04-28 00:00:00,2026-04-28 13:09:00,2026-04-28 13:02:00,0.12972972972972974,7,1549089.0,1.0493971520493377,0.8661971830985908,0.5735294117647058,0.7356430109416386,0.11891891891891893,1,0.7179228151396466
ASTI,2026-01-22 00:00:00,2026-01-22 10:48:00,2026-01-22 09:57:00,0.11688311688311688,49,499165.0,0.17290198599312717,0.639999999999997,0.5357142857142857,0.6756330051542906,0.12987012987012986,4.000000000000089,-0.062253646416060945
AKAN,2026-04-28 00:00:00,2026-04-28 13:01:00,2026-04-28 12:55:00,0.12994350282485875,6,1108647.0,1.1690946663440962,0.5128205128205126,0.5396825396825397,0.5088597797282617,0.10734463276836158,3.499999999999989,0.8742227230365155
CATX,2026-01-29 00:00:00,2026-01-29 11:30:00,2026-01-29 10:30:00,0.1271186440677966,60,2640340.0,0.5528193876390054,0.1875000000000014,0.453125,0.40067142255246685,0.0847457627118644,0.6853932584269556,0.006399677179446935
BMEA,2026-04-07 00:00:00,2026-04-07 13:06:00,2026-04-07 13:04:00,0.1323529411764706,2,1132248.0,0.14695118684093209,0.7499999999999944,0.34285714285714286,0.11189917011940143,0.06372549019607843,1,0.05609387251734709
CYCU,2025-11-14 00:00:00,2025-11-14 12:42:00,2025-11-14 10:16:00,0.1358695652173913,137,2609549.712,2.4118244302595526,0.6666666666666674,0.42105263157894735,1.337463273911385,0.16304347826086957,2.1108622620380846,0.48355282822507467
GCTS,2026-01-29 00:00:00,2026-01-29 11:07:00,2026-01-29 08:13:00,0.15306122448979592,174,39189151.0,1.6760178294111954,0.8888888888888888,0.42857142857142855,1.573335626263525,0.1836734693877551,0.3333333333333235,-0.6913863361846889
AGPU,2026-04-01 00:00:00,2026-04-01 11:17:00,2026-04-01 11:01:00,0.12380952380952381,16,26495324.0,1.9875664680753131,0.3928571428571427,0.6862745098039216,2.0376390096181694,0.22857142857142856,0.8333333333333296,-1.8485119041016922
TURB,2026-03-09 00:00:00,2026-03-09 09:46:00,2026-03-09 04:00:00,0.17647058823529413,247,1124006.0,0.25042395876088236,0.3243243243243245,0.7272727272727273,0.657850015696388,0.29411764705882354,1,-0.8042396987955984
SXTP,2026-03-11 00:00:00,2026-03-11 12:23:00,2026-03-11 08:14:00,0.10982658959537572,248,4291213.0,0.7233884457541301,0.5384615384615377,0.47435897435897434,1.0257790516000254,0.13872832369942195,1,0.43309767931640236
DRMA,2026-01-26 00:00:00,2026-01-26 12:17:00,2026-01-26 09:36:00,0.1223021582733813,132,1432480.0,0.5679370912526372,0.36014405762304896,0.574468085106383,0.8458889715703283,0.1079136690647482,0.16666666666666297,0.8927535168622314
DXST,2026-03-06 00:00:00,2026-03-06 10:36:00,2026-03-06 10:15:00,0.1044776119402985,21,6665408.399999999,1.629072127320777,0.7391304347826074,0.6052631578947368,1.5991302398341538,0.31343283582089554,50.00000000000403,0.18461205040544545
FEED,2026-01-28 00:00:00,2026-01-28 10:51:00,2026-01-28 09:30:00,0.12195121951219512,81,61914854.0,2.4679688921377982,0.5624999999999994,0.4634146341463415,1.199645200109864,0.2073170731707317,0.20000000000000237,0.713086732126314
NAMM,2026-01-22 00:00:00,2026-01-22 10:30:00,2026-01-22 10:01:00,0.06557377049180328,29,14340497.0,1.174950663370819,0.6216216216216214,0.4857142857142857,2.0078732114917224,0.18032786885245902,1.0635313531353157,0.371323793013662
GITS,2026-01-21 00:00:00,2026-01-21 10:02:00,2026-01-21 09:53:00,0.1,9,4215883.0,0.4475985296589148,0.40000000000000036,0.8461538461538461,0.6123924490680069,0.3,0.25,-0.2469028337706265
SWMR,2026-04-02 00:00:00,2026-04-02 10:22:00,2026-04-02 10:01:00,0.09433962264150944,21,1166742.0,0.620865085050624,0.4067796610169496,0.5666666666666667,0.8031221077031543,0.20754716981132076,23.000000000000533,-0.5763142715350846
PHIO,2026-02-13 00:00:00,2026-02-13 10:56:00,2026-02-13 10:43:00,0.11494252873563218,13,2031092.0,0.45522004874586175,0.6666666666666666,0.3,0.35753582251844895,0.14942528735632185,4.882352941176739,-0.27315283440837634
ZNTL,2026-04-10 00:00:00,2026-04-10 09:47:00,2026-04-10 09:40:00,0.05555555555555555,7,2642762.0,0.46204785512115604,0.2941176470588242,0.8181818181818182,0.3750389925929615,0.2222222222222222,0.166666666666679,1.1020858587589282
QCLS,2025-12-04 00:00:00,2025-12-04 09:43:00,2025-12-04 09:30:00,0.14285714285714285,13,7171053.0,0.4497048276442095,0.9187981127390111,0.875,0.42994345946294316,0.5714285714285714,1.1987179487179582,0.6768886083826038
ELAB,2026-03-31 00:00:00,2026-03-31 15:06:00,2026-03-31 12:39:00,0.11411411411411411,147,20238423.0,4.504164988475723,0.6105263157894742,0.3559322033898305,2.388056484470142,0.15615615615615616,1,0.48267164722713374
ACXP,2026-03-19 00:00:00,2026-03-19 10:12:00,2026-03-19 09:34:00,0.14285714285714285,37,344556.0,0.26877674885361663,0.714285714285715,0.38461538461538464,0.4932066859478249,0.14285714285714285,3.4615384615384355,0.22322602160212512
EDSA,2026-03-06 00:00:00,2026-03-06 11:12:00,2026-03-06 10:58:00,0.11224489795918367,14,1373957.0,0.790904298774496,0.5513585155732253,0.3584905660377358,0.35613643733240014,0.10204081632653061,6.633027522935506,-0.06009942878566768
ZNTL,2026-04-09 00:00:00,2026-04-09 12:30:00,2026-04-09 12:23:00,0.11731843575418995,7,2147978.0,0.6295813900229862,0.44444444444444553,0.37362637362637363,0.2045230861445789,0.0782122905027933,0.3333333333333432,1.2770854111694543
BIAF,2026-03-23 00:00:00,2026-03-23 10:42:00,2026-03-23 10:38:00,0.1095890410958904,4,1793867.0,0.7574616904334199,0.763358778625957,0.5263157894736842,0.3057165643745024,0.2191780821917808,599.0000000013989,0.826121655880168
AUST,2026-01-23 00:00:00,2026-01-23 12:45:00,2026-01-23 12:40:00,0.14358974358974358,5,7608955.0,0.8496067919236163,0.342857142857141,0.4722222222222222,0.8419216641905877,0.15897435897435896,4.042016806722741,-0.3985256292154855
SKLZ,2026-04-23 00:00:00,2026-04-23 12:31:00,2026-04-23 12:26:00,0.15151515151515152,5,1725851.0,0.7004933315252787,0.28571428571428603,0.7857142857142857,0.32184693179291307,0.12121212121212122,1,1.0163634268444413
BNAI,2026-01-23 00:00:00,2026-01-23 10:32:00,2026-01-23 10:24:00,0.06349206349206349,8,3632213.0,0.7547270519525285,0.36986301369862934,0.625,0.7117511377488739,0.1746031746031746,2.8081805359661454,0.5151207303918371
FEED,2026-01-29 00:00:00,2026-01-29 09:40:00,2026-01-29 09:35:00,0.09090909090909091,5,7118541.0,0.2735897228375937,0.3600000000000012,1.0,0.4391848431868931,0.45454545454545453,5.0,0.9052341642666967
ACXP,2026-03-11 00:00:00,2026-03-11 10:45:00,2026-03-11 10:08:00,0.13157894736842105,37,17965317.0,1.4561136233404406,0.16666666666666863,0.5263157894736842,1.1729301131658814,0.21052631578947367,0.6778523489932722,0.33708524280747276
MOBX,2026-03-03 00:00:00,2026-03-03 11:20:00,2026-03-03 11:14:00,0.11711711711711711,6,27398235.49999999,2.7878518735939957,0.6426799007444162,0.48148148148148145,1.8059483746012066,0.17117117117117117,2.5,0.7919120773157963
AEHL,2026-02-26 00:00:00,2026-02-26 11:36:00,2026-02-26 10:36:00,0.13385826771653545,60,15337988.84258301,7.231892622505351,0.4545454545454542,0.4393939393939394,2.8126129194366976,0.15748031496062992,1,0.5276227358377978
EDSA,2026-03-03 00:00:00,2026-03-03 11:41:00,2026-03-03 09:47:00,0.12121212121212122,114,10882333.0,2.903939612923632,0.5599999999999987,0.4393939393939394,0.7163022531886348,0.19696969696969696,6.000000000000133,0.2744379739432938
RIME,2026-02-13 00:00:00,2026-02-13 14:11:00,2026-02-13 14:09:00,0.10638297872340426,2,26868293.0,2.3909585847810613,0.9756097560975615,0.3533834586466165,2.2912590721458224,0.12411347517730496,2.333333333333344,0.7075581732412801
ANNA,2026-03-20 00:00:00,2026-03-20 10:55:00,2026-03-20 10:29:00,0.1511627906976744,26,21666156.0,1.9168533593788535,0.5689655172413793,0.6382978723404256,2.1186696285886644,0.29069767441860467,1,0.1401621758320695
DXST,2026-03-10 00:00:00,2026-03-10 10:22:00,2026-03-10 10:17:00,0.05660377358490566,5,1466770.0000000002,0.39276346140331564,0.6428571428571433,0.5357142857142857,0.44111827777930884,0.16981132075471697,0.6666666666666825,1.0022693815644992
BIRD,2026-04-15 00:00:00,2026-04-15 11:08:00,2026-04-15 10:35:00,0.06315789473684211,33,74720412.0,7.646045659279479,0.5191256830601089,0.5208333333333334,2.744555195033493,0.11578947368421053,0.5573770491803282,-0.7836208402902045
SMX,2026-02-06 00:00:00,2026-02-06 10:16:00,2026-02-06 09:51:00,0.05263157894736842,25,529568.7680000002,0.8708477506646408,0.5725251704083539,0.782608695652174,0.9918256454449916,0.2631578947368421,1,0.6513907326287018
INFQ,2026-04-17 00:00:00,2026-04-17 11:27:00,2026-04-17 10:30:00,0.15254237288135594,57,10378390.0,1.2577798960452167,0.8421052631579056,0.42424242424242425,0.2620724683821801,0.11864406779661017,1,0.7115874114595278
NAMM,2026-01-28 00:00:00,2026-01-28 14:50:00,2026-01-28 09:32:00,0.11526479750778816,318,11291149.0,1.0991409488450277,0.47619047619047883,0.3464052287581699,0.9414320120694374,0.12461059190031153,65.6666666666645,0.4020911535894983
AKAN,2026-04-22 00:00:00,2026-04-22 14:15:00,2026-04-22 12:54:00,0.08108108108108109,77,15155044.0,2.915897040245935,0.9354838709677414,0.5714285714285714,2.3669566386726566,0.16216216216216217,4.799999999999987,0.6051680060727244
ELAB,2026-04-01 00:00:00,2026-04-01 14:53:00,2026-04-01 04:05:00,0.11708860759493671,640,11828560.0,2.22294948183464,0.8979591836734698,0.3888888888888889,2.98246494402916,0.12341772151898735,1,0.5697042888454317
VELO,2026-04-21 00:00:00,2026-04-21 10:01:00,2026-04-21 09:46:00,0.09375,15,1605788.0,0.3295317833551771,0.46875000000000067,0.6875,0.1895309884471691,0.28125,2.000000000000071,-14.346043540261189
AFJK,2025-12-09 00:00:00,2025-12-09 14:14:00,2025-12-09 12:58:00,0.14792899408284024,67,3534829.0,6.239135382735115,0.9150943396226415,0.48314606741573035,3.430372830032892,0.14201183431952663,1,0.5329246927415229
DXST,2026-02-11 00:00:00,2026-02-11 13:52:00,2026-02-11 12:49:00,0.0933852140077821,63,4912355.3599999985,6.6704326706622,0.6000000000000002,0.5703125,5.11541854145775,0.17509727626459143,0.1790393013100417,0.792521377974679
BGL,2026-01-22 00:00:00,2026-01-22 14:07:00,2026-01-22 11:48:00,0.12790697674418605,139,4515899.0,2.2728317221275645,0.6874999999999987,0.4519230769230769,1.014441103294679,0.13178294573643412,1.7431421446384143,0.7571368626286296
LRMR,2026-02-25 00:00:00,2026-02-25 10:03:00,2026-02-25 09:57:00,0.11764705882352941,6,8128363.0,0.6813446794419937,0.3684210526315797,0.8260869565217391,0.6633618965241133,0.4117647058823529,6.000000000000178,2.1467120427380464
FUSE,2026-04-10 00:00:00,2026-04-10 10:11:00,2026-04-10 09:36:00,0.047619047619047616,35,4235491.0,0.5303554875378986,0.7272727272727273,0.5714285714285714,0.8230686896505759,0.11904761904761904,6.843137254901978,0.714508544387633
MASK,2026-03-31 00:00:00,2026-03-31 09:55:00,2026-03-31 06:04:00,0.11538461538461539,231,10342980.0,0.600034644151667,0.39130434782608636,0.6875,0.5212787712935395,0.34615384615384615,0.8036072144288529,0.41269053006173273
EEIQ,2026-03-26 00:00:00,2026-03-26 09:59:00,2026-03-26 04:06:00,0.11538461538461539,348,21410066.0,2.271540295542932,0.4509803921568626,0.8,1.8200834620927122,0.3076923076923077,3.758620689655183,-0.15517785293778694
AIFF,2026-03-04 00:00:00,2026-03-04 12:32:00,2026-03-04 10:09:00,0.14754098360655737,143,102702063.0,4.181115258380528,0.5833333333333344,0.3333333333333333,2.3234588698775958,0.12021857923497267,2.5,0.6984809049508182
AGRZ,2026-03-12 00:00:00,2026-03-12 10:00:00,2026-03-12 09:55:00,0.21428571428571427,5,1366871.0,0.2525903418338715,0.7237569060773479,0.7142857142857143,0.39022085080990593,0.17857142857142858,7.451612903225829,0.8224473893781589
JEM,2026-04-08 00:00:00,2026-04-08 10:59:00,2026-04-08 04:13:00,0.12222222222222222,406,1277832.3499999996,0.8598525725114267,0.6622950819672131,0.48936170212765956,3.8765201973946186,0.12222222222222222,1.0200000000000022,0.24114870363506763
EPSM,2025-11-20 00:00:00,2025-11-20 11:06:00,2025-11-20 10:42:00,0.11363636363636363,24,1267122.0,1.210081899948365,0.8604651162790695,0.5208333333333334,2.1088314305946865,0.19318181818181818,1,0.18925022094507096
ARAI,2026-04-14 00:00:00,2026-04-14 14:29:00,2026-04-14 12:29:00,0.14,120,40166185.0,3.776711289780374,0.5999999999999982,0.44516129032258067,1.1822001490025489,0.16333333333333333,299.0000000000311,0.4996988766591069
BATL,2026-04-21 00:00:00,2026-04-21 12:49:00,2026-04-21 11:36:00,0.115,73,5823818.0,0.6393000744275318,0.6818181818181802,0.42105263157894735,1.0186654387799086,0.14,1,0.5141458949433912
INBS,2026-01-05 00:00:00,2026-01-05 12:22:00,2026-01-05 12:07:00,0.11242603550295859,15,6238246.0,1.6439556521932754,0.5238095238095233,0.4819277108433735,1.828888075030587,0.15384615384615385,7.0882352941177365,-0.04075332522479778
SKYQ,2026-04-10 00:00:00,2026-04-10 11:29:00,2026-04-10 11:26:00,0.1,3,4567564.0,1.038812631451752,0.48148148148147857,0.5409836065573771,0.7240143450862533,0.15833333333333333,1.1666666666666963,0.8372586287171953
UCAR,2026-04-08 00:00:00,2026-04-08 15:39:00,2026-04-08 12:15:00,0.11475409836065574,204,216745965.0,14.801900389953953,0.45714285714285674,0.39285714285714285,4.987305987960929,0.15027322404371585,1,-0.6500011153862792
XHLD,2026-01-27 00:00:00,2026-01-27 15:36:00,2026-01-27 13:16:00,0.10584958217270195,140,113174362.0,13.702066869139195,0.7249999999999994,0.4530386740331492,7.220444742141669,0.181058495821727,3.1134751773049647,0.5392950420900663
EDSA,2026-02-27 00:00:00,2026-02-27 10:53:00,2026-02-27 10:51:00,0.16666666666666666,2,6676932.0,1.8016510205767626,0.5912162162162172,0.5581395348837209,0.9848194755664463,0.19047619047619047,7.536585365853709,0.8075222141145336
ATOM,2026-04-24 00:00:00,2026-04-24 11:30:00,2026-04-24 09:42:00,0.11764705882352941,106,1583059.0,0.32841109351739783,0.9114238410596033,0.5517241379310345,0.22369296694453478,0.07563025210084033,0.5728571428571577,0.8678253012930232
ARTV,2025-12-15 00:00:00,2025-12-15 13:22:00,2025-12-15 11:16:00,0.11587982832618025,126,21276870.0,2.691907776293697,0.7099999999999966,0.4330708661417323,1.794801221063076,0.2017167381974249,10.267605633803012,0.7362199811091582
RIME,2026-02-13 00:00:00,2026-02-13 15:47:00,2026-02-13 15:44:00,0.11904761904761904,3,95926373.0,10.191752909106837,0.768,0.3891891891891892,9.849086578983632,0.14814814814814814,0.7142857142857127,-0.17838878615798237
MBAI,2026-01-26 00:00:00,2026-01-26 11:13:00,2026-01-26 11:02:00,0.16091954022988506,11,35064346.0,1.7400840728743667,0.6250000000000009,0.6590909090909091,2.177445475574455,0.22988505747126436,2.3333333333333335,0.01153471521224241
BBGI,2025-12-10 00:00:00,2025-12-10 09:45:00,2025-12-10 09:15:00,0.14285714285714285,21,2268952.0,0.3182402238590382,0.8358208955223884,1.0,0.5102471421860885,0.14285714285714285,1,-0.20888788111189388
SST,2026-03-27 00:00:00,2026-03-27 12:42:00,2026-03-27 12:36:00,0.08695652173913043,6,26002920.0,2.4827386210792497,0.43714821763602196,0.5161290322580645,2.1273178323989725,0.16304347826086957,0.7301980198019824,-0.022768997428448023
CATX,2026-02-02 00:00:00,2026-02-02 10:22:00,2026-02-02 10:20:00,0.11320754716981132,2,1895227.0,0.5847347788623953,0.6666666666666733,0.48,0.23715138943475925,0.20754716981132076,1,0.8256001978672359
AHMA,2026-01-15 00:00:00,2026-01-15 10:31:00,2026-01-15 10:11:00,0.11864406779661017,20,430862.0,0.8291738327512569,0.5210084033613448,0.59375,0.5182920709087091,0.13559322033898305,1,0.26371836444466773
MLEC,2026-01-15 00:00:00,2026-01-15 11:59:00,2026-01-15 11:53:00,0.136986301369863,2,1513104.0,0.6783264189990722,0.28082191780821913,0.6785714285714286,0.7831928545943472,0.0958904109589041,0.6216216216216212,1.0095464760439583
BATL,2026-03-05 00:00:00,2026-03-05 10:10:00,2026-03-05 09:43:00,0.12195121951219512,27,4325634.0,0.7753135435062171,0.3580246913580242,0.4782608695652174,0.5557652804858091,0.1951219512195122,1,-0.753324444947485
AIXI,2026-04-07 00:00:00,2026-04-07 12:29:00,2026-04-07 11:00:00,0.125,89,263021341.0,11.140956029896525,0.3846153846153841,0.4,4.760217332845289,0.125,1,0.38744706470735446
TORO,2026-04-22 00:00:00,2026-04-22 11:45:00,2026-04-22 10:38:00,0.15151515151515152,64,2081621.0,1.635543513065078,0.1999999999999993,0.37142857142857144,0.7775238218244006,0.16666666666666666,1,0.4002240724104928
RMSG,2026-04-13 00:00:00,2026-04-13 11:45:00,2026-04-13 10:29:00,0.1015625,72,112382542.0,6.8435601288820935,0.6956521739130422,0.3382352941176471,1.5100058771736862,0.1171875,1.6666666666666592,0.6178126300751546
NCI,2026-02-11 00:00:00,2026-02-11 11:00:00,2026-02-11 10:48:00,0.13043478260869565,12,5281401.0,0.7151201301188927,0.7368421052631576,0.5714285714285714,0.7920936825123012,0.18840579710144928,1.4,-0.4189412912574632
NCI,2026-02-11 00:00:00,2026-02-11 15:01:00,2026-02-11 11:21:00,0.10967741935483871,220,58047160.0,13.067820062526977,0.8333333333333338,0.5033112582781457,7.318319079430357,0.16129032258064516,1,0.5621453852025061
ASTC,2026-03-30 00:00:00,2026-03-30 10:17:00,2026-03-30 07:09:00,0.0625,188,8973489.0,0.7759550926086219,0.8157894736842111,0.5652173913043478,1.031726500824678,0.1875,1.8181818181818146,0.5261297152643789
SBLX,2026-04-28 00:00:00,2026-04-28 11:15:00,2026-04-28 11:12:00,0.1320754716981132,3,18624431.0,1.6581464381330442,0.3181818181818178,0.509090909090909,1.4649893893036257,0.18867924528301888,2.499999999999989,0.7670212519944717
SST,2026-04-20 00:00:00,2026-04-20 10:09:00,2026-04-20 09:58:00,0.13513513513513514,11,1268273.0,0.5628176946763984,0.5333333333333312,0.8333333333333334,0.4970125297911593,0.24324324324324326,7.000000000000133,-20.85572141296291
EDSA,2026-03-09 00:00:00,2026-03-09 11:08:00,2026-03-09 09:35:00,0.09090909090909091,93,1953382.0,0.9889846336063797,0.6666666666666666,0.3888888888888889,0.847467063630382,0.08080808080808081,10.000000000000236,0.5235129941097744
