symbol,original_bar_time,expected_confirmation_bar_time,highest_high_one_minute_bar_time,feature_total_volume,feature_entry_bar_price_action_pct_to_volume_pct,feature_distance_between_highest_high_to_entry_bar_high,feature_positive_bars_above_volume_average_pct,feature_volume_quality,feature_price_action_is_stuck_pct,feature_previous_historgam_to_current_histogram,feature_efficiency_balance,feature_trap_signal,feature_clean_move,feature_fake_momentum,feature_structure_adjusted_strength,label,probability,score,model_pass,rules_pass,pass_recommended
DRMA,2026-01-26 00:00:00,2026-01-26 12:17:00,2026-01-26 09:36:00,1432480.0,0.5679370912526372,0.3601440576230489,0.574468085106383,0.8458889715703283,0.1079136690647482,0.8927535168622314,0.5126185434033544,0.8983484698062225,0.5066489159376044,0.9886295119735884,0.1730174269038427,1,0.7660840988196678,76.61,True,True,True
VELO,2026-04-21 00:00:00,2026-04-21 10:01:00,2026-04-21 09:46:00,1605788.0,0.3295317833551771,0.4687500000000006,0.6875,0.1895309884471691,0.28125,-14.346043540261189,0.2571955382284309,4.4517551201400165,0.2368509692865335,0.4793182604173333,0.0292764771675305,1,0.7443115792941621,74.43,True,True,True
DXST,2026-03-06 00:00:00,2026-03-06 10:36:00,2026-03-06 10:15:00,6665408.399999999,1.629072127320777,0.7391304347826074,0.6052631578947368,1.5991302398341538,0.3134328358208955,0.1846120504054454,1.2403162787555917,0.6162766518644336,1.118467430697847,2.691506024389591,1.9255075881905777,1,0.6687792351931329,66.88,True,True,True
SXTP,2026-03-11 00:00:00,2026-03-11 12:23:00,2026-03-11 08:14:00,4291213.0,0.7233884457541301,0.5384615384615377,0.4743589743589743,1.0257790516000254,0.1387283236994219,0.4330976793164023,0.6352599041394138,0.9748678563598374,0.6230339792911295,1.5249778329878696,0.3995582305206621,1,0.640917492228966,64.09,True,True,True
NAMM,2026-01-22 00:00:00,2026-01-22 10:30:00,2026-01-22 10:01:00,14340497.0,1.174950663370819,0.6216216216216214,0.4857142857142857,2.0078732114917224,0.180327868852459,0.371323793013662,0.9954443120224996,0.3348976886021451,0.9630743142383764,2.4190110913288514,1.466499868150108,1,0.6298745071632011,62.99,True,True,True
SWMR,2026-04-02 00:00:00,2026-04-02 10:22:00,2026-04-02 10:01:00,1166742.0,0.620865085050624,0.4067796610169496,0.5666666666666667,0.8031221077031543,0.2075471698113207,-0.5763142715350846,0.514153898557548,1.2240350676362024,0.492006293813702,1.095642334249923,0.2028327358800634,1,0.8455996465055855,84.56,True,True,True
PHIO,2026-02-13 00:00:00,2026-02-13 10:56:00,2026-02-13 10:43:00,2031092.0,0.4552200487458617,0.6666666666666666,0.3,0.3575358225184489,0.1494252873563218,-0.2731528344083763,0.3960414424088997,2.479931047160659,0.3871986621516525,1.5173951045025242,0.1085049830368267,1,0.7137024036579089,71.37,True,True,True
QCLS,2025-12-04 00:00:00,2025-12-04 09:43:00,2025-12-04 09:30:00,7171053.0,0.4497048276442095,0.9187981127390112,0.875,0.4299434594629431,0.5714285714285714,0.6768886083826038,0.2861757994099515,1.6951733620320866,0.1927306404189469,0.5139477870816256,0.1776474553110976,1,0.5279265175240798,52.79,True,True,True
ELAB,2026-03-31 00:00:00,2026-03-31 15:06:00,2026-03-31 12:39:00,20238423.0,4.504164988475723,0.6105263157894742,0.3559322033898305,2.388056484470142,0.1561561561561561,0.4826716472271337,3.895810236785495,0.418750388758702,3.800811897182217,12.654523223961784,6.56694340689963,1,0.7674892661273813,76.75,True,True,True
ACXP,2026-03-19 00:00:00,2026-03-19 10:12:00,2026-03-19 09:34:00,344556.0,0.2687767488536166,0.714285714285715,0.3846153846153846,0.4932066859478249,0.1428571428571428,0.2232260216021251,0.2351796552469145,1.6509996447457107,0.2303800704459571,0.6988177300933051,0.0946874925442308,1,0.5829895266669061,58.3,True,True,True
RDAC,2026-04-29 00:00:00,2026-04-29 11:01:00,2026-04-29 10:54:00,1996898.0,2.9614962457421603,0.353383458646617,0.8235294117647058,1.1493768839882612,0.28125,2.4458410961813426,2.311411703993881,0.8700358810890546,2.1285754266271777,3.596098217424788,1.2028732358126388,1,0.6742702259229745,67.43,True,True,True
ZNTL,2026-04-09 00:00:00,2026-04-09 12:30:00,2026-04-09 12:23:00,2147978.0,0.6295813900229862,0.4444444444444455,0.3736263736263736,0.2045230861445789,0.0782122905027933,1.2770854111694545,0.5839122736482618,3.2595997822740492,0.580340387451356,1.6850515633058671,0.0572284128296423,1,0.6598055679698704,65.98,True,True,True
BIAF,2026-03-23 00:00:00,2026-03-23 10:42:00,2026-03-23 10:38:00,1793867.0,0.7574616904334199,0.763358778625957,0.5263157894736842,0.3057165643745024,0.2191780821917808,0.826121655880168,0.6212888022656141,3.266831388678485,0.5914426897904785,1.4391744773919908,0.1767699127058083,1,0.7503629483650688,75.04,True,True,True
AUST,2026-01-23 00:00:00,2026-01-23 12:45:00,2026-01-23 12:40:00,7608955.0,0.8496067919236163,0.342857142857141,0.4722222222222222,0.8419216641905877,0.1589743589743589,-0.3985256292154855,0.733067807190731,1.1069900355943172,0.7145410967972978,1.799163514080217,0.2452465248562126,1,0.5588056035059421,55.88,True,True,True
SKLZ,2026-04-23 00:00:00,2026-04-23 12:31:00,2026-04-23 12:26:00,1725851.0,0.7004933315252787,0.285714285714286,0.7857142857142857,0.321846931792913,0.1212121212121212,1.0163634268444413,0.6247643227117351,3.107057405742259,0.6155850489161541,0.8915358327138403,0.0644147512836591,1,0.6878555492427533,68.79,True,True,True
AKAN,2026-04-29 00:00:00,2026-04-29 11:42:00,2026-04-29 11:36:00,1526202.0,0.7164100283131446,0.7750000000000006,0.4545454545454545,0.6632355446909929,0.1374045801526717,0.65428799416786,0.6298638503961204,1.5077576891754476,0.6179720091556132,1.5760985948720097,0.3682401613965277,1,0.6772233246152035,67.72,True,True,True
FEED,2026-01-29 00:00:00,2026-01-29 09:40:00,2026-01-29 09:35:00,7118541.0,0.2735897228375937,0.3600000000000012,1.0,0.4391848431868931,0.4545454545454545,0.9052341642666968,0.1880929344508456,1.9126299561585425,0.1492307579114147,0.2735894492481445,0.0432563254279108,1,0.5690085046928562,56.9,True,True,True
ACXP,2026-03-11 00:00:00,2026-03-11 10:45:00,2026-03-11 10:08:00,17965317.0,1.4561136233404406,0.1666666666666686,0.5263157894736842,1.1729301131658814,0.2105263157894736,0.3370852428074727,1.2028764714551463,0.7678768655353148,1.1495633868477162,2.7666106277866445,0.2846532528345174,1,0.503641927562029,50.36,True,True,True
MOBX,2026-03-03 00:00:00,2026-03-03 11:20:00,2026-03-03 11:14:00,27398235.49999999,2.7878518735939957,0.6426799007444162,0.4814814814814814,1.8059483746012064,0.1711711711711711,0.7919120773157963,2.380396599761027,0.4520487576769172,2.3106520033391673,5.790141865631347,3.235711138893831,1,0.7944887712900744,79.45,True,True,True
GITS,2026-01-21 00:00:00,2026-01-21 10:02:00,2026-01-21 09:53:00,4215883.0,0.4475985296589148,0.4000000000000003,0.8461538461538461,0.6123924490680069,0.3,-0.2469028337706265,0.3443065612760883,1.1103972471209191,0.3133189707612403,0.528979455348452,0.1096423839108248,1,0.8044486655925158,80.44,True,True,True
EDSA,2026-02-24 00:00:00,2026-02-24 11:16:00,2026-02-24 10:55:00,22008571.0,1.067132423414482,0.8333333333333327,0.4912280701754385,0.9450610464844732,0.1869158878504672,0.2837232550830539,0.8990800732704691,0.8817763198016901,0.8676684190379433,2.1723722967644488,0.8404210706746682,1,0.48787278976444864,48.79,False,True,False
EDSA,2026-03-06 00:00:00,2026-03-06 11:12:00,2026-03-06 10:58:00,1373957.0,0.790904298774496,0.5513585155732253,0.3584905660377358,0.3561364373324001,0.1020408163265306,-0.0600994287856676,0.717672419258339,2.6050806112523004,0.7101997784913842,2.206200574021993,0.1553010644431466,1,0.599134420145174,59.91,True,True,True
EDSA,2026-03-03 00:00:00,2026-03-03 11:41:00,2026-03-03 09:47:00,10882333.0,2.903939612923632,0.5599999999999987,0.4393939393939394,0.7163022531886348,0.1969696969696969,0.2744379739432938,2.426076132315946,1.284372220710443,2.3319515073477652,6.6089509745584625,1.164855153202118,1,0.6063373835390989,60.63,True,True,True
RIME,2026-02-13 00:00:00,2026-02-13 14:11:00,2026-02-13 14:09:00,26868293.0,2.3909585847810613,0.9756097560975616,0.3533834586466165,2.2912590721458224,0.1241134751773049,0.7075581732412801,2.126972621161701,0.3342499910188479,2.094208405818873,6.765884934323084,5.344688340004435,1,0.7786442040523188,77.86,True,True,True
ANNA,2026-03-20 00:00:00,2026-03-20 10:55:00,2026-03-20 10:29:00,21666156.0,1.9168533593788537,0.5689655172413793,0.6382978723404256,2.1186696285886644,0.2906976744186046,0.1401621758320695,1.4851296297890215,0.4719940827546857,1.3596285456059307,3.0030655582241623,2.3106708074852804,1,0.8377337403946935,83.77,True,True,True
BNAI,2026-01-23 00:00:00,2026-01-23 10:32:00,2026-01-23 10:24:00,3632213.0,0.7547270519525285,0.3698630136986293,0.625,0.7117511377488739,0.1746031746031746,0.5151207303918371,0.6425378955812067,1.2685268711441895,0.6229493127227219,1.207561351025884,0.1986822140241197,1,0.7289880571301368,72.9,True,True,True
RXT,2026-03-03 00:00:00,2026-03-03 12:56:00,2026-03-03 12:12:00,15163549.0,0.9850670164852702,0.5384615384615377,0.3877551020408163,0.9663506117555984,0.144927536231884,0.3361520077100235,0.8603749890820714,0.9663627012010766,0.8423036807627673,2.540429438249251,0.5125723690773547,1,0.5980926128198798,59.81,True,True,True
DXST,2026-03-10 00:00:00,2026-03-10 10:22:00,2026-03-10 10:17:00,1466770.0000000002,0.3927634614033156,0.6428571428571433,0.5357142857142857,0.4411182777793088,0.1698113207547169,1.0022693815644992,0.3357494105544472,1.6597389731607894,0.3260677792782243,0.7331570927262827,0.1113783053585597,1,0.7178197259951403,71.78,True,True,True
BIRD,2026-04-15 00:00:00,2026-04-15 11:08:00,2026-04-15 10:35:00,74720412.0,7.646045659279479,0.5191256830601089,0.5208333333333334,2.744555195033493,0.1157894736842105,-0.7836208402902045,6.8525880908636845,0.2429050889440911,6.760714056626066,14.680379479487998,10.893849518501,1,0.7883805904852668,78.84,True,True,True
AEHL,2026-02-26 00:00:00,2026-02-26 11:36:00,2026-02-26 10:36:00,15337988.84258301,7.231892622505351,0.4545454545454542,0.4393939393939394,2.8126129194366976,0.1574803149606299,0.5276227358377978,6.247961653457004,0.3555411544718079,6.093011894551752,16.458752648540635,9.245688464562487,1,0.8152481801608379,81.52,True,True,True
RIME,2026-02-13 00:00:00,2026-02-13 15:47:00,2026-02-13 15:44:00,95926373.0,10.191752909106835,0.768,0.3891891891891892,9.849086578983632,0.1481481481481481,-0.1783887861579823,8.876688017609181,0.0560458007478661,8.681863589239157,26.18707560521914,77.09142281733239,1,0.9006495429742455,90.06,True,True,True
SMX,2026-02-06 00:00:00,2026-02-06 10:16:00,2026-02-06 09:51:00,529568.7680000002,0.8708477506646408,0.5725251704083539,0.782608695652174,0.9918256454449916,0.2631578947368421,0.6513907326287018,0.6894211359428407,1.0082407087897314,0.6416772899634197,1.1127484817817588,0.4945066687066852,1,0.5044529088654945,50.45,True,True,True
NAMM,2026-01-28 00:00:00,2026-01-28 14:50:00,2026-01-28 09:32:00,11291149.0,1.0991409488450277,0.4761904761904788,0.3464052287581699,0.9414320120694374,0.1246105919003115,0.4020911535894983,0.977352478058875,1.0546232500118788,0.9621763446275788,3.1729826359801123,0.4927459404852813,1,0.6356919952560947,63.57,True,True,True
AKAN,2026-04-22 00:00:00,2026-04-22 14:15:00,2026-04-22 12:54:00,15155044.0,2.915897040245935,0.9354838709677414,0.5714285714285714,2.3669566386726566,0.1621621621621621,0.6051680060727244,2.5090276857930136,0.3543408059848871,2.443048871557405,5.1028108905113285,6.456524317928575,1,0.7436660401307337,74.37,True,True,True
ELAB,2026-04-01 00:00:00,2026-04-01 14:53:00,2026-04-01 04:05:00,11828560.0,2.22294948183464,0.8979591836734698,0.3888888888888889,2.98246494402916,0.1234177215189873,0.5697042888454317,1.9787381303091445,0.335293015500137,1.9485981217347952,5.716141111783359,5.953351667029848,1,0.7462370268343866,74.62,True,True,True
AFJK,2025-12-09 00:00:00,2025-12-09 14:14:00,2025-12-09 12:58:00,3534829.0,6.239135382735115,0.9150943396226416,0.4831460674157303,3.430372830032892,0.1420118343195266,0.5329246927415229,5.463284350685152,0.2915134179385957,5.353104322465039,12.913532552535536,19.585361966826852,1,0.7803500596834367,78.04,True,True,True
DXST,2026-02-11 00:00:00,2026-02-11 13:52:00,2026-02-11 12:49:00,4912355.3599999985,6.6704326706622,0.6000000000000002,0.5703125,5.11541854145775,0.1750972762645914,0.792521377974679,5.676494027682733,0.096006027879222,5.5024580785229045,11.696080612964977,20.47323297783058,1,0.7602352740845936,76.02,True,True,True
BGL,2026-01-22 00:00:00,2026-01-22 14:07:00,2026-01-22 11:48:00,4515899.0,2.2728317221275645,0.6874999999999987,0.4519230769230769,1.014441103294679,0.1317829457364341,0.7571368626286296,2.0081869325647657,0.7387065240748591,1.9733112626223817,5.029233533212325,1.5851370698612812,1,0.5505246410937835,55.05,True,True,True
LRMR,2026-02-25 00:00:00,2026-02-25 10:03:00,2026-02-25 09:57:00,8128363.0,0.6813446794419937,0.3684210526315797,0.8260869565217391,0.6633618965241133,0.4117647058823529,2.1467120427380464,0.4826191479380789,1.4281299512177283,0.4007909879070551,0.8247846661641334,0.1665182469046732,1,0.6580634412644328,65.81,True,True,True
FUSE,2026-04-10 00:00:00,2026-04-10 10:11:00,2026-04-10 09:36:00,4235491.0,0.5303554875378986,0.7272727272727273,0.5714285714285714,0.8230686896505759,0.119047619047619,0.714508544387633,0.4739346909913136,1.1023036550621843,0.4672179294976726,0.9281204789804844,0.3174683608558622,1,0.697317850690173,69.73,True,True,True
EEIQ,2026-03-26 00:00:00,2026-03-26 09:59:00,2026-03-26 04:06:00,21410066.0,2.271540295542932,0.4509803921568626,0.8,1.820083462092712,0.3076923076923077,-0.1551778529377869,1.7370602260034185,0.4973553574151791,1.5726048199912603,2.839421820151389,1.864530142825142,1,0.7992189267978986,79.92,True,True,True
FEED,2026-01-28 00:00:00,2026-01-28 10:51:00,2026-01-28 09:30:00,61914854.0,2.4679688921377982,0.5624999999999994,0.4634146341463415,1.199645200109864,0.2073170731707317,0.713086732126314,2.044176254093934,0.4428388969609118,1.9563168047433768,5.325605590937921,1.6653864574538806,1,0.6853097818317719,68.53,True,True,True
AIFF,2026-03-04 00:00:00,2026-03-04 12:32:00,2026-03-04 10:09:00,102702063.0,4.181115258380528,0.5833333333333344,0.3333333333333333,2.323458869877596,0.1202185792349726,0.6984809049508182,3.732410206261642,0.358660523530899,3.678467522400355,12.54330814521715,5.66687877762114,1,0.7084600790654703,70.85,True,True,True
ZNTL,2026-04-10 00:00:00,2026-04-10 09:47:00,2026-04-10 09:40:00,2642762.0,0.462047855121156,0.2941176470588242,0.8181818181818182,0.3750389925929615,0.2222222222222222,1.1020858587589282,0.3780391541900367,1.994185085417218,0.3593705539831213,0.5647244660403988,0.0509664594454051,1,0.6565137189865538,65.65,True,True,True
RDAC,2026-04-29 00:00:00,2026-04-29 10:53:00,2026-04-29 10:17:00,1508024.0,1.7439419521161843,0.2450000000000001,0.9230769230769232,1.2988686090390378,0.2083333333333333,-0.6422277874973743,1.443262305199601,0.7121577051020213,1.3806207120919791,1.8892684014184316,0.5549621071095436,1,0.6422147294413318,64.22,True,True,True
INFQ,2026-04-17 00:00:00,2026-04-17 11:27:00,2026-04-17 10:30:00,10378390.0,1.257779896045217,0.8421052631579056,0.4242424242424242,0.2620724683821801,0.1186440677966101,0.7115874114595278,1.124378997979815,3.8157239119745854,1.108551772785615,2.964759909458224,0.2775827217162577,1,0.48806482094546644,48.81,False,True,False
JEM,2026-04-08 00:00:00,2026-04-08 10:59:00,2026-04-08 04:13:00,1277832.3499999996,0.8598525725114267,0.6622950819672131,0.4893617021276595,3.8765201973946186,0.1222222222222222,0.2411487036350676,0.7662052626339445,0.1733851340714242,0.7547594803155856,1.7570864489119111,2.2075857198449107,1,0.5443023101125077,54.43,True,True,True
AGRZ,2026-03-12 00:00:00,2026-03-12 10:00:00,2026-03-12 09:55:00,1366871.0,0.2525903418338715,0.7237569060773479,0.7142857142857143,0.3902208508099059,0.1785714285714285,0.8224473893781589,0.2143190779196485,2.343191799706278,0.2074849236492516,0.3536259834910432,0.0713378363020881,1,0.6328171753451469,63.28,True,True,True
BATL,2026-04-21 00:00:00,2026-04-21 12:49:00,2026-04-21 11:36:00,5823818.0,0.6393000744275318,0.6818181818181802,0.4210526315789473,1.0186654387799086,0.14,0.5141458949433912,0.5607895389715191,0.981675612281616,0.5497980640076773,1.51833407072197,0.4440224255650557,1,0.6257052038159889,62.57,True,True,True
INBS,2026-01-05 00:00:00,2026-01-05 12:22:00,2026-01-05 12:07:00,6238246.0,1.6439556521932754,0.5238095238095233,0.4819277108433735,1.828888075030587,0.1538461538461538,-0.0407533252247977,1.424761565234172,0.5113695018504361,1.391039398009695,3.411200900059179,1.5748914176156907,1,0.6352953472853825,63.53,True,True,True
SKYQ,2026-04-10 00:00:00,2026-04-10 11:29:00,2026-04-10 11:26:00,4567564.0,1.038812631451752,0.4814814814814785,0.5409836065573771,0.7240143450862533,0.1583333333333333,0.8372586287171953,0.896816660246117,1.0742559298727623,0.8743339648052246,1.9202258601448303,0.3621295633837859,1,0.509227377782461,50.92,True,True,True
EPSM,2025-11-20 00:00:00,2025-11-20 11:06:00,2025-11-20 10:42:00,1267122.0,1.210081899948365,0.8604651162790695,0.5208333333333334,2.1088314305946865,0.1931818181818181,0.1892502209450709,1.014163878051963,0.474196045874542,0.9763160783674308,2.3233527870635093,2.195785431059984,1,0.7592400825286795,75.92,True,True,True
MASK,2026-03-31 00:00:00,2026-03-31 09:55:00,2026-03-31 06:04:00,10342980.0,0.600034644151667,0.3913043478260863,0.6875,0.5212787712935395,0.3461538461538461,0.4126905300617327,0.4457400213698097,1.502155888991762,0.392330344253013,0.8727763947276687,0.122394256449236,1,0.6804455597116755,68.04,True,True,True
EDSA,2026-02-27 00:00:00,2026-02-27 10:53:00,2026-02-27 10:51:00,6676932.0,1.8016510205767624,0.5912162162162172,0.5581395348837209,0.9848194755664464,0.1904761904761904,0.8075222141145336,1.5133868572844806,0.9450892485840134,1.4584793976097603,3.2279522951188375,1.0489955314752657,1,0.6246250639667543,62.46,True,True,True
ATOM,2026-04-24 00:00:00,2026-04-24 11:30:00,2026-04-24 09:42:00,1583059.0,0.3284110935173978,0.9114238410596032,0.5517241379310345,0.2236929669445347,0.0756302521008403,0.8678253012930232,0.3053196885044558,1.8799335854631225,0.3035732797219644,0.5952440281204826,0.0669561592110371,1,0.6707337982411804,67.07,True,True,True
MBAI,2026-01-26 00:00:00,2026-01-26 11:13:00,2026-01-26 11:02:00,35064346.0,1.7400840728743667,0.6250000000000009,0.6590909090909091,2.177445475574455,0.2298850574712643,0.0115347152122424,1.4148347134585972,0.3731435004783048,1.3400647457768111,2.6401235531391656,2.368086369749666,1,0.8208986258041294,82.09,True,True,True
BBGI,2025-12-10 00:00:00,2025-12-10 09:45:00,2025-12-10 09:15:00,2268952.0,0.3182402238590382,0.8358208955223884,1.0,0.5102471421860885,0.1428571428571428,-0.2088878811118938,0.2784601958766584,1.959830751593992,0.2727773347363185,0.3182399056191326,0.1357215705395996,1,0.6668760687803047,66.69,True,True,True
SST,2026-03-27 00:00:00,2026-03-27 12:42:00,2026-03-27 12:36:00,26002920.0,2.4827386210792497,0.4371482176360219,0.5161290322580645,2.1273178323989725,0.1630434782608695,-0.022768997428448,2.134691150834495,0.3513070431303088,2.0779442806858937,4.810296758391077,2.3088307224036613,1,0.7833809313221852,78.34,True,True,True
UCAR,2026-04-08 00:00:00,2026-04-08 15:39:00,2026-04-08 12:15:00,216745965.0,14.801900389953952,0.4571428571428567,0.3928571428571428,4.987305987960929,0.1502732240437158,-0.6500011153862792,12.868160434021728,0.200509012662333,12.577571096381638,37.67746872268968,33.747020090522746,1,0.8993517644418947,89.94,True,True,True
AHMA,2026-01-15 00:00:00,2026-01-15 10:31:00,2026-01-15 10:11:00,430862.0,0.8291738327512569,0.5210084033613448,0.59375,0.5182920709087091,0.135593220338983,0.2637183644446677,0.7301680019749873,1.929410320394072,0.7167434825476967,1.3965009452636827,0.223905561521324,1,0.4940721641063756,49.41,False,True,False
MLEC,2026-01-15 00:00:00,2026-01-15 11:59:00,2026-01-15 11:53:00,1513104.0,0.6783264189990722,0.2808219178082191,0.6785714285714286,0.7831928545943472,0.0958904109589041,1.0095464760439583,0.6189728573366534,0.953244638075511,0.6132814199169694,0.9996374601118492,0.1491895656311535,1,0.7684849085396346,76.85,True,True,True
BATL,2026-03-05 00:00:00,2026-03-05 10:10:00,2026-03-05 09:43:00,4325634.0,0.7753135435062171,0.3580246913580242,0.4782608695652174,0.5557652804858091,0.1951219512195122,-0.753324444947485,0.6487317404847939,1.7993175100977252,0.6240328520903698,1.621106746835256,0.1542701002489405,1,0.7932950350366526,79.33,True,True,True
AIXI,2026-04-07 00:00:00,2026-04-07 12:29:00,2026-04-07 11:00:00,263021341.0,11.140956029896524,0.3846153846153841,0.4,4.760217332845289,0.125,0.3874470647073544,9.903072026574687,0.2100743978695358,9.74833652615946,27.852320443940204,20.39745076845408,1,0.8479459035393014,84.79,True,True,True
RMSG,2026-04-13 00:00:00,2026-04-13 11:45:00,2026-04-13 10:29:00,112382542.0,6.8435601288820935,0.6956521739130422,0.3382352941176471,1.5100058771736862,0.1171875,0.6178126300751546,6.125704171307048,0.489488124826329,6.041580426278723,20.233074474561658,7.188741575932837,1,0.8186347041901082,81.86,True,True,True
ARTV,2025-12-15 00:00:00,2025-12-15 13:22:00,2025-12-15 11:16:00,21276870.0,2.691907776293697,0.7099999999999966,0.4330708661417323,1.794801221063076,0.2017167381974249,0.7362199811091582,2.240051828130112,0.5176057780058613,2.148904920131449,6.215845421398746,3.4303219483555765,1,0.7322394005282845,73.22,True,True,True
NCI,2026-02-11 00:00:00,2026-02-11 15:01:00,2026-02-11 11:21:00,58047160.0,13.067820062526977,0.8333333333333338,0.5033112582781457,7.318319079430357,0.1612903225806451,0.5621453852025061,11.252845053842671,0.1366433811511887,10.960107149216174,25.96364353857104,79.69539740846169,1,0.8866966023551306,88.67,True,True,True
NCI,2026-02-11 00:00:00,2026-02-11 11:00:00,2026-02-11 10:48:00,5281401.0,0.7151201301188927,0.7368421052631576,0.5714285714285714,0.7920936825123012,0.1884057971014492,-0.4189412912574632,0.6017474265634586,0.9302449840038088,0.5803873519805507,1.2514580376564963,0.417378416961247,1,0.742285569171694,74.23,True,True,True
SBLX,2026-04-28 00:00:00,2026-04-28 11:15:00,2026-04-28 11:12:00,18624431.0,1.6581464381330442,0.3181818181818178,0.509090909090909,1.4649893893036257,0.1886792452830188,0.7670212519944717,1.3949485908103387,0.6205439405804156,1.3452886196173754,3.2570669628083744,0.7729167529288887,1,0.5400736911299058,54.01,True,True,True
EDSA,2026-03-09 00:00:00,2026-03-09 11:08:00,2026-03-09 09:35:00,1953382.0,0.9889846336063796,0.6666666666666666,0.3888888888888889,0.847467063630382,0.0808080808080808,0.5235129941097744,0.9150418572619774,1.1084711975691055,0.9090666834159652,2.54309680416748,0.5587546022786452,1,0.6388382637756402,63.88,True,True,True
ASTC,2026-03-30 00:00:00,2026-03-30 10:17:00,2026-03-30 07:09:00,8973489.0,0.7759550926086219,0.8157894736842111,0.5652173913043478,1.031726500824678,0.1875,0.5261297152643789,0.6534358674598921,0.6886763367473843,0.6304635127445053,1.372841196511599,0.6530993791399915,1,0.4632436417854274,46.32,False,True,False
ASPC,2025-12-26 00:00:00,2025-12-26 12:25:00,2025-12-26 12:07:00,1594948.0,5.381827766372276,0.3723076923076925,0.3835616438356164,1.188200043112539,0.0979020979020979,-0.4248772934911881,4.901919557905958,0.8416084178654322,4.854935537496669,14.031157238239208,2.3807915263611203,1,0.7993115007782867,79.93,True,True,True
SMX,2026-04-06 00:00:00,2026-04-06 10:09:00,2026-04-06 10:02:00,630428.0,0.6488548694021932,0.7777777777777779,0.7407407407407407,0.9493619411890556,0.275,-0.3948659561776032,0.5089057799232888,1.0443350466273933,0.47041978031659,0.8759528911565577,0.4791096476177179,1,0.7098056332704098,70.98,True,True,True
SST,2026-04-20 00:00:00,2026-04-20 10:09:00,2026-04-20 09:58:00,1268273.0,0.5628176946763984,0.5333333333333312,0.8333333333333334,0.4970125297911593,0.2432432432432432,-20.85572141296291,0.4527011891962335,1.8778831508379927,0.4259160932686258,0.6753804231551702,0.1491879713292501,1,0.8370201632750773,83.7,True,True,True
SVCO,2026-03-13 00:00:00,2026-03-13 13:14:00,2026-03-13 13:12:00,4420004.0,1.4962912537684898,0.5500000000000012,0.4693877551020408,0.8611697447558079,0.1780821917808219,0.4601855368629757,1.2701076921523229,0.8709074298763712,1.229828427754923,3.1877441406605698,0.7087084163984885,1,0.5738377792483442,57.38,True,True,True
XHLD,2026-01-27 00:00:00,2026-01-27 15:36:00,2026-01-27 13:16:00,113174362.0,13.702066869139196,0.7249999999999994,0.4530386740331492,7.220444742141669,0.181058495821727,0.5392950420900663,11.6015141651438,0.1140857544558829,11.221191252164132,30.244739378248376,71.72788709426844,1,0.8782928444936634,87.83,True,True,True
TURB,2026-03-03 00:00:00,2026-03-03 14:07:00,2026-03-03 14:04:00,12505401.0,9.89081367213663,0.5624999999999987,0.3959731543624161,2.157803680235036,0.1510791366906475,-4.693473748590267,8.592644377668698,0.3765401045990412,8.396518081382176,24.978432463761372,12.005119205018651,1,0.8942128848521912,89.42,True,True,True
UGRO,2026-03-25 00:00:00,2026-03-25 10:41:00,2026-03-25 10:33:00,7983055.0,1.0649114910700892,0.4776119402985079,0.53125,1.0549036795385167,0.2352941176470588,5.244957049141083,0.8620712070567388,0.8347645356077129,0.8143440814065387,2.0045355040651014,0.5365392479105369,1,0.4519821164028934,45.2,False,True,False
NAMM,2026-02-25 00:00:00,2026-02-25 13:29:00,2026-02-25 11:22:00,1972596.0,0.8466778249534342,0.5012500000000026,0.3423423423423423,0.306446950634878,0.0901287553648068,-8.517320810876617,0.7766769024179141,2.0762090223865584,0.7703678063953994,2.473183264381286,0.1300552461106101,1,0.6617923472491168,66.18,True,True,True
BBGI,2026-04-09 00:00:00,2026-04-09 14:13:00,2026-04-09 13:43:00,1520162.0,2.0892746731730973,0.5272727272727267,0.3898305084745763,1.676486006157621,0.0943396226415094,0.3079368385066918,1.9091647875547268,0.553104631212123,1.8921732889114844,5.359429978732348,1.8468464150042307,1,0.7049485456190159,70.49,True,True,True
CDIO,2026-02-25 00:00:00,2026-02-25 11:46:00,2026-02-25 10:12:00,3098719.0,1.2322898864725564,0.3809523809523814,0.3918918918918919,0.6238169861685582,0.1185185185185185,0.1523325380048136,1.1017161236675177,1.3358597408381914,1.0862407147424755,3.1444558244564886,0.2928469954534498,1,0.6474193373586828,64.74,True,True,True
BNAI,2026-01-14 00:00:00,2026-01-14 09:51:00,2026-01-14 09:48:00,4958202.0,0.3518435158846305,0.4102564102564087,1.0,0.4480753488973957,0.5909090909090909,0.8705975406434343,0.2211587814131963,2.044637813194725,0.1439359837709851,0.3518431640414665,0.0646779102101709,1,0.5781848581625928,57.82,True,True,True
ARAI,2026-04-14 00:00:00,2026-04-14 14:29:00,2026-04-14 12:29:00,40166185.0,3.776711289780374,0.5999999999999982,0.4451612903225806,1.1822001490025489,0.1633333333333333,0.4996988766591069,3.2464566960862813,0.8441879800590928,3.159848445782913,8.48389760741781,2.6788971897107725,1,0.5956152510039951,59.56,True,True,True
ANTX,2026-03-09 00:00:00,2026-03-09 11:27:00,2026-03-09 10:54:00,8495601.0,2.2430792778734685,0.2861230329041472,0.5074626865671642,1.627860657308464,0.1610169491525423,0.5527432010282749,1.9319952904311624,0.5557140876420319,1.8819054958429948,4.420176925460835,1.0447555100641142,1,0.5105395678510911,51.05,True,True,True
UGRO,2026-03-23 00:00:00,2026-03-23 14:27:00,2026-03-23 09:47:00,60943670.0,13.385525386967254,0.85,0.4202898550724637,5.254181953822778,0.1476510067114094,0.5916904552739932,11.663411009696611,0.1589769760566341,11.409139088220412,31.848243247308847,59.780488041044,1,0.8719363114354263,87.19,True,True,True
PLYX,2026-03-10 00:00:00,2026-03-10 13:39:00,2026-03-10 13:36:00,1656218.0,0.5990084022604866,0.4838709677419358,0.4941176470588235,0.5220832454126587,0.1578947368421052,0.7478124780113978,0.5173254383158747,1.9153996865191625,0.5044281282193571,1.212276455920062,0.1513220567814224,1,0.7717659097411869,77.18,True,True,True
FEED,2026-01-30 00:00:00,2026-01-30 10:08:00,2026-01-30 08:14:00,16802238.0,0.8738166588281415,0.8666666666666674,0.6666666666666666,1.2293960886419864,0.3076923076923077,0.5004176547554416,0.6682127391038729,0.4119453747884442,0.6049499945733288,1.310723022157679,0.93103121154639,1,0.5240117087684003,52.4,True,True,True
RBNE,2026-03-24 00:00:00,2026-03-24 10:00:00,2026-03-24 09:27:00,22952834.0,1.2988521781337152,0.7608695652173916,0.4666666666666667,1.3833040624818818,0.0967741935483871,0.0277259408559607,1.1842475741807406,0.6914756296881283,1.173156806056259,2.7832487033250257,1.3670600502207249,1,0.48817346969754694,48.82,False,True,False
INFQ,2026-04-17 00:00:00,2026-04-17 10:11:00,2026-04-17 10:06:00,3057833.0,0.556558689617332,0.3461538461538435,0.4,0.1567879220060472,0.1428571428571428,0.6104910013698468,0.4869888534151655,5.396770609349564,0.4770503053862846,1.391393245560216,0.0302059662990609,1,0.6031370962460211,60.31,True,True,True
NXTT,2026-03-25 00:00:00,2026-03-25 15:04:00,2026-03-25 08:16:00,27139761.0,5.802065177751432,0.25,0.4304635761589404,2.090299055257695,0.1318327974276527,0.6819004118647791,5.126256449661066,0.419198190133509,5.037162694510889,13.478612408769116,3.0320128398993473,1,0.7733109656487319,77.33,True,True,True
RXT,2026-02-26 00:00:00,2026-02-26 14:06:00,2026-02-26 13:49:00,56218009.0,1.92172913312525,0.8330550918196995,0.3525179856115107,1.6991419365961031,0.1299638989169675,-1.1597843694436227,1.7006995842673935,0.4775067690194721,1.6719737223219684,5.451420239938702,2.7201669280048786,1,0.8100883189805822,81.01,True,True,True
CATX,2026-02-02 00:00:00,2026-02-02 10:22:00,2026-02-02 10:20:00,1895227.0,0.5847347788623953,0.6666666666666733,0.48,0.2371513894347592,0.2075471698113207,0.8256001978672359,0.4842334887454211,4.216697973752023,0.4633747304192567,1.2181949180572444,0.09244711017203,1,0.7122601955646068,71.23,True,True,True
BNAI,2026-01-28 00:00:00,2026-01-28 10:42:00,2026-01-28 09:58:00,4108010.0,1.8888445315099,0.3468834688346882,0.675,2.095562409426816,0.2191780821917808,0.566000209552305,1.549276975283401,0.4771986356993714,1.4748512095351274,2.798284049223482,1.37303123164741,1,0.7110398435441124,71.1,True,True,True
TPET,2026-03-05 00:00:00,2026-03-05 13:39:00,2026-03-05 13:30:00,169519993.0,3.862718804301325,0.3754693366708385,0.5185185185185185,2.310831269606519,0.14,2.174726427984743,3.3883498283344955,0.4056641364892958,3.3219381716991396,7.449514755659813,3.3514736165243826,1,0.6024369432281581,60.24,True,True,True
MLEC,2026-02-18 00:00:00,2026-02-18 10:09:00,2026-02-18 10:05:00,868667.0,0.9496683061710244,0.4722222222222228,0.9230769230769232,0.990238722389676,0.3478260869565217,0.0968208925592569,0.7045926142559212,0.9313120867305624,0.6193488953289289,1.0288062171452077,0.4440769892595829,1,0.5991255373911133,59.91,True,True,True
EVTV,2026-01-12 00:00:00,2026-01-12 10:22:00,2026-01-12 10:20:00,120963604.0,1.6007689450903528,0.6666666666666659,0.6521739130434783,0.7562906294201412,0.1509433962264151,0.677854142115472,1.3908320342588312,1.3178337930710993,1.3591434439446393,2.454508618891992,0.8070977020257313,1,0.4679653007956163,46.8,False,True,False
UCAR,2026-04-27 00:00:00,2026-04-27 11:08:00,2026-04-27 11:06:00,855371.0,0.3036114804017886,0.0909090909090912,0.3793103448275862,0.2408799230856573,0.057471264367816,0.4905310846240635,0.2871108564669087,3.81240610349284,0.2861625447465133,0.8004281562941216,0.0066485372770096,1,0.4871710582137988,48.72,False,True,False
TORO,2026-04-22 00:00:00,2026-04-22 11:45:00,2026-04-22 10:38:00,2081621.0,1.635543513065078,0.1999999999999993,0.3714285714285714,0.7775238218244006,0.1666666666666666,0.4002240724104928,1.4018944397700668,1.286132573431648,1.3629529275542316,4.403374526089947,0.2543348086076922,1,0.5868062876883642,58.68,True,True,True
POLA,2026-01-20 00:00:00,2026-01-20 10:02:00,2026-01-20 04:08:00,11288626.0,0.8422296527405702,0.285714285714286,0.7222222222222222,0.890577971714868,0.2727272727272727,5.429905940635018,0.661751870010448,1.0426604018994554,0.6125306565385965,1.1661625198773005,0.2143060502445186,1,0.6368638794180623,63.69,True,True,True
ASTI,2026-01-22 00:00:00,2026-01-22 10:48:00,2026-01-22 09:57:00,499165.0,0.1729019859931271,0.639999999999997,0.5357142857142857,0.6756330051542906,0.1298701298701298,-0.0622536464160609,0.1530281944996642,1.361683978280381,0.1504471826173963,0.3227497713875975,0.0747637045719558,1,0.6187275541797308,61.87,True,True,True
CATX,2026-01-29 00:00:00,2026-01-29 11:30:00,2026-01-29 10:30:00,2640340.0,0.5528193876390054,0.1875000000000014,0.453125,0.4006714225524668,0.0847457627118644,0.0063996771794469,0.5096303729797081,2.218146171224498,0.505970286991632,1.220012507865374,0.0415310494612322,1,0.6562771509532426,65.63,True,True,True
AKAN,2026-04-28 00:00:00,2026-04-28 13:01:00,2026-04-28 12:55:00,1108647.0,1.1690946663440962,0.5128205128205126,0.5396825396825397,0.5088597797282617,0.1073446327683615,0.8742227230365155,1.0557640609331889,1.696432300616386,1.043598628713939,2.1662596325094476,0.3050796176396626,1,0.5934362001487808,59.34,True,True,True
AKAN,2026-04-28 00:00:00,2026-04-28 13:09:00,2026-04-28 13:02:00,1549089.0,1.0493971520493377,0.8661971830985908,0.5735294117647058,0.7356430109416386,0.1189189189189189,0.7179228151396466,0.9378670199474756,1.3593531451713723,0.924603977211038,1.829714920993342,0.668688357145634,1,0.5587558875686756,55.88,True,True,True
BMEA,2026-04-07 00:00:00,2026-04-07 13:06:00,2026-04-07 13:04:00,1132248.0,0.146951186840932,0.7499999999999944,0.3428571428571428,0.1118991701194014,0.0637254901960784,0.056093872517347,0.1381476595186642,8.936536905466406,0.1375866504245981,0.4286063781841155,0.0123327868916709,1,0.49687815923975875,49.69,False,True,False
GCTS,2026-01-29 00:00:00,2026-01-29 11:07:00,2026-01-29 08:13:00,39189151.0,1.6760178294111954,0.8888888888888888,0.4285714285714285,1.573335626263525,0.1836734693877551,-0.6913863361846889,1.4159460972611824,0.5296599083899758,1.3681778199275063,3.9106991436614544,2.343945387791553,1,0.7089274136797163,70.89,True,True,True
CYCU,2025-11-14 00:00:00,2025-11-14 12:42:00,2025-11-14 10:16:00,2609549.712,2.4118244302595526,0.6666666666666674,0.4210526315789473,1.337463273911385,0.1630434782608695,0.4835528282250746,2.073718201718494,0.5874528086875235,2.018592186195495,5.728069417701571,2.150484399062937,1,0.6485636619044485,64.86,True,True,True
TURB,2026-03-09 00:00:00,2026-03-09 09:46:00,2026-03-09 04:00:00,1124006.0,0.2504239587608823,0.3243243243243245,0.7272727272727273,0.657850015696388,0.2941176470588235,-0.8042396987955984,0.1935094226788636,1.5201010200484677,0.1767698532429757,0.3443324698390672,0.053429644930248,1,0.8172056274443158,81.72,True,True,True
AGPU,2026-04-01 00:00:00,2026-04-01 11:17:00,2026-04-01 11:01:00,26495324.0,1.9875664680753131,0.3928571428571427,0.6862745098039216,2.03763900961817,0.2285714285714285,-1.848511904101692,1.6177866600613011,0.3856001462503277,1.53326556108667,2.896164061927823,1.5910490237554242,1,0.8125687224227172,81.26,True,True,True
AIXI,2026-04-23 00:00:00,2026-04-23 09:53:00,2026-04-23 09:45:00,14857255.0,0.628183696814791,0.5,0.8461538461538461,0.4304350958821776,0.4166666666666667,2.4261573246549046,0.4434237859869113,2.3232252349805904,0.366440489808628,0.742398037037982,0.1351961548850477,0,0.36220074119167023,36.22,False,True,False
CYCN,2026-04-01 00:00:00,2026-04-01 09:40:00,2026-04-01 09:30:00,21875763.0,0.895929589701736,0.638655462184874,0.7777777777777778,0.6417509968686026,0.4545454545454545,0.4166010279002819,0.6159515929199435,1.5582343411153388,0.4886888671100378,1.1519079914491,0.3672037122348967,0,0.36638443347809013,36.64,False,True,False
NAMM,2026-02-25 00:00:00,2026-02-25 11:19:00,2026-02-25 11:02:00,1194705.0,0.3627017901828934,0.5800000000000004,0.3225806451612903,0.117070254547254,0.109090909090909,0.2275926222619944,0.3270262042632645,6.833445179124616,0.3231343221629414,1.1243720640135713,0.0246277227228445,0,0.36523700786151886,36.52,False,True,False
SKYQ,2026-04-06 00:00:00,2026-04-06 13:43:00,2026-04-06 04:02:00,5604910.0,1.3740522237626394,0.4439890710382522,0.4336283185840708,2.951284063644583,0.1274900398406374,0.0794083802772133,1.2186823610050266,0.3388354491128302,1.198874251012024,3.1687253718206376,1.800472663861992,0,0.3828718213412693,38.29,False,True,False
ACXP,2026-03-10 00:00:00,2026-03-10 14:43:00,2026-03-10 09:59:00,25298031.0,3.519686947017751,0.3340000000000004,0.4050632911392405,1.3364668632120966,0.143312101910828,0.5087324007760368,3.0785005609013196,0.7477421349522854,3.015273212572532,8.689205698973504,1.571117621172173,0,0.2881940999957742,28.82,False,True,False
SER,2026-03-19 00:00:00,2026-03-19 12:38:00,2026-03-19 09:31:00,69016454.0,5.155847993379085,0.7142857142857141,0.4054054054054054,2.2604681406802714,0.1587301587301587,0.547802533697283,4.449567446340855,0.2780712274542554,4.3374594230014525,12.71772701327511,8.324735805159804,0,0.4799479766279505,47.99,False,True,False
LWLG,2026-03-12 00:00:00,2026-03-12 12:55:00,2026-03-12 10:06:00,20384881.0,1.9028570332231507,0.6868749999999973,0.4205607476635514,0.6161618055021979,0.1650485436893204,0.3306929071428499,1.6332856201832044,1.4200792261175874,1.5887932510406888,4.524560409486963,0.8053388374365358,0,0.30137663051251773,30.14,False,True,False
TRT,2026-04-23 00:00:00,2026-04-23 11:35:00,2026-04-23 11:33:00,12713039.0,2.35938124690867,0.7163755784445448,0.4852941176470588,1.354227881338916,0.1666666666666666,0.7173400632678635,2.022326783064574,0.6062624078624261,1.9661510390905583,4.861745278518503,2.288920170628132,0,0.5596233360089385,55.96,True,True,True
CDIO,2026-02-18 00:00:00,2026-02-18 14:18:00,2026-02-18 14:16:00,24814487.0,1.4470806971119283,0.3703703703703684,0.5490196078431373,1.16339193301397,0.1380952380952381,0.9014376945406904,1.271493499554414,0.6685426356878487,1.2472457437012334,2.635749326053311,0.6235266701630521,0,0.3260513207954301,32.61,False,True,False
TMDE,2026-03-03 00:00:00,2026-03-03 10:21:00,2026-03-03 05:59:00,8859089.0,0.8839873500636882,0.3104518799586087,0.5,1.2075463585234494,0.1875,0.5192955024654916,0.7444104000536322,0.7709931099356143,0.7182397219267467,1.767971164185048,0.3313936305606027,0,0.26032944824232906,26.03,False,True,False
MOBX,2026-03-06 00:00:00,2026-03-06 12:31:00,2026-03-06 08:53:00,8607874.299999997,1.2221383210407066,0.7500000000000011,0.5108695652173914,0.8895920372950957,0.1153846153846153,0.8850283216609149,1.0957102188640817,0.8796156975095856,1.081122360920625,2.3922660733460903,0.8154033891532587,0,0.35275353882135435,35.28,False,True,False
ANNA,2026-03-30 00:00:00,2026-03-30 15:57:00,2026-03-30 15:14:00,5691372.0,1.7708405988658202,0.6999999999999991,0.3953488372093023,0.72596752458506,0.1454545454545454,0.667737551322246,1.5459719513907957,0.8953556221621582,1.5132637844853372,4.479173714515327,0.8999009361953401,0,0.28648789415746395,28.65,False,True,False
VMAR,2025-12-16 00:00:00,2025-12-16 10:17:00,2025-12-16 10:11:00,130636.175,0.3434642559668044,0.9289693593314764,0.7666666666666667,1.116916334879832,0.2272727272727272,0.6349210986294296,0.2798597641210999,0.8953214072083401,0.2654041977925307,0.4479962712659128,0.3563720040442341,0,0.2798645510541052,27.99,False,True,False
RECT,2026-04-13 00:00:00,2026-04-13 09:51:00,2026-04-13 08:46:00,14293905.0,1.1858718463649849,0.49975,0.6153846153846154,1.7113559569711088,0.2727272727272727,0.3236758908061077,0.9317564507153452,0.5843316298955403,0.8624522519018071,1.927038618905344,1.014217062028402,0,0.3376226238551661,33.76,False,True,False
LWLG,2026-03-13 00:00:00,2026-03-13 15:03:00,2026-03-13 15:00:00,7949385.0,0.9069095874173964,0.674536256323779,0.4591194968553459,0.3454481043198235,0.1167664670658682,0.7879771760131927,0.8120852605828696,2.8947824368193484,0.8010129589465028,1.9753193195012908,0.2113255971418641,0,0.3276939967172522,32.77,False,True,False
JXG,2025-12-09 00:00:00,2025-12-09 15:45:00,2025-12-09 15:39:00,382863.0,1.1062312257573563,0.7721749696233289,0.5666666666666667,1.1610467762633832,0.1153846153846153,0.6110214934985861,0.9917935127479746,0.7786154360021401,0.978589161246892,1.9521693063318528,0.9917708737862412,0,0.21957234836110018,21.96,False,True,False
MNTS,2026-04-16 00:00:00,2026-04-16 14:56:00,2026-04-16 04:15:00,3106673.0,1.0841486700761542,0.1666666666666666,0.3934426229508196,1.66823914500249,0.13125,0.1359146764106293,0.9583634652606888,0.5994340820748606,0.941854157128659,2.755537532785663,0.3014365417372383,0,0.31632392747896004,31.63,False,True,False
RRGB,2026-02-26 00:00:00,2026-02-26 09:42:00,2026-02-26 09:36:00,568495.0,0.1662579420465512,0.833333333333337,1.0,0.1211540793271051,0.3846153846153846,0.9261913173667684,0.1200751803669537,4.814765807369911,0.1023125797209546,0.1662577757887754,0.0167856899162243,0,0.17512873876248272,17.51,False,True,False
SST,2026-04-01 00:00:00,2026-04-01 11:17:00,2026-04-01 10:54:00,2062337.0,1.274839080347461,0.6799999999999997,0.396551724137931,1.543657329689108,0.2222222222222222,0.184353291736875,1.0430501566479224,0.5182493979487808,0.991541506936914,3.2148034870239344,1.3381819895756857,0,0.3854980330554175,38.55,False,True,False
ZCMD,2026-02-04 00:00:00,2026-02-04 11:23:00,2026-02-04 11:21:00,1890322.75,1.028089191620785,0.4761904761904755,0.9333333333333332,0.8832952682367271,0.3448275862068966,-0.1570988817062934,0.7644765783846863,0.7574441816483618,0.6735756772687902,1.101522953676248,0.432431580135219,0,0.3196295403674497,31.96,False,True,False
TPET,2026-03-05 00:00:00,2026-03-05 12:02:00,2026-03-05 11:44:00,96514833.0,4.120484402830751,0.1428571428571428,0.525,1.7925150565042198,0.1372549019607843,6.53886578542935,3.623184561109799,0.5578750585644452,3.554927720089276,7.84852677010282,1.0551471903092742,0,0.26108472367569374,26.11,False,True,False
CAMP,2026-03-09 00:00:00,2026-03-09 13:51:00,2026-03-09 12:38:00,2061800.0,1.0128941813305283,0.8220910623946027,0.5645161290322581,1.299607296173954,0.1056338028169014,-0.7490208982018958,0.9161208519040448,0.6071034092668732,0.9058983171054724,1.794266514227682,1.08217162866911,0,0.33282336061804857,33.28,False,True,False
ARTL,2026-03-27 00:00:00,2026-03-27 12:33:00,2026-03-27 12:23:00,29257523.0,5.185099225344937,0.3141025641025656,0.4482758620689655,3.1663513516947197,0.1470588235294117,0.6493790946832071,4.520342914403279,0.2672330025750165,4.422584633382446,11.566734007670536,5.156887507059429,0,0.321927655613436,32.19,False,True,False
NXTT,2026-03-27 00:00:00,2026-03-27 11:54:00,2026-03-27 10:13:00,3384174.0,1.4477624579760786,0.8474576271186437,0.4027777777777778,0.754212776862372,0.1142857142857142,0.6817106254614083,1.2992740007477628,1.2748099123397274,1.282303891350241,3.5944357991344873,0.9253567319213822,0,0.32619187826950385,32.62,False,True,False
VMAR,2025-12-16 00:00:00,2025-12-16 11:28:00,2025-12-16 11:22:00,2016834.6999999995,3.8027847293514943,0.75,0.625,4.362157997128358,0.2135922330097087,0.6500592493997246,3.1334946169856317,0.2033396766564259,2.9905394473540876,6.0844458318490595,12.441260863873666,0,0.45439637875396,45.44,False,True,False
SGMT,2026-04-27 00:00:00,2026-04-27 10:24:00,2026-04-27 07:49:00,16670247.0,0.9063511638230036,0.485714285714286,0.5925925925925926,0.7453945684156688,0.2363636363636363,0.7612038958773707,0.7330781472097825,0.996594525556516,0.6921227069193847,1.529465007979118,0.3281433425155738,0,0.26818375967387764,26.82,False,True,False
ANNA,2026-03-24 00:00:00,2026-03-24 09:40:00,2026-03-24 09:37:00,7685873.0,0.2939693109288185,0.8372093023255807,1.0,0.3175570222447865,0.3636363636363636,0.9123867652095058,0.2155774946811335,2.9293309977301587,0.1870713796819754,0.2939690169598015,0.0781551787059689,0,0.37954530149281446,37.95,False,True,False
CJMB,2026-01-15 00:00:00,2026-01-15 11:26:00,2026-01-15 08:48:00,87517149.0,4.317933485462662,0.3822620973672599,0.4464285714285714,3.546539661042798,0.1504424778761062,-0.2437708534467869,3.753280645056006,0.2529348366841462,3.6683328726054474,9.672149341821838,5.8538556278098435,0,0.34058724367595494,34.06,False,True,False
TMDE,2026-03-05 00:00:00,2026-03-05 13:23:00,2026-03-05 11:33:00,9946618.0,1.8218054413553624,0.5999999999999994,0.4915254237288136,1.61699868223351,0.1495726495726495,0.8405771413769346,1.5847675586511332,0.5359720698705194,1.5493131744859705,3.7064242193426704,1.767514198774474,0,0.4083644568343744,40.84,False,True,False
EDSA,2026-03-17 00:00:00,2026-03-17 10:43:00,2026-03-17 10:02:00,2205327.0,0.8033277061383918,0.5333333333333312,0.5952380952380952,0.6662632936668138,0.125,0.4774769033352564,0.714069072123015,1.3758303955052948,0.7029117428710928,1.349588279004189,0.2854548071389702,0,0.34725834092761154,34.73,False,True,False
GNPX,2026-02-23 00:00:00,2026-02-23 10:25:00,2026-02-23 10:23:00,1102500.0,0.521056914522815,0.4444444444444455,0.3529411764705882,0.3154207526055173,0.1698113207547169,0.8208998296524347,0.4454196204791806,2.434130720014096,0.4325755516793181,1.4763237415640411,0.0730454062795979,0,0.41111991328623615,41.11,False,True,False
SNBR,2026-04-28 00:00:00,2026-04-28 09:55:00,2026-04-28 09:31:00,8081985.0,0.7884416284894435,0.9357798165137612,0.4615384615384615,0.8548102892176948,0.1538461538461538,0.384880378728225,0.6833160780241845,1.169848845720298,0.6671429164141446,1.7082864937730575,0.6306856667981082,0,0.2915186918492107,29.15,False,True,False
PLYX,2026-03-13 00:00:00,2026-03-13 12:06:00,2026-03-13 11:55:00,1693184.0,0.7472466736093751,0.5555555555555559,0.4461538461538462,0.8076280065615585,0.1232876712328767,-0.7415558211616925,0.6652317947985901,0.9630384390094254,0.6551203713835617,1.6748594799566616,0.3352763007871642,0,0.37398969107057894,37.4,False,True,False
MNTS,2026-04-15 00:00:00,2026-04-15 10:56:00,2026-04-15 09:35:00,4856909.0,0.7719561312364313,0.1666666666666666,0.4878048780487805,0.4040734735031943,0.1839080459770115,-0.0239481696642358,0.6520406157045584,2.165442405737818,0.6299871875607658,1.582506824895693,0.0519878325567987,0,0.40187657479727085,40.19,False,True,False
RFIL,2026-03-17 00:00:00,2026-03-17 10:47:00,2026-03-17 10:10:00,481212.0,1.269405793655347,0.5370370370370363,0.375,0.2057958196934864,0.1095890410958904,0.0034010540337354,1.1440323819363003,4.85916158223144,1.1302928299670898,3.3850730895526864,0.140294699426665,0,0.4113009479975702,41.13,False,True,False
SKYQ,2026-04-08 00:00:00,2026-04-08 13:16:00,2026-04-08 13:09:00,2848583.0,1.8995220132299515,0.9827556475254358,0.4336283185840708,1.532585010178826,0.1194690265486725,-0.1509339197678266,1.6968062252567948,0.4444461310630277,1.6725879674015949,4.380520255024403,2.8609775678095057,0,0.4581997398539903,45.82,False,True,False
AIFF,2026-03-26 00:00:00,2026-03-26 11:42:00,2026-03-26 10:09:00,42753445.0,3.11297852609127,0.4009339559706467,0.4225352112676056,1.1910131679659837,0.112781954887218,0.7792128686285207,2.797473945744182,0.6155723892101599,2.761890722396766,7.367365075651994,1.4865021001455592,0,0.28811177415293177,28.81,False,True,False
SKYQ,2026-04-07 00:00:00,2026-04-07 09:51:00,2026-04-07 07:50:00,10482335.0,0.4364479264867449,0.3134328358208955,0.7692307692307693,1.134317289376792,0.5,0.203172711491749,0.2909652843244966,0.6710585882106822,0.2182239632433724,0.5673815668367315,0.1551713284695206,0,0.3688293234024515,36.88,False,True,False
TPET,2026-03-05 00:00:00,2026-03-05 11:15:00,2026-03-05 10:50:00,67122963.0,1.663355670187863,0.2004008016032072,0.5517241379310345,0.9759967485386062,0.1509433962264151,0.603340969922943,1.4452106642615858,0.9219279455774344,1.4122831161972422,3.0148266878421297,0.3253366183901032,0,0.34225980102989007,34.23,False,True,False
SKYQ,2026-04-09 00:00:00,2026-04-09 09:47:00,2026-04-09 06:59:00,2817374.0,0.3354894775841817,0.9386153846153829,0.9230769230769232,0.4693667036036281,0.4444444444444444,0.8056239055055677,0.2322619460198181,1.933861875717882,0.1863830431023231,0.3634465403157781,0.1478015027281951,0,0.44952777391356186,44.95,False,True,False
ANTX,2026-03-12 00:00:00,2026-03-12 13:00:00,2026-03-12 09:59:00,433223.0,0.8123451378173651,0.7688235294117632,0.4883720930232558,0.9219875682256652,0.0647482014388489,0.480985538353478,0.7629457713284712,1.0367616105921322,0.7597472511960968,1.6633699714875203,0.5758273873272114,0,0.2883515535252282,28.84,False,True,False
TPET,2026-03-05 00:00:00,2026-03-05 10:46:00,2026-03-05 10:42:00,45289081.0,1.4772960002935256,0.6666666666666666,0.5853658536585366,0.8338100182645323,0.1688311688311688,0.0150287067161084,1.2639088002511276,1.0314087738849669,1.227882389854359,2.523709689164054,0.8211894699912433,0,0.40052598191784555,40.05,False,True,False
BATL,2026-04-21 00:00:00,2026-04-21 10:24:00,2026-04-21 10:12:00,1288491.0,0.1854012042872493,0.4444444444444411,0.4482758620689655,0.0981504985233128,0.1454545454545454,2.421088318382586,0.1618581942190272,9.056294628835998,0.1584337563909221,0.4135863792557872,0.0080876536122737,0,0.29565742859775335,29.57,False,True,False
CDIO,2026-02-25 00:00:00,2026-02-25 13:39:00,2026-02-25 13:09:00,8074180.0,1.5727716813396888,0.7407407407407401,0.4044117647058823,1.5841585627339685,0.1209677419354838,0.3344133877098779,1.40304811860519,0.4816200216891216,1.3825170424679525,3.8890258137215823,1.8455701675701972,0,0.3233606349099227,32.34,False,True,False
SUNE,2026-03-20 00:00:00,2026-03-20 10:32:00,2026-03-20 10:00:00,1260391.0,0.3003730725532517,0.8340283569641382,0.4193548387096774,0.4039770154072842,0.1269841269841269,0.5413648128576543,0.2665282193078149,2.043893583075436,0.2622304601655372,0.7162725419001541,0.1012041846194983,0,0.38470456124159336,38.47,False,True,False
CAST,2026-04-27 00:00:00,2026-04-27 13:22:00,2026-04-27 13:20:00,3309682.0,1.0227835837056176,0.9166666666666649,0.4033613445378151,0.8366153476743102,0.1379310344827586,0.4492172342119261,0.8988098159837246,0.9462720503458996,0.8817099859531186,2.5356446816510707,0.784370073187663,0,0.30459406087510366,30.46,False,True,False
NRXP,2026-04-20 00:00:00,2026-04-20 09:55:00,2026-04-20 09:45:00,586020.0,0.4445634492739616,0.6000000000000018,0.6428571428571429,0.1272591666516228,0.1538461538461538,4.234276268930641,0.3852883227041001,7.85791835977647,0.3761690724625829,0.6915420675829462,0.0339448644470253,0,0.17604086968797336,17.6,False,True,False
EDSA,2026-03-20 00:00:00,2026-03-20 09:43:00,2026-03-20 09:36:00,157206.0,0.2061769183331128,0.4137931034482731,1.0,0.1307143651531931,0.3571428571428571,0.4466567433365006,0.151919834561241,7.254509528834826,0.1325423046427153,0.2061767121564006,0.0111518420644776,0,0.1794910541308343,17.95,False,True,False
AGPU,2026-04-07 00:00:00,2026-04-07 10:15:00,2026-04-07 10:00:00,481855.0,0.4172197954667496,0.8333333333333325,0.5,0.2433523474887365,0.108695652173913,0.0044210524284099,0.3763158939504016,4.109251055386795,0.3718698176986246,0.8344379220576551,0.0846095138713366,0,0.26740251317921604,26.74,False,True,False
FUSE,2026-04-13 00:00:00,2026-04-13 10:55:00,2026-04-13 09:59:00,5381605.0,2.65992515141081,0.4999999999999978,0.3333333333333333,0.6770619169964752,0.1395348837209302,0.3536886965883298,2.3342200308298944,1.1815740899662428,2.2887728047023246,7.979751514977886,0.9004670110406673,0,0.43191086993516564,43.19,False,True,False
SYNX,2026-03-06 00:00:00,2026-03-06 11:22:00,2026-03-06 11:20:00,28165107.0,1.3813775117968492,0.7647058823529409,0.490566037735849,1.734877823167892,0.2035398230088495,0.7028427325045362,1.1477621973017935,0.4746898750316978,1.1002121775373137,2.815879187832156,1.8326338669593851,0,0.5111675790250021,51.12,True,True,True
TZOO,2026-04-23 00:00:00,2026-04-23 10:17:00,2026-04-23 09:34:00,1221903.0,0.4203771374797995,0.6296296296296303,0.4347826086956521,0.2422824630056776,0.1666666666666666,0.6825804029814699,0.360323260696971,2.5987313447590754,0.3503142812331663,0.9668651924135964,0.0641277829784444,0,0.32709689006508497,32.71,False,True,False
EPSM,2026-03-09 00:00:00,2026-03-09 13:34:00,2026-03-09 13:24:00,319511.0,0.7701317380008497,0.346153846153847,0.6153846153846154,1.052621074945082,0.101010101010101,0.3328463103639487,0.6994774501108635,0.9500085774395076,0.6923406533542992,1.2514620406255643,0.2806120031205394,0,0.29330078121861214,29.33,False,True,False
RECT,2026-04-16 00:00:00,2026-04-16 09:57:00,2026-04-16 09:49:00,921252.0,0.2517288890173801,0.3751560549313349,0.8235294117647058,0.3153438108711572,0.25,0.6429269331316722,0.2013831112139041,2.280364536866644,0.188796666763035,0.3056704226355912,0.0297803180078844,0,0.31532167496182933,31.53,False,True,False
SST,2026-03-27 00:00:00,2026-03-27 11:30:00,2026-03-27 11:22:00,9382629.0,2.2472343390457508,0.8444444444444447,0.5333333333333333,3.600972267147923,0.1785714285714285,0.5037045830637144,1.9067442876751823,0.1844563047112831,1.845942492787581,4.213556485292372,6.833437427601716,0,0.47980002399378124,47.98,False,True,False
INBS,2026-01-05 00:00:00,2026-01-05 10:00:00,2026-01-05 09:44:00,1706424.0,0.7655072896404183,0.5172413793103454,0.6666666666666666,0.6944690122243037,0.1851851851851851,5.902222563740373,0.645896775634103,1.0723467256605297,0.6237466804477483,1.1482592120718094,0.274976426527803,0,0.4907433049982727,49.07,False,True,False
BIYA,2026-04-28 00:00:00,2026-04-28 10:25:00,2026-04-28 10:08:00,89185527.0,2.3603545368306817,0.0,0.5,1.9217098201834757,0.1538461538461538,-0.4096527907378651,2.045640598586591,0.260184828408398,1.9972230696259616,4.720699632262098,0.0,0,0.3254943112014288,32.55,False,True,False
INBS,2026-01-05 00:00:00,2026-01-05 10:10:00,2026-01-05 10:00:00,2516477.0,0.869093060741814,0.5456389452332656,0.6818181818181818,1.1090434934882651,0.1891891891891892,-0.2654573370551055,0.7308282556237982,0.7434720747354687,0.7046700492501194,1.2746679529083296,0.5259206473502156,0,0.2748226117729558,27.48,False,True,False
UGRO,2026-03-30 00:00:00,2026-03-30 11:48:00,2026-03-30 10:15:00,4599061.0,1.7706076336091965,0.3974358974358961,0.4305555555555556,1.5090401006473486,0.1223021582733813,0.5416359506639605,1.5776568017415278,0.6074497681166109,1.5540584985634671,4.112369468685819,1.0619160970575112,0,0.24713738030062832,24.71,False,True,False
SORA,2026-02-02 00:00:00,2026-02-02 15:19:00,2026-02-02 15:03:00,1995474.0,0.7894944622401332,0.8775510204081631,0.5660377358490566,1.0789969236304993,0.1036585365853658,4.856948435426763,0.7153430486595681,0.7374567348906018,0.7076566216420707,1.3947710858619835,0.7475524515746533,0,0.24030499252190687,24.03,False,True,False
ONCO,2026-04-09 00:00:00,2026-04-09 10:56:00,2026-04-09 10:54:00,70085453.0,2.256318065899184,0.2499999999999981,0.4897959183673469,1.2238172595885652,0.1839080459770115,0.0835858541949557,1.9058220556624177,0.7490218906971058,1.8413630192970352,4.606639979320877,0.6903302480422228,0,0.362318976639129,36.23,False,True,False
ENVB,2026-04-27 00:00:00,2026-04-27 10:46:00,2026-04-27 09:50:00,2254472.0,0.8497689584376218,0.5277777777777772,0.425,0.909190619188836,0.1688311688311688,-0.60068090502785,0.7270245533299653,0.854849743242955,0.7063014719481532,1.999451668202244,0.4077621484527139,0,0.27722434251171296,27.72,False,True,False
ROLR,2026-04-22 00:00:00,2026-04-22 09:56:00,2026-04-22 09:37:00,417399.0,0.41614885525842,0.6713346670477272,0.5,0.1894017031923064,0.074074074074074,0.0998668039807675,0.3874489342061152,4.021305777514999,0.3853230141281666,0.832296045924748,0.0529141298432679,0,0.2484237296904718,24.84,False,True,False
ELPW,2026-04-22 00:00:00,2026-04-22 09:54:00,2026-04-22 09:52:00,22473978.0,0.8733260602079576,0.3333333333333333,1.0,1.0405932104459663,0.4285714285714285,0.4795272307312022,0.6113282421455702,0.7367585356236955,0.4990434629759757,0.8733251868827707,0.3029257229193086,0,0.2900783514996404,29.01,False,True,False
QCLS,2026-01-23 00:00:00,2026-01-23 11:55:00,2026-01-23 11:52:00,7800970.0,0.8704276125561252,0.647352941176472,0.6444444444444445,1.025567066428315,0.1652892561983471,0.8005742153707227,0.7469627029736962,0.7241323936790477,0.7265552799022202,1.3506614408710618,0.5778802490639423,0,0.23440740857316442,23.44,False,True,False
SXTP,2026-01-26 00:00:00,2026-01-26 13:21:00,2026-01-26 11:30:00,862382.0,0.6237650092041547,0.8333333333333336,0.4059405940594059,2.0123067691682577,0.1290322580645161,-0.0063142826686137,0.5524775795808228,0.4953774303937003,0.5432792015649089,1.536588066688412,1.0460054586598513,0,0.3440831047078081,34.41,False,True,False
TURB,2026-03-03 00:00:00,2026-03-03 10:27:00,2026-03-03 04:00:00,3326405.0,1.0620545815905669,0.6315789473684206,0.5151515151515151,0.7514366421106372,0.2413793103448276,0.565899646478286,0.8555439685035122,0.7354323871707271,0.8056965791376713,2.06163136227375,0.5040421443338733,0,0.2954846326312495,29.55,False,True,False
FUSE,2026-02-02 00:00:00,2026-02-02 09:40:00,2026-02-02 09:32:00,16896886.0,1.18906479789631,0.5245901639344264,1.0,0.9993608634535004,0.5454545454545454,0.6430384824455988,0.7693948692270242,0.5920171320303973,0.5404839990437773,1.1890636088327011,0.6233730219686918,0,0.2923081967320019,29.23,False,True,False
ALDX,2026-03-23 00:00:00,2026-03-23 14:39:00,2026-03-23 11:28:00,4923725.0,0.746675966268206,0.1428571428571519,0.3333333333333333,0.4824655399545716,0.0838709677419354,0.7903917591486337,0.6888974688784043,2.072682594930124,0.6840515303876468,2.240021178741082,0.0514636318909592,0,0.31479118304711456,31.48,False,True,False
PLYX,2026-03-13 00:00:00,2026-03-13 14:21:00,2026-03-13 12:12:00,3620052.0,2.9717697169818167,0.3174603174603164,0.4033613445378151,2.714684455642307,0.1174377224199288,0.0789849086703666,2.6594499696557024,0.3683668020991387,2.622771849862956,7.367494158104821,2.5610847798219205,0,0.4012245842596425,40.12,False,True,False
LVLU,2026-01-12 00:00:00,2026-01-12 11:23:00,2026-01-12 11:21:00,2003917.0,1.7228380135921872,0.0204081632653049,0.7037037037037037,0.892923784651738,0.1538461538461538,0.6004610706630262,1.4931262784465624,1.1199151565604977,1.4577860115010814,2.4482400139215095,0.0313951640701741,0,0.346560060792889,34.66,False,True,False
TMDE,2026-03-05 00:00:00,2026-03-05 11:26:00,2026-03-05 04:08:00,4397448.0,1.1640534531253175,0.5,0.5932203389830508,0.665806336847078,0.1623931623931624,1.1401104851513215,1.001428338350457,0.936832572247942,0.9750191316776166,1.9622582274616664,0.3875170827597798,0,0.3570803449394597,35.71,False,True,False
ANTX,2026-03-12 00:00:00,2026-03-12 14:35:00,2026-03-12 13:08:00,916278.0,0.3380667965663158,0.4800000000000004,0.4545454545454545,0.3056937251191337,0.0704225352112676,0.563408666856539,0.3158255599501108,3.2712373417967404,0.314259275681364,0.7437453162061992,0.0496055512230957,0,0.3284263940540989,32.84,False,True,False
AGPU,2026-04-01 00:00:00,2026-04-01 10:26:00,2026-04-01 10:24:00,4550069.0,0.7873692774736968,0.464094319399786,0.8,1.3550017900563254,0.2592592592592592,0.5026453677518133,0.625263837993818,0.628056434302814,0.583236501832368,0.9842103665791626,0.4951360942320357,0,0.37645689880207284,37.65,False,True,False
DXST,2026-03-04 00:00:00,2026-03-04 11:27:00,2026-03-04 10:15:00,13675276.200000005,4.0039584282685,0.0466926070038914,0.5849056603773585,3.434855257736928,0.1610169491525423,0.7694693366273211,3.4486649236181237,0.2843361186652766,3.359253257615097,6.845465609308167,0.6421642486738485,0,0.29384318610692817,29.38,False,True,False
VLN,2026-01-09 00:00:00,2026-01-09 12:30:00,2026-01-09 12:24:00,14724200.0,0.9676961540554349,0.7999999999999947,0.4519230769230769,0.5154916196140855,0.1657458563535911,0.4723656988070101,0.8301090231470791,1.939891982835045,0.80730452631144,2.141280368693763,0.3990714061986835,0,0.2618986021983674,26.19,False,True,False
UCAR,2026-04-23 00:00:00,2026-04-23 10:15:00,2026-04-23 10:13:00,554741.0,0.2296845153016768,0.8181818181818182,0.7916666666666666,0.4866651944375417,0.1555555555555555,0.6485316071109912,0.1987654459341434,1.867996831260448,0.193955812921416,0.2901274423253488,0.0914559212442952,0,0.35819799307290856,35.82,False,True,False
RAYA,2026-04-10 00:00:00,2026-04-10 12:56:00,2026-04-10 11:01:00,20737548.000000004,7.150248637764079,0.5665722379603402,0.4242424242424242,4.170788511672922,0.1207729468599033,0.372072649677644,6.3797477069705355,0.1378805667177105,6.286692039000302,16.854117775737716,16.896416359201922,0,0.6303502602334368,63.04,True,True,True
XWEL,2026-02-25 00:00:00,2026-02-25 11:42:00,2026-02-25 10:15:00,197998986.0,4.794118459062748,0.5833333333333334,0.4507042253521127,2.0923083072730653,0.128,0.6059377834739516,4.250105016899599,0.4779408075679371,4.180471296302716,10.636926730364287,5.8512847621364115,0,0.4435487036907133,44.35,False,True,False
AGIG,2026-03-05 00:00:00,2026-03-05 11:20:00,2026-03-05 10:35:00,750962.0,0.7050332451597378,0.0666666666666682,0.4444444444444444,0.4093609206326796,0.0961538461538461,-0.098265625139091,0.6431882236544976,2.3907125146230284,0.6372415869713014,1.5863212323866374,0.0192408705543495,0,0.31879382040908266,31.88,False,True,False
BIRD,2026-04-15 00:00:00,2026-04-15 09:46:00,2026-04-15 09:43:00,23811135.0,1.575433215650382,0.4357142857142858,0.8888888888888888,0.7820075863205195,0.4615384615384615,0.910285532088726,1.0779279896555245,1.068676610887946,0.8483101930425133,1.7723603737012592,0.5368003164941122,0,0.31385174333200383,31.39,False,True,False
SKYX,2026-01-22 00:00:00,2026-01-22 09:40:00,2026-01-22 09:37:00,562675.0,0.2313394254891035,0.2857142857142866,0.7777777777777778,0.1149636226043979,0.1818181818181818,1.1704484978392853,0.195748744644626,7.455709745530624,0.1892777117638119,0.2974360217825336,0.0075987481158421,0,0.23170183762457566,23.17,False,True,False
AGPU,2026-04-01 00:00:00,2026-04-01 10:13:00,2026-04-01 10:07:00,1933429.0,0.5408079014134014,0.4876571960875628,0.8260869565217391,0.6822219427078953,0.2439024390243902,0.4484322931339524,0.4347671364303815,1.1947572756361304,0.4089035352150108,0.6546614039629443,0.1799216185092357,0,0.5262810276565159,52.63,True,True,True
AGIG,2026-03-05 00:00:00,2026-03-05 13:57:00,2026-03-05 13:19:00,1800979.0,0.8773420710648613,0.6250000000000028,0.4455445544554455,0.5253548676210552,0.0843373493975903,-0.6068610075020245,0.8091043544264832,1.6655376934538095,0.8033493662762585,1.9691411176510691,0.2880724547516654,0,0.3844554256424545,38.45,False,True,False
EONR,2026-03-12 00:00:00,2026-03-12 10:05:00,2026-03-12 09:58:00,12743691.0,0.93413678184095,0.2,0.3333333333333333,0.3733729466047685,0.2222222222222222,2.0425193065095,0.7642937305971408,2.6568538298417184,0.7265508303207389,2.8024019383170353,0.0697562805535702,0,0.2714752873596911,27.15,False,True,False
ANNA,2026-03-24 00:00:00,2026-03-24 09:52:00,2026-03-24 09:43:00,12893492.0,0.6317665991070773,0.388888888888891,0.6666666666666666,0.4453689146060885,0.217391304347826,1.8736461449663728,0.5189511349808135,1.9334739120686375,0.4944260340837996,0.9476484771879002,0.1094213573167168,0,0.5070794130171723,50.71,True,True,True
FUSE,2026-04-13 00:00:00,2026-04-13 10:58:00,2026-04-13 10:56:00,5781837.0,0.8587724930933902,0.2000000000000035,0.3636363636363636,0.3558845411399264,0.146067415730337,0.8810045875473832,0.749321096914821,2.691876711066876,0.7333338143269399,2.3616178615577037,0.0611247709296274,0,0.2756033251553625,27.56,False,True,False
UCAR,2026-04-10 00:00:00,2026-04-10 11:10:00,2026-04-10 11:03:00,7244563.0,0.8784522593926399,0.5555555555555545,0.4423076923076923,0.8134976741561077,0.1584158415841584,0.0110819304174786,0.7583220358859541,1.0926740474543368,0.7392915054294494,1.9860614875313012,0.3970104832628272,0,0.2684628835799169,26.85,False,True,False
BIYA,2026-02-20 00:00:00,2026-02-20 10:49:00,2026-02-20 10:26:00,386425.0,0.5597297325037092,0.6521739130434783,0.65,1.2604397792569844,0.125,0.3379633791121368,0.497537540003297,0.7933732520059282,0.4897635159407455,0.8611213405882593,0.4601123611829648,0,0.24151282243631841,24.15,False,True,False
