row_index,success_score,is_tagged,reasons
0,0,False,
1,0,False,
2,0,False,
3,0,False,
4,0,False,
5,0,False,
6,0,False,
7,0,False,
8,0,False,
9,0,False,
10,0,False,
11,0,False,
12,0,False,
13,0,False,
14,0,False,
15,0,False,
16,0,False,
17,0,False,
18,0,False,
19,0,False,
20,0,False,
21,0,False,
22,0,False,
23,0,False,
24,0,False,
25,0,False,
26,2,True,broad_reset_buyer_volume_confirmation|broad_reset_efficiency_reclaim
27,0,False,
28,0,False,
29,0,False,
30,0,False,
31,0,False,
32,0,False,
33,0,False,
34,0,False,
35,0,False,
36,0,False,
37,0,False,
38,0,False,
39,0,False,
40,0,False,
41,0,False,
42,0,False,
43,0,False,
44,0,False,
45,0,False,
46,0,False,
47,0,False,
48,0,False,
49,0,False,
50,0,False,
51,0,False,
52,0,False,
53,0,False,
54,0,False,
55,1,True,supported_low_float_volume_ownership
56,0,False,
57,0,False,
58,0,False,
59,0,False,
60,0,False,
61,0,False,
62,1,True,supported_low_float_volume_ownership
63,0,False,
64,0,False,
65,0,False,
66,0,False,
67,0,False,
68,0,False,
69,0,False,
70,0,False,
71,0,False,
72,0,False,
73,0,False,
74,0,False,
75,0,False,
76,0,False,
77,0,False,
78,0,False,
79,0,False,
80,0,False,
81,0,False,
82,0,False,
83,0,False,
84,1,True,fresh_early_reclaim
85,0,False,
86,0,False,
87,0,False,
88,0,False,
89,1,True,supported_low_float_volume_ownership
90,0,False,
91,1,True,supported_body_expansion_from_day_structure
92,1,True,controlled_weak_body_reclaim
93,0,False,
94,0,False,
95,0,False,
96,0,False,
97,0,False,
98,0,False,
99,0,False,
100,0,False,
101,0,False,
102,0,False,
103,0,False,
104,1,True,supported_low_float_volume_ownership
105,0,False,
106,0,False,
107,0,False,
108,0,False,
109,0,False,
110,0,False,
111,0,False,
112,0,False,
113,0,False,
114,0,False,
115,0,False,
116,0,False,
117,0,False,
118,0,False,
119,0,False,
120,0,False,
121,0,False,
122,0,False,
123,0,False,
124,0,False,
125,0,False,
126,0,False,
127,0,False,
128,0,False,
129,0,False,
130,2,True,clean_high_breakout_continuation|daily_ema_expansion_breakout
131,0,False,
132,0,False,
133,0,False,
134,0,False,
135,0,False,
136,0,False,
137,0,False,
138,0,False,
139,0,False,
140,0,False,
141,0,False,
142,0,False,
143,0,False,
144,0,False,
145,0,False,
146,0,False,
147,0,False,
148,0,False,
149,0,False,
150,0,False,
151,0,False,
152,0,False,
153,0,False,
154,0,False,
155,0,False,
156,0,False,
157,0,False,
158,0,False,
159,0,False,
160,0,False,
161,1,True,supported_low_float_volume_ownership
162,0,False,
163,0,False,
164,0,False,
165,1,True,controlled_weak_body_reclaim
166,0,False,
167,0,False,
168,0,False,
169,0,False,
170,0,False,
171,0,False,
172,0,False,
173,0,False,
174,0,False,
175,0,False,
176,0,False,
177,0,False,
178,1,True,fresh_supported_reclaim_before_macd_stale
179,0,False,
180,0,False,
181,0,False,
182,0,False,
183,0,False,
184,0,False,
185,0,False,
186,0,False,
187,0,False,
188,0,False,
189,0,False,
190,0,False,
191,0,False,
192,0,False,
193,0,False,
194,0,False,
195,0,False,
196,0,False,
197,0,False,
198,0,False,
199,0,False,
200,0,False,
201,0,False,
202,1,True,supported_ema_histogram_reclaim
203,0,False,
204,0,False,
205,0,False,
206,0,False,
207,1,True,fresh_early_reclaim
208,0,False,
209,0,False,
210,1,True,fresh_supported_reclaim_before_macd_stale
211,0,False,
212,0,False,
213,0,False,
214,0,False,
215,1,True,controlled_non_chase_close_strength
216,0,False,
217,0,False,
218,0,False,
219,0,False,
220,0,False,
221,0,False,
222,0,False,
223,0,False,
224,0,False,
225,0,False,
226,0,False,
227,0,False,
228,0,False,
229,0,False,
230,0,False,
231,0,False,
232,0,False,
233,0,False,
234,0,False,
235,0,False,
236,2,True,real_reset_with_volume_confirmation|broad_reset_buyer_volume_confirmation
237,0,False,
238,0,False,
239,0,False,
240,0,False,
241,0,False,
242,0,False,
243,0,False,
244,0,False,
245,0,False,
246,0,False,
247,0,False,
248,0,False,
249,0,False,
250,2,True,fresh_early_reclaim|fresh_supported_reclaim_before_macd_stale
251,0,False,
252,0,False,
253,0,False,
254,0,False,
255,0,False,
256,0,False,
257,0,False,
258,0,False,
259,0,False,
260,0,False,
261,0,False,
262,0,False,
263,0,False,
264,0,False,
265,0,False,
266,0,False,
267,0,False,
268,0,False,
269,0,False,
270,0,False,
271,1,True,supported_body_expansion_from_day_structure
272,0,False,
273,0,False,
274,1,True,controlled_non_chase_close_strength
275,0,False,
276,0,False,
277,1,True,supported_low_float_volume_ownership
278,0,False,
279,0,False,
280,0,False,
281,1,True,supported_body_expansion_from_day_structure
282,0,False,
283,0,False,
284,0,False,
285,0,False,
286,0,False,
287,1,True,supported_explosive_body
288,0,False,
289,0,False,
290,0,False,
291,1,True,supported_body_expansion_from_day_structure
292,0,False,
293,0,False,
294,0,False,
295,0,False,
296,0,False,
297,0,False,
298,0,False,
299,0,False,
300,0,False,
301,0,False,
302,1,True,premarket_supported_controlled_extension
303,0,False,
304,0,False,
305,1,True,broad_reset_buyer_volume_confirmation
306,0,False,
307,0,False,
308,0,False,
309,0,False,
310,1,True,refined_broad_supported_base_reclaim
311,0,False,
312,2,True,broad_reset_buyer_volume_confirmation|refined_broad_supported_base_reclaim
313,0,False,
314,1,True,snap_close_strength_low_extension
315,0,False,
316,0,False,
317,0,False,
318,0,False,
319,0,False,
320,0,False,
321,0,False,
322,0,False,
323,0,False,
324,0,False,
325,0,False,
326,0,False,
327,0,False,
328,0,False,
329,0,False,
330,0,False,
331,0,False,
332,0,False,
333,0,False,
334,0,False,
335,0,False,
336,0,False,
337,0,False,
338,1,True,fresh_supported_reclaim_before_macd_stale
339,0,False,
340,0,False,
341,1,True,broad_reset_buyer_volume_confirmation
342,0,False,
343,0,False,
344,0,False,
345,0,False,
346,0,False,
347,0,False,
348,0,False,
349,0,False,
350,0,False,
351,0,False,
352,0,False,
353,0,False,
354,0,False,
355,0,False,
356,0,False,
357,0,False,
358,0,False,
359,0,False,
360,0,False,
361,0,False,
362,0,False,
363,0,False,
364,1,True,fresh_supported_volume_reclaim_no_chase
365,0,False,
366,1,True,strong_pullback_volume_reclaim
367,0,False,
368,0,False,
369,0,False,
370,0,False,
371,0,False,
372,0,False,
373,0,False,
374,0,False,
375,0,False,
376,0,False,
377,0,False,
378,0,False,
379,0,False,
380,0,False,
381,0,False,
382,0,False,
383,1,True,broad_reset_buyer_volume_confirmation
384,0,False,
385,0,False,
386,0,False,
387,0,False,
388,0,False,
389,0,False,
390,0,False,
391,0,False,
392,1,True,controlled_weak_body_reclaim
393,0,False,
394,2,True,broad_reset_buyer_volume_confirmation|broad_reset_efficiency_reclaim
395,0,False,
396,0,False,
397,0,False,
398,0,False,
399,0,False,
400,0,False,
401,0,False,
402,0,False,
403,0,False,
404,0,False,
405,0,False,
406,0,False,
407,0,False,
408,0,False,
409,0,False,
410,0,False,
411,0,False,
412,0,False,
413,0,False,
414,0,False,
415,0,False,
416,0,False,
417,0,False,
418,0,False,
419,0,False,
420,0,False,
421,0,False,
422,0,False,
423,0,False,
424,0,False,
425,0,False,
426,0,False,
427,0,False,
428,0,False,
429,0,False,
430,0,False,
431,0,False,
432,0,False,
433,0,False,
434,0,False,
435,0,False,
436,0,False,
437,0,False,
438,3,True,real_reset_with_volume_confirmation|broad_reset_buyer_volume_confirmation|broad_reset_efficiency_reclaim
439,2,True,fresh_early_reclaim|mature_reset_efficiency_reclaim
440,4,True,clean_high_breakout_continuation|daily_ema_expansion_breakout|mature_reset_efficiency_reclaim|broad_reset_efficiency_reclaim
441,0,False,
442,0,False,
443,0,False,
444,0,False,
445,0,False,
446,0,False,
447,0,False,
448,0,False,
449,1,True,broad_reset_efficiency_reclaim
450,0,False,
451,0,False,
452,0,False,
453,0,False,
454,0,False,
455,0,False,
456,0,False,
457,0,False,
458,0,False,
459,0,False,
460,0,False,
461,0,False,
462,0,False,
463,0,False,
464,0,False,
465,0,False,
466,0,False,
467,0,False,
468,0,False,
469,0,False,
470,0,False,
471,0,False,
472,0,False,
473,0,False,
474,0,False,
475,0,False,
476,0,False,
477,0,False,
478,0,False,
479,0,False,
480,0,False,
481,0,False,
482,0,False,
483,0,False,
484,0,False,
485,0,False,
486,0,False,
487,0,False,
488,0,False,
489,0,False,
490,0,False,
491,0,False,
492,0,False,
493,0,False,
494,0,False,
495,0,False,
496,0,False,
497,0,False,
498,0,False,
499,0,False,
500,0,False,
501,1,True,supported_body_expansion_from_day_structure
502,0,False,
503,0,False,
504,0,False,
505,0,False,
506,0,False,
507,0,False,
508,0,False,
509,0,False,
510,0,False,
511,0,False,
512,0,False,
513,0,False,
514,0,False,
515,0,False,
516,1,True,snap_close_strength_low_extension
517,0,False,
518,0,False,
519,0,False,
520,0,False,
521,0,False,
522,0,False,
523,0,False,
524,0,False,
525,0,False,
526,0,False,
527,0,False,
528,0,False,
529,0,False,
530,0,False,
531,0,False,
532,0,False,
533,0,False,
534,0,False,
535,1,True,supported_body_expansion_from_day_structure
536,0,False,
537,1,True,broad_reset_efficiency_reclaim
538,3,True,fresh_early_reclaim|supported_explosive_body|fresh_supported_reclaim_before_macd_stale
539,0,False,
540,0,False,
541,0,False,
542,0,False,
543,0,False,
544,0,False,
545,0,False,
546,0,False,
547,0,False,
548,0,False,
549,0,False,
550,0,False,
551,0,False,
552,0,False,
553,2,True,supported_explosive_body|supported_day_volume_rotation
554,0,False,
555,0,False,
556,1,True,strong_pullback_volume_reclaim
557,0,False,
558,0,False,
559,0,False,
560,1,True,controlled_non_chase_close_strength
561,0,False,
562,0,False,
563,0,False,
564,0,False,
565,0,False,
566,0,False,
567,0,False,
568,0,False,
569,0,False,
570,0,False,
571,0,False,
572,0,False,
573,0,False,
574,0,False,
575,0,False,
576,0,False,
577,0,False,
578,1,True,supported_low_float_volume_ownership
579,0,False,
580,0,False,
581,0,False,
582,0,False,
583,0,False,
584,0,False,
585,1,True,controlled_weak_body_reclaim
586,0,False,
587,0,False,
588,0,False,
589,0,False,
590,0,False,
591,0,False,
592,0,False,
593,1,True,supported_low_float_volume_ownership
594,0,False,
595,0,False,
596,0,False,
597,0,False,
598,0,False,
599,0,False,
600,0,False,
601,0,False,
602,0,False,
603,0,False,
604,0,False,
605,0,False,
606,0,False,
607,0,False,
608,0,False,
609,0,False,
610,1,True,broad_reset_efficiency_reclaim
611,0,False,
612,0,False,
613,0,False,
614,0,False,
615,0,False,
616,0,False,
617,0,False,
618,0,False,
619,0,False,
620,1,True,fresh_supported_volume_reclaim_no_chase
621,0,False,
622,0,False,
623,0,False,
624,0,False,
625,0,False,
626,0,False,
627,0,False,
628,0,False,
629,0,False,
630,0,False,
631,0,False,
632,0,False,
633,0,False,
634,0,False,
635,0,False,
636,0,False,
637,0,False,
638,0,False,
639,1,True,supported_explosive_body
640,0,False,
641,0,False,
642,0,False,
643,1,True,supported_body_expansion_from_day_structure
644,1,True,broad_reset_efficiency_reclaim
645,0,False,
646,0,False,
647,0,False,
648,0,False,
649,0,False,
650,0,False,
651,0,False,
652,0,False,
653,0,False,
654,0,False,
655,1,True,fresh_supported_volume_reclaim_no_chase
656,0,False,
657,0,False,
658,0,False,
659,0,False,
660,0,False,
661,0,False,
662,0,False,
663,0,False,
664,0,False,
665,0,False,
666,0,False,
667,0,False,
668,0,False,
669,1,True,snap_close_strength_low_extension
670,0,False,
671,0,False,
672,0,False,
673,0,False,
674,0,False,
675,0,False,
676,0,False,
677,0,False,
678,0,False,
679,0,False,
680,0,False,
681,1,True,supported_explosive_body
682,0,False,
683,0,False,
684,0,False,
685,0,False,
686,0,False,
687,0,False,
688,0,False,
689,2,True,clean_high_breakout_continuation|daily_ema_expansion_breakout
690,0,False,
691,0,False,
692,0,False,
693,0,False,
694,0,False,
695,0,False,
696,0,False,
697,0,False,
698,0,False,
699,0,False,
700,0,False,
701,0,False,
702,0,False,
703,0,False,
704,1,True,supported_explosive_body
705,0,False,
706,0,False,
707,0,False,
708,0,False,
709,0,False,
710,0,False,
711,0,False,
712,0,False,
713,0,False,
714,0,False,
715,0,False,
716,0,False,
717,0,False,
718,0,False,
719,0,False,
720,0,False,
721,0,False,
722,0,False,
723,0,False,
724,0,False,
725,0,False,
726,0,False,
727,0,False,
728,0,False,
729,1,True,supported_low_float_volume_ownership
730,0,False,
731,1,True,refined_broad_supported_base_reclaim
732,0,False,
733,1,True,fresh_supported_reclaim_before_macd_stale
734,0,False,
735,0,False,
736,1,True,strong_pullback_volume_reclaim
737,0,False,
738,1,True,snap_close_strength_low_extension
739,0,False,
740,0,False,
741,0,False,
742,0,False,
743,0,False,
744,0,False,
745,0,False,
746,0,False,
747,0,False,
748,1,True,controlled_weak_body_reclaim
749,0,False,
750,0,False,
751,0,False,
752,0,False,
753,1,True,controlled_weak_body_reclaim
754,0,False,
755,0,False,
756,0,False,
757,0,False,
758,0,False,
759,0,False,
760,0,False,
761,0,False,
762,0,False,
763,1,True,broad_reset_efficiency_reclaim
764,1,True,supported_low_float_volume_ownership
765,0,False,
766,0,False,
767,0,False,
768,1,True,refined_broad_supported_base_reclaim
769,0,False,
770,0,False,
771,0,False,
772,0,False,
773,0,False,
774,0,False,
775,0,False,
776,0,False,
777,0,False,
778,0,False,
779,0,False,
780,0,False,
781,0,False,
782,0,False,
783,0,False,
784,0,False,
785,0,False,
786,0,False,
787,0,False,
788,0,False,
789,0,False,
790,1,True,snap_close_strength_low_extension
791,0,False,
792,0,False,
793,0,False,
794,0,False,
795,1,True,broad_reset_efficiency_reclaim
796,0,False,
797,1,True,strong_pullback_volume_reclaim
798,1,True,supported_explosive_body
799,0,False,
800,0,False,
801,0,False,
802,0,False,
803,0,False,
804,0,False,
805,0,False,
806,4,True,fresh_early_reclaim|controlled_weak_body_reclaim|fresh_supported_reclaim_before_macd_stale|fresh_supported_volume_reclaim_no_chase
807,0,False,
808,0,False,
809,0,False,
810,0,False,
811,0,False,
812,0,False,
813,1,True,strong_pullback_volume_reclaim
814,0,False,
815,0,False,
816,0,False,
817,0,False,
818,0,False,
819,0,False,
820,0,False,
821,0,False,
822,0,False,
823,0,False,
824,0,False,
825,0,False,
826,0,False,
827,0,False,
828,0,False,
829,0,False,
830,0,False,
831,0,False,
832,0,False,
833,0,False,
834,0,False,
835,0,False,
836,0,False,
837,0,False,
838,0,False,
839,0,False,
840,0,False,
841,1,True,strong_pullback_volume_reclaim
842,0,False,
843,0,False,
844,0,False,
845,0,False,
846,0,False,
847,0,False,
848,0,False,
849,0,False,
850,0,False,
851,0,False,
852,0,False,
853,0,False,
854,0,False,
855,0,False,
856,0,False,
857,1,True,broad_reset_efficiency_reclaim
858,0,False,
859,0,False,
860,0,False,
861,0,False,
862,0,False,
863,0,False,
864,0,False,
865,0,False,
866,0,False,
867,0,False,
868,0,False,
869,0,False,
870,0,False,
871,0,False,
